length,diameter,height,whole_weight,shucked_weight,viscera_weight,shell_weight,rings
-0.5744893526150657,-0.4320970609846832,-1.064296724191167,-0.6418213861720659,-0.6076126183024225,-0.7261246385753897,-0.6381404880617793,15
-1.4488123893167053,-1.4397566225697094,-1.1838365724513114,-1.2301298296211443,-1.1707696701637755,-1.205076963438476,-1.2128421103401843,7
0.05002710217181954,0.12211569788708126,-0.10797793811001244,-0.3094322136167805,-0.46344441302591616,-0.3566471308238664,-0.20711427135297547,9
-0.6993926435724429,-0.4320970609846832,-0.3470576346303012,-0.6377429914167863,-0.64815992603644,-0.6075269200378637,-0.602221636669379,10
-1.6153501105932075,-1.5405225787282122,-1.4229162689715997,-1.27193337586276,-1.2158222343126839,-1.2871830762721475,-1.3205986645173855,7
-0.82429593452982,-1.0870757760149505,-1.064296724191167,-0.9731909600385312,-0.9838015289458064,-0.940512822085533,-0.8536535964161812,8
0.05002710217181954,0.07173271980782989,0.25064160667042007,-0.10449287716398215,-0.5512969131162873,-0.3566471308238664,0.6549381620646324,20
0.17493039312919667,0.17249867596633262,-0.3470576346303012,-0.12386525225156002,-0.29449729746751035,-0.28366391941615804,0.15207424257102786,16
-0.4079516313385633,-0.38171408290543185,-0.3470576346303012,-0.650997774371445,-0.6436546696215492,-0.621211272176809,-0.5303839338845783,9
0.2165648234483224,0.3236476102040867,0.25064160667042007,0.1340932160198729,-0.2021395409622484,-0.2699795672772127,0.5831004592798317,19
0.008392671852693824,-0.2809481267469291,0.011561910150131954,-0.45319562874038555,-0.7450229389565927,-0.3019097222680851,-0.20711427135297547,14
-0.7826615042106942,-0.5832459952224374,-0.705677179410734,-0.8620547029571628,-0.8644122339511995,-0.9085826670946606,-0.7458970422389801,10
-0.2830483403811862,-0.2809481267469291,-0.10797793811001244,-0.5857434582869717,-0.6391494132066583,-0.780862047131171,-0.3507896769225767,11
0.09166153249094526,-0.029033236350672283,0.1311017584102757,-0.29413823328448224,-0.3913603103876629,-0.08752153875794168,-0.2430331227453758,10
-0.44958606165768905,-0.532863017143186,-0.9447568759310225,-0.7203304852111977,-0.8644122339511995,-0.9131441178076424,-0.38670852831497704,10
-0.19977947974293475,-0.07941621442992365,-0.22751778637015682,-0.33492218083727804,-0.4566865284035799,-0.43419179294455634,0.008398837001426452,12
-1.4071779589975795,-1.2886076883319553,-1.3033764207114553,-1.0975820000745582,-1.191043324030784,-1.2871830762721475,-0.8895724478085815,7
-0.6993926435724429,-0.6840119513809395,-0.9447568759310225,-0.7702908209633724,-0.7720544774459376,-0.8538452585388794,-0.7818158936313805,10
-1.323909098359328,-1.1374587540942018,-1.4229162689715997,-1.1689539082919507,-1.1820328112010023,-1.2552529212812753,-0.9973290019857824,7
-0.6161237829341915,-0.885543863697945,-0.9447568759310225,-0.9130346373981575,-0.8508964647065269,-0.9633200756504419,-0.8895724478085815,9
-1.4071779589975795,-1.2886076883319553,-1.064296724191167,-1.1893458820683485,-1.188790695823339,-1.0819177941879679,-1.1769232589477843,11
-1.199005807401951,-1.3389906664112068,-0.9447568759310225,-1.2301298296211443,-1.2586221702541465,-1.200515512725494,-1.1050855561629835,10
0.34146811440569863,0.3236476102040867,0.3701814549305645,0.22585709801366335,0.3069544339204146,0.3047632225584905,0.22391194535582856,12
0.2165648234483224,0.07173271980782989,-0.10797793811001244,-0.1330416404509392,-0.1863711435101305,0.2682716168546363,-0.27895197413777595,9
0.7578124175969557,0.7267114348380971,0.6092611514508532,0.678558915849696,0.6921538573935802,1.0984556466173185,0.47534390510263064,10
0.29983368408657385,0.3236476102040867,0.011561910150131954,0.20342592685962568,0.10421789525032764,0.06756778548343842,0.4394250537102303,11
0.46637140536307575,0.4244135663625895,1.0874205444914302,0.3400521511614915,0.15828097222901757,0.8338915052643762,0.33166849953302924,11
0.5496402660013272,0.3740305882833381,0.011561910150131954,0.20852392030372527,-0.0151713997442793,0.4872212510777615,0.29574964814062926,12
0.6745435569587044,0.6763284567588458,0.9678806962312858,0.219739505880744,0.15602834402157215,0.3503777296883082,0.40350620231782997,15
0.42473697504395,0.17249867596633262,0.011561910150131954,0.07087809731303966,0.15152308760668132,0.42336094109601663,-0.27895197413777595,11
0.46637140536307575,0.6259454786795944,0.6092611514508532,0.3441305459167711,0.15377571581412675,0.5602044624854696,0.6549381620646324,10
1.29906001174559,1.532839084106119,0.6092611514508532,1.652275663672694,1.1088900757709814,0.9114361673850664,1.5888282982670408,15
1.1741567207882129,1.1801582375513595,0.6092611514508532,1.0384772530031186,0.8656062293668768,1.6138995771842588,0.7986135676342334,18
1.29906001174559,1.4320731279476162,0.8483408479711414,1.9765080467174203,2.0527412946906085,1.933201127092983,1.5529094468746405,19
1.5072321633412178,1.4320731279476162,1.4460400892718634,1.7960390787962992,1.232784627180479,2.10653625418629,1.8043414066214427,13
-0.4912204919768143,-0.532863017143186,-0.8252170276708785,-0.7121736957006386,-0.5963494772651955,-0.5162979057782283,-0.8177347450237809,8
0.13329596281007097,0.6763284567588458,0.3701814549305645,0.7917343703087043,0.7709958446541694,1.1577545058860816,0.7267758648494331,16
-0.6161237829341915,-0.532863017143186,-0.8252170276708785,-0.6244882084621277,-0.5512969131162873,-0.5847196664729548,-0.6740593394541796,8
0.42473697504395,0.3740305882833381,-0.10797793811001244,0.11064244617701544,0.0974600106279914,0.2089727575858732,0.15207424257102786,11
-1.4071779589975795,-1.1878417321734531,-1.1838365724513114,-1.0221316971018861,-1.015338323850042,-0.862968159964843,-1.069166704770583,9
-0.6161237829341915,-0.7343949294601909,-0.8252170276708785,-0.8233099527820069,-0.7788123620682739,-0.8173536528350253,-0.8895724478085815,9
0.2165648234483224,0.17249867596633262,-0.10797793811001244,0.046407728781362206,0.011860138745065666,0.14055099689114683,0.22391194535582856,14
-2.36476985633747,-2.3466502279962334,-2.25969520679261,-1.547225021844131,-1.4771271063763514,-1.4331494990875644,-1.5720306242641877,5
-2.65621086857135,-2.5985651183924903,-2.0206155102723216,-1.604322548418045,-1.5041586448656963,-1.5106941612082543,-1.6295007864920281,5
-2.6145764382522243,-2.5985651183924903,-2.1401553585324655,-1.604322548418045,-1.540200696184823,-1.5335014147731632,-1.607949475656588,4
-1.1157369467636995,-1.1374587540942018,-1.064296724191167,-1.2760117706180394,-1.2248327471424656,-1.2370071184293483,-1.1769232589477843,7
-0.44958606165768905,-0.38171408290543185,-0.4665974828904456,-0.5082539579366598,-0.2990025538824012,0.42336094109601663,-0.7099781908465798,9
-0.53285492229594,-0.3313311048261805,-0.4665974828904456,-0.7509184458757944,-0.8193596698022912,-0.6440185257417179,-0.6381404880617793,7
-1.6569845409123334,-1.641288534886715,-1.6619959654918883,-1.3616580604789106,-1.2788958241211552,-1.4149036962356372,-1.392436367302186,6
0.008392671852693824,0.17249867596633262,0.4897213031907089,0.01378057073912559,-0.021929284366615544,0.3002017718455087,0.044317688393826805,9
-0.03324175846643189,0.021349741728578526,-0.4665974828904456,-0.4766463985832432,-0.5445390284939511,-0.6348956243157543,-0.3507896769225767,8
-1.032468086125448,-0.885543863697945,-1.064296724191167,-1.072092032854061,-1.0175909520574875,-1.100163597039895,-0.9973290019857824,7
-0.3246827707003119,-0.4824800390639346,-0.22751778637015682,-0.5857434582869717,-0.4499286437812437,-0.7717391457052074,-0.5663027852769786,10
-0.44958606165768905,-0.4824800390639346,-0.4665974828904456,-0.7162520904559181,-0.6706862081108941,-0.6850715821585539,-0.6381404880617793,10
-0.9908336558063224,-0.9863098198564477,-0.9447568759310225,-0.9048778478875983,-0.8396333236693,-0.8127922021220434,-0.9254912992009817,7
-0.19977947974293475,-0.07941621442992365,0.011561910150131954,-0.3410397729701974,-0.46344441302591616,-0.046468482341105954,-0.13527656856817477,8
-0.6577582132533172,-0.5832459952224374,-0.4665974828904456,-0.7876239986733106,-0.7540334517863743,-0.7763005964181893,-0.7458970422389801,8
-0.44958606165768905,-0.23056514866767774,-0.10797793811001244,-0.48786198416026194,-0.37333928472809963,-0.5527895114820826,-0.4944650824921779,8
-2.3231354260183443,-2.1955012937584795,-1.901075662012177,-1.5145978638018947,-1.429821914019998,-1.5198170626342178,-1.5361117728717872,4
-0.15814504942380903,-0.07941621442992365,-0.3470576346303012,-0.5011167671149207,-0.5107496053822699,-0.461560497222447,-0.4585462310997777,7
-0.6161237829341915,-0.6336289733016887,-0.8252170276708785,-0.8508391173801441,-0.8080965287650642,-0.621211272176809,-0.7458970422389801,7
-0.15814504942380903,-0.029033236350672283,-0.705677179410734,-0.41547047725404956,-0.24493947690371126,-0.18787345444354073,-0.4585462310997777,9
0.05002710217181954,0.021349741728578526,-0.22751778637015682,-0.2696678647528048,-0.2584552461483837,0.11774374332623795,-0.27895197413777595,10
-0.82429593452982,-0.8351608856186936,-1.064296724191167,-0.9181326308422569,-0.8508964647065269,-0.9177055685206241,-0.9973290019857824,7
-0.03324175846643189,-0.07941621442992365,-0.4665974828904456,-0.50723435924784,-0.5648126823609596,-0.44787614508350165,-0.38670852831497704,8
-0.4079516313385633,-0.532863017143186,-0.4665974828904456,-0.7111540970118186,-0.5648126823609596,-0.7215631878624079,-0.7458970422389801,8
0.34146811440569863,0.3236476102040867,0.4897213031907089,0.17589676226148865,-0.024181912574060955,0.11774374332623795,0.5831004592798317,12
0.5912746963204529,0.8778603690758512,1.0874205444914302,0.9303997919882095,0.25514398514917014,0.395992236818126,1.7684225552290422,13
-0.4079516313385633,-0.1801821705884264,-0.4665974828904456,-0.6081746294410094,-0.6571704388662216,-0.5938425678989183,-0.4944650824921779,10
-1.7818878318697104,-1.7420544910452176,-1.6619959654918883,-1.3820500342553084,-1.3352115293072906,-1.278060174846184,-1.392436367302186,6
0.2581992537674481,0.17249867596633262,-0.22751778637015682,-0.12692404831801982,-0.42965498991423495,-0.11489024303583233,0.2598307967482289,13
-1.032468086125448,-0.885543863697945,-0.705677179410734,-0.9701321639720716,-0.9860541571532516,-0.7489318921402985,-0.9973290019857824,8
0.5912746963204529,0.6763284567588458,0.7288009997109977,0.852910291637898,0.5434803957021829,0.4051151382440895,1.3373963385202383,20
0.38310254472482436,0.7267114348380971,0.8483408479711414,0.7264800542242311,0.5164488572128378,0.7335395895787771,1.0141266759886356,11
0.6745435569587044,0.4244135663625895,1.326500241011719,0.5490698823695698,0.5479856521170736,0.9935422802187378,0.5471816078874313,13
0.6329091266395787,0.6763284567588458,0.25064160667042007,0.36452251969316896,0.37453328014377707,0.36862353254023533,0.29574964814062926,15
0.5912746963204529,0.6763284567588458,0.011561910150131954,0.2350334862130423,0.01411276695251108,0.07669068690940198,0.5471816078874313,9
0.6329091266395787,0.6259454786795944,0.25064160667042007,0.19017114390496717,0.016365395159956494,0.12230519403921973,0.47534390510263064,10
0.2581992537674481,0.17249867596633262,0.011561910150131954,-0.08308130469876425,-0.3485603744462003,-0.1924349051565225,0.33166849953302924,11
0.7578124175969557,0.6763284567588458,0.7288009997109977,0.5582462705689487,0.49617520334582915,0.5009056032167065,0.762694716241833,14
0.42473697504395,0.3740305882833381,0.011561910150131954,0.22891589408012294,0.11322840808010928,0.6514334767451051,0.33166849953302924,9
0.7994468479160814,1.0290093033136054,0.8483408479711414,1.6033349266093393,0.6808907163563528,0.10405939118729263,3.133338908140255,12
-0.03324175846643189,0.17249867596633262,0.6092611514508532,0.325777769518013,0.1650388568513538,0.4051151382440895,0.5831004592798317,16
0.5912746963204529,0.6763284567588458,0.4897213031907089,0.9966737067615025,0.21910193383004348,0.4872212510777615,2.450880731684648,21
0.46637140536307575,0.4244135663625895,0.011561910150131954,0.3757381052701875,0.09295475421310057,0.3230090254104176,0.8704512704190341,14
0.38310254472482436,0.5755625006003435,0.9678806962312858,0.9507917657646073,-0.09176075879742313,0.38230788467918064,1.4451528926974393,12
0.8410812782352072,0.5755625006003435,0.011561910150131954,0.746872028000629,0.5547435367394099,0.22265710972481853,1.157802081558237,13
0.29983368408657385,0.3236476102040867,0.4897213031907089,0.07291729469067945,-0.13005543832399516,0.2454643632897274,0.15207424257102786,10
-0.53285492229594,-0.532863017143186,-0.22751778637015682,-0.6357037940391465,-0.6256336439619858,-0.6075269200378637,-0.5303839338845783,9
0.42473697504395,0.4244135663625895,0.4897213031907089,0.3033465983639753,-0.20664479737713923,0.45985254679987086,0.6549381620646324,12
0.34146811440569863,0.17249867596633262,-0.10797793811001244,-0.03516016632422934,-0.08275024596764147,-0.1194516937488141,0.11615539117862751,15
0.2581992537674481,0.3236476102040867,0.25064160667042007,-0.15037481816087728,-0.2359289640739296,-0.25629521513826736,0.15207424257102786,12
0.5912746963204529,0.5755625006003435,0.8483408479711414,0.5837362377894459,0.18981776713325335,0.6696792795970322,1.0859643787734363,13
0.8410812782352072,0.8778603690758512,0.6092611514508532,0.8834982523024946,0.6651223189042352,1.253544970858699,1.0859643787734363,10
1.4239633027029663,1.532839084106119,1.2069603927515746,1.356592043914925,1.0300480885103918,1.477056055794806,1.7684225552290422,15
1.1741567207882129,1.280924193709862,1.326500241011719,1.5849821502105814,0.9737323833242566,1.892148070676147,1.7325037038366418,14
0.09166153249094526,0.27326463212483537,0.25064160667042007,-0.21155073949007092,-0.40712870783978083,-0.3840158351017568,0.08023653978622716,9
-0.44958606165768905,-0.3313311048261805,-0.22751778637015682,-0.6234686097733078,-0.6549178106587762,-0.4433146943705199,-0.6740593394541796,8
-0.44958606165768905,-0.38171408290543185,-0.22751778637015682,-0.6244882084621277,-0.7134861440523569,-0.43419179294455634,-0.5303839338845783,7
-0.4079516313385633,-0.3313311048261805,-0.3470576346303012,-0.5102931553142996,-0.3688340283132088,-0.8720910613908064,-0.602221636669379,10
-1.3655435286784539,-1.4397566225697094,-1.064296724191167,-1.2178946453553054,-1.1459907598818762,-1.2278842170033848,-1.1769232589477843,7
0.2165648234483224,0.27326463212483537,0.1311017584102757,0.029074551071423888,-0.14131857936122222,0.09949794047431085,0.11615539117862751,15
0.05002710217181954,0.27326463212483537,0.4897213031907089,0.11064244617701544,-0.19538165633991217,-0.15138184873968655,0.6908570134570328,15
0.05002710217181954,0.07173271980782989,0.011561910150131954,-0.21358993686771072,-0.22016056662181172,-0.1194516937488141,-0.2430331227453758,10
0.6745435569587044,0.6259454786795944,0.4897213031907089,0.7030292843813735,0.6223223829627723,0.5465201103465244,0.762694716241833,12
-0.03324175846643189,0.021349741728578526,0.3701814549305645,-0.20747234473479134,-0.30801306671218287,0.026514729066602447,-0.0275200143909739,12
0.17493039312919667,0.222881654045584,0.6092611514508532,-0.05453254141180721,-0.2967499256749558,0.02195327835362067,0.29574964814062926,11
-0.19977947974293475,-0.07941621442992365,-0.3470576346303012,-0.32880458870435864,-0.4431707591589074,-0.44787614508350165,-0.13527656856817477,10
-0.11651061910468331,-0.1801821705884264,-0.10797793811001244,-0.3981372995441115,-0.5783284516056322,-0.014538327350233532,-0.27895197413777595,9
-0.7410270738915685,-0.12979919250917502,-0.8252170276708785,-0.9487205915068538,-1.0063278110202605,-0.7534933428532804,-0.7818158936313805,9
-0.24141391006206045,-0.12979919250917502,-0.3470576346303012,-0.5857434582869717,-0.5490442849088419,-0.42050744080561103,-0.602221636669379,9
-0.4912204919768143,-0.4824800390639346,-0.8252170276708785,-0.8110747685161682,-0.8441385800841908,-0.6713872300196085,-0.4585462310997777,9
-0.7410270738915685,-0.885543863697945,-1.4229162689715997,-1.0119357102136872,-0.9500121058341252,-1.0682334420490227,-0.9614101505933821,9
-0.82429593452982,-0.5832459952224374,-0.8252170276708785,-0.88856426886648,-1.0333593495096054,-1.0727948927620043,-0.5303839338845783,9
0.17493039312919667,0.021349741728578526,-0.3470576346303012,-0.27578545688572415,-0.27872890001539247,-0.31559407440703047,-0.20711427135297547,11
0.05002710217181954,0.07173271980782989,-0.5861373311505896,-0.48378358940498234,-0.5693179387758505,-0.20155780658248607,-0.4226273797073774,11
-0.2830483403811862,-0.3313311048261805,-0.10797793811001244,-0.4409604444745468,-0.46794966944080696,-0.7170017371494263,-0.13527656856817477,11
-0.6993926435724429,-0.6840119513809395,-0.8252170276708785,-0.8702114924677219,-1.0311067213021599,-0.7763005964181893,-0.5303839338845783,10
0.29983368408657385,0.222881654045584,0.25064160667042007,0.10962284748819542,-0.05797133568574216,-0.07839863733197838,0.511262756495031,9
-0.9908336558063224,-1.036692797935699,-1.3033764207114553,-1.1587579214037518,-1.1031908239404131,-1.1047250477528767,-1.1050855561629835,8
-0.44958606165768905,-0.4320970609846832,-0.8252170276708785,-0.832486340981386,-0.8846858878182082,-0.7033173850104809,-0.7099781908465798,9
-1.1573713770828253,-1.1374587540942018,-1.3033764207114553,-1.1730323030472303,-1.1550012727116576,-1.122970850604804,-1.1050855561629835,7
-0.0748761887855576,0.17249867596633262,0.011561910150131954,-0.1279436470068396,-0.2494447333186021,-0.0738371866189966,0.11615539117862751,14
-1.2822746680402024,-1.4397566225697094,-1.5424561172317441,-1.253580599464002,-1.2135696061052381,-1.182269709873567,-1.2128421103401843,6
-1.3655435286784539,-1.2886076883319553,-1.4229162689715997,-1.3320896985031336,-1.2541169138392556,-1.1868311605865487,-1.2128421103401843,6
-2.1149632744227156,-2.145118315679228,-1.901075662012177,-1.541107429711212,-1.490642875621024,-1.4331494990875644,-1.500192921479387,5
-1.2406402377210768,-1.3389906664112068,-1.1838365724513114,-1.204639862400647,-1.134727618844649,-1.1503395548826945,-1.2128421103401843,6
-1.1573713770828253,-1.1878417321734531,-1.3033764207114553,-1.1791498951801498,-1.1144539649776402,-1.0910406956139316,-1.1410044075553838,8
1.465597733022092,1.280924193709862,0.4897213031907089,1.8286662368385358,1.2192688579358064,0.7563468431436859,2.163529920545446,19
1.5488665936603434,1.3313071717891136,0.6092611514508532,2.304818824517426,1.8342363585684038,0.7335395895787771,3.887634787380662,18
0.5912746963204529,0.7267114348380971,0.6092611514508532,0.8834982523024946,0.5592487931543008,0.9342434209499747,1.2296397843430373,17
-0.6993926435724429,-0.5832459952224374,-0.3470576346303012,-0.8671526964012622,-0.8306228108395184,-1.0727948927620043,-0.7889996639098605,9
-1.6569845409123334,-1.490139600648961,-1.1838365724513114,-1.299462540460897,-1.2360958881796924,-1.31911323126302,-1.270312272568025,7
-1.4488123893167053,-1.490139600648961,-1.064296724191167,-1.2596981915969212,-1.2315906317648015,-1.1366552027437493,-1.2272096508971444,7
-2.1565977047418414,-2.094735337599977,-1.7815358137520325,-1.491147093959037,-1.4388324268497796,-1.4605182033654551,-1.514560462036347,7
-0.82429593452982,-0.7847779075394422,-0.5861373311505896,-0.8620547029571628,-0.8824332596107628,-0.9085826670946606,-0.7423051570997401,8
-1.8235222621888363,-1.7924374691244687,-1.4229162689715997,-1.3718540473671095,-1.3149378754402818,-1.3327975834019654,-1.3708850564667456,7
-1.490446819635831,-1.5405225787282122,-1.1838365724513114,-1.281109764062139,-1.195548580445675,-1.3784120905317832,-1.2631285022895449,9
-0.9908336558063224,-0.8351608856186936,-0.705677179410734,-0.9650341705279721,-0.9387489647968981,-1.0727948927620043,-0.8752049072516214,9
-1.2406402377210768,-1.2382247102527046,-1.064296724191167,-1.1740519017360502,-1.1865380676158932,-1.122970850604804,-1.051207279074383,9
0.34146811440569863,0.3740305882833381,0.3701814549305645,-0.005591804348452515,-0.08275024596764147,0.2272185604378003,0.06227711409002698,10
0.2165648234483224,0.4244135663625895,0.1311017584102757,-0.17892358144783432,-0.28999204105261955,-0.33840132797193934,0.19876874938114833,10
1.0492534298308358,1.129775259472108,1.2069603927515746,1.051732035957777,0.7191853958829251,1.1440701537471363,1.4918473995075598,16
0.29983368408657385,0.47479654444184083,0.3701814549305645,-0.06472852830000615,-0.0872555023825323,0.08581358833536552,0.02635826269762663,11
-0.4079516313385633,-0.3313311048261805,-0.22751778637015682,-0.6346841953503267,-0.6842019773555665,-0.5847196664729548,-0.4944650824921779,10
-0.2830483403811862,-0.2809481267469291,-0.3470576346303012,-0.5704494779546733,-0.5152548617971606,-0.6668257793066268,-0.4657300013782578,10
-0.53285492229594,-0.5832459952224374,-0.4665974828904456,-0.639782188794426,-0.609865246509868,-0.662264328593645,-0.5914459812516588,10
-2.0316944137844644,-2.0443523595207256,-1.4229162689715997,-1.4309907713186634,-1.3847693498710896,-1.2917445269851293,-1.4139876781376262,9
-2.906017450486104,-2.8000970307094954,-2.0206155102723216,-1.625734120883263,-1.5717374910890587,-1.5882388233289444,-1.625908901352788,5
-2.947651880805229,-2.8000970307094954,-1.064296724191167,-1.6287929169497226,-1.5604743500518317,-1.5745544711899992,-1.6438683270489882,4
0.5496402660013272,0.6763284567588458,0.1311017584102757,0.457306000375779,0.3700280237288862,0.7426624910047407,0.619019310672232,15
0.6745435569587044,0.9282433471551026,1.0874205444914302,0.5908734286111853,0.4939225751383837,0.7107323360138682,0.6908570134570328,9
0.9243501388734586,1.0793922813928567,1.2069603927515746,1.1067903651540512,0.6628696906967895,1.1349472523211728,1.51699059548224,10
0.6745435569587044,0.7770944129173485,0.4897213031907089,0.46444319119751837,0.04790219006419229,0.5009056032167065,0.8345324190266338,10
0.34146811440569863,0.4244135663625895,-0.10797793811001244,0.325777769518013,0.12449154911733636,-0.28366391941615804,0.511262756495031,12
-0.0748761887855576,-0.029033236350672283,-0.22751778637015682,-0.2176683316229903,-0.17736063068034885,-0.45243759579648346,-0.20711427135297547,10
0.42473697504395,0.5251795225210922,1.2069603927515746,0.3369933550950317,0.1470178311917905,0.5647659131984514,0.7267758648494331,13
1.00761899951171,0.7770944129173485,1.8046596340522958,1.3973759914677208,0.8408273190849774,0.7381010402917588,2.8459880970010523,16
0.46637140536307575,0.47479654444184083,0.7288009997109977,0.16060278192919014,0.0659232157237556,0.3002017718455087,0.33166849953302924,13
0.42473697504395,0.5251795225210922,0.6092611514508532,0.6020890141882043,-0.27422364360050167,-0.019099778063215306,1.4451528926974393,13
0.6745435569587044,0.5755625006003435,0.6092611514508532,0.46342359250869863,0.2799228954310697,0.6103804203282692,0.7267758648494331,13
0.6745435569587044,0.7770944129173485,0.4897213031907089,0.8019303571969031,0.7687432164467243,0.7016094345879047,0.29574964814062926,13
0.71617798727783,0.7770944129173485,0.8483408479711414,0.8478122981937982,0.8318168062551958,1.0619640409134645,0.762694716241833,12
1.6737698846177205,1.532839084106119,1.6851197857921514,2.6759527472478672,1.309373986233623,1.9833770849357826,5.503983100038675,18
1.0492534298308358,1.381690149868365,2.1632791788327292,1.8827049673459901,0.9061535371008942,0.9935422802187378,4.139066747127464,16
1.6737698846177205,1.6336050402646205,1.2069603927515746,3.5099844747025393,3.203834308695214,2.7588237061426835,3.4925274220642577,14
1.6737698846177205,1.683988018343872,0.8483408479711414,2.641286391827991,1.8274784739460677,2.471452311224832,4.390498706874266,20
1.29906001174559,1.6336050402646205,1.565579937532007,2.066232731333571,1.1967425758613524,2.0746060991954174,2.953744651178253,20
1.5072321633412178,1.532839084106119,1.9241994823124402,2.3496811668255013,2.0640044357278358,1.1668774073120451,3.7439593818110604,14
1.29906001174559,1.0793922813928567,0.8483408479711414,1.6104721174310785,0.6899012291861345,2.083729000621381,2.738231542823851,12
1.4239633027029663,1.4320731279476162,1.8046596340522958,2.2997208310733264,1.5909525121642996,3.2879519888485693,2.522718434469449,14
0.05002710217181954,-0.12979919250917502,0.1311017584102757,-0.1095908706080815,-0.23142370765903877,-0.10576734160986878,0.11615539117862751,7
0.008392671852693824,0.27326463212483537,0.3701814549305645,0.48177636890745645,0.5705119341915278,0.4780983496517979,0.33166849953302924,8
-0.03324175846643189,-0.029033236350672283,-0.5861373311505896,-0.10755167323044171,-0.17736063068034885,0.035637630492566,-0.13527656856817477,8
-2.4064042866565956,-2.4977991622339872,-2.379235055052754,-1.5920873641522064,-1.535695439769932,-1.483325456930364,-1.607949475656588,5
-1.3655435286784539,-1.490139600648961,-1.1838365724513114,-1.3259721063702143,-1.3284536446849544,-1.3099903298370565,-1.1769232589477843,7
-1.7402534015505848,-1.9939693814414743,-1.901075662012177,-1.435069166073943,-1.3487272985519632,-1.3054288791240747,-1.4642740700869867,5
-1.7402534015505848,-1.641288534886715,-1.3033764207114553,-1.3973440145876068,-1.380264093456199,-1.2141998648644394,-1.3565175159097855,8
-2.4896731472948472,-2.4977991622339872,-2.25969520679261,-1.595146160218666,-1.5064112730731418,-1.5106941612082543,-1.607949475656588,4
0.46637140536307575,0.6763284567588458,0.25064160667042007,0.2880526180316768,0.1154810362875547,0.32757047612339935,0.7986135676342334,11
0.38310254472482436,0.7267114348380971,0.9678806962312858,0.22585709801366335,0.1785546260960263,0.17704260259500104,0.40350620231782997,14
0.9659845691925844,1.0290093033136054,0.8483408479711414,1.0996531743323121,0.7011643702233618,0.7791540967085948,2.3790430288998476,21
0.29983368408657385,0.4244135663625895,0.4897213031907089,0.3971496777354056,0.3137123185427509,0.7973998995605219,0.4394250537102303,10
0.7994468479160814,0.6763284567588458,0.8483408479711414,0.38287529609192683,0.34299648523954124,0.3047632225584905,0.619019310672232,10
1.00761899951171,1.0290093033136054,1.4460400892718634,1.5064730511714493,1.1787215502017891,1.7005671407309124,1.5888282982670408,12
0.7994468479160814,0.8274773909965999,1.2069603927515746,0.7937735676863439,0.8385746908775318,1.0574025902004827,0.8345324190266338,13
0.8827157085543329,0.7267114348380971,0.25064160667042007,0.4562864016869592,0.1470178311917905,1.417757196526043,0.33166849953302924,12
0.8827157085543329,0.9282433471551026,1.0874205444914302,1.1302411349969088,0.8137957805956325,1.3767041401092068,1.0141266759886356,10
0.8827157085543329,0.7267114348380971,0.4897213031907089,0.7550288175111881,0.752974818994606,1.4086342951000794,0.5471816078874313,11
0.5080058356822015,0.5251795225210922,0.7288009997109977,0.21158271637018486,0.02537590798973815,0.8247686038384127,0.3675873509254296,9
0.7578124175969557,0.7267114348380971,0.9678806962312858,0.6744805210944164,0.5637540495691915,0.32757047612339935,0.619019310672232,13
0.71617798727783,0.7770944129173485,0.7288009997109977,0.3951104803577656,0.2686597543938426,0.5465201103465244,0.8704512704190341,12
0.46637140536307575,0.4244135663625895,0.25064160667042007,0.20036713079316612,-0.375591912935545,0.008268926214675345,0.8704512704190341,14
-1.4071779589975795,-1.3389906664112068,-1.3033764207114553,-1.241345415198163,-1.2045590932754566,-1.100163597039895,-0.6381404880617793,8
-0.11651061910468331,-0.07941621442992365,0.011561910150131954,-0.02904257419130997,0.4488700109894757,0.1451124476041286,-0.3148708255301763,10
-0.19977947974293475,-0.029033236350672283,0.3701814549305645,-0.11570846274100087,-0.06022396389318758,-0.2471723137123038,0.044317688393826805,12
-0.15814504942380903,0.021349741728578526,0.25064160667042007,-0.37672572707889357,-0.33504460520152785,-0.32471697583299397,-0.20711427135297547,11
0.9659845691925844,0.9282433471551026,1.0874205444914302,0.9681249434745459,0.38354379297355873,0.7563468431436859,1.6247471496594412,16
0.29983368408657385,0.4244135663625895,0.4897213031907089,0.19017114390496717,0.32722808778742335,-0.02366122877619708,0.15207424257102786,15
0.5080058356822015,0.5251795225210922,1.0874205444914302,0.19017114390496717,0.01861802336740191,0.2956403211325269,0.33166849953302924,10
-0.6161237829341915,-0.6336289733016887,-0.4665974828904456,-0.8406431304919451,-0.8734227467809811,-0.780862047131171,-0.7458970422389801,9
-0.19977947974293475,-0.07941621442992365,0.6092611514508532,-0.007631001726092303,-0.47470755406314324,0.22265710972481853,0.33166849953302924,13
-0.19977947974293475,-0.07941621442992365,0.1311017584102757,-0.4052744903658506,-0.5648126823609596,-0.31103262369404866,-0.06343886578337406,12
0.05002710217181954,0.27326463212483537,0.7288009997109977,-0.02700337681367018,-0.27422364360050167,-0.2334879615733585,0.2598307967482289,13
-0.8659303648489457,-0.7343949294601909,-0.5861373311505896,-0.937505005929835,-0.8486438364990816,-0.9998116813542961,-0.8536535964161812,8
-0.6993926435724429,-0.6840119513809395,0.011561910150131954,-0.707075702256539,-0.7810649902757193,-0.6577028778806632,-0.5663027852769786,9
-1.032468086125448,-1.0870757760149505,-0.705677179410734,-1.0476216643223835,-1.1279697342223127,-1.0363032870581501,-0.8536535964161812,9
-0.7410270738915685,-0.6840119513809395,-0.705677179410734,-0.9160934334646171,-0.9455068494192344,-0.8720910613908064,-0.8536535964161812,8
0.008392671852693824,0.07173271980782989,0.7288009997109977,0.007662978606206224,-0.37784454114299043,-0.11032879232285056,0.511262756495031,13
-1.2822746680402024,-1.2886076883319553,-1.064296724191167,-1.1485619345155527,-1.069401400828732,-1.1731468084476033,-1.1410044075553838,7
-0.2830483403811862,-0.4320970609846832,0.1311017584102757,-0.3960981021664717,-0.7202440286746931,-0.16506620087863186,-0.13527656856817477,10
-1.573715680274082,-1.5909055568074635,-1.1838365724513114,-1.3208741129261148,-1.2788958241211552,-1.2689372734202204,-1.284679813124985,7
-0.9075647951680714,-0.8351608856186936,-0.8252170276708785,-0.9150738347757973,-0.9004542852703261,-0.9313899206595695,-0.8536535964161812,12
-0.19977947974293475,-0.029033236350672283,0.011561910150131954,-0.43484285234162745,-0.5332758874567239,-0.4113845393796475,-0.2430331227453758,9
-0.3246827707003119,-0.12979919250917502,0.4897213031907089,-0.344098569036657,-0.5039917207599336,-0.4798063000743741,-0.0275200143909739,14
0.2165648234483224,-0.029033236350672283,0.011561910150131954,-0.05351294272298743,-0.5197601182120515,-0.1559432994526683,0.11615539117862751,10
-0.6161237829341915,-0.5832459952224374,-0.22751778637015682,-0.7519380445646143,-0.8351280672544092,-0.6348956243157543,-0.7458970422389801,8
-0.9908336558063224,-1.0870757760149505,-0.4665974828904456,-1.0292688879236251,-1.0491277469617233,-1.0089345827802596,-0.9254912992009817,7
-0.44958606165768905,-0.4824800390639346,-0.10797793811001244,-0.668330952081383,-0.8689174903660902,-0.5984040186119002,-0.5303839338845783,10
-0.9075647951680714,-1.036692797935699,-0.22751778637015682,-1.0374256774341843,-1.0311067213021599,-0.9587586249374601,-0.9614101505933821,8
-0.6577582132533172,-0.8351608856186936,-0.3470576346303012,-0.7621340314528132,-0.8148544133874005,-0.621211272176809,-0.7099781908465798,9
-0.44958606165768905,-0.5832459952224374,0.1311017584102757,-0.6346841953503267,-0.7765597338608284,-0.5208593564912101,-0.4226273797073774,11
-0.2830483403811862,-0.3313311048261805,0.25064160667042007,-0.5164107474472189,-0.6278862721694313,-0.33383987725895753,-0.3507896769225767,9
-0.6577582132533172,-0.532863017143186,0.25064160667042007,-0.7009581101236197,-0.8035912723501734,-0.5071750043522647,-0.602221636669379,11
-0.82429593452982,-0.2809481267469291,-0.8252170276708785,-1.0241708944795258,-1.0401172341319416,-0.9313899206595695,-0.9973290019857824,10
-0.19977947974293475,-0.38171408290543185,-0.10797793811001244,-0.7723300183410122,-0.8463912082916362,-0.6850715821585539,-0.602221636669379,9
-1.1157369467636995,-1.1878417321734531,-0.3470576346303012,-1.0669940394099615,-1.0739066572436229,-0.899459765668697,-1.069166704770583,7
-1.323909098359328,-1.389373644490458,-1.3033764207114553,-1.27193337586276,-1.2676326830839282,-1.205076963438476,-1.2128421103401843,7
0.46637140536307575,0.5755625006003435,0.6092611514508532,0.5562070731913087,0.20108090817048044,0.2637101661416545,0.7986135676342334,11
0.05002710217181954,0.07173271980782989,0.4897213031907089,-0.0932772915869632,-0.2967499256749558,-0.20611925729546784,0.044317688393826805,15
0.2581992537674481,0.3740305882833381,-0.10797793811001244,0.01480016942794537,-0.1052765280420956,-0.16506620087863186,0.2598307967482289,13
0.34146811440569863,0.3236476102040867,0.8483408479711414,0.1504067950409912,-0.22241319482925712,0.11318229261325617,0.619019310672232,14
0.8410812782352072,0.978626325234354,1.8046596340522958,1.2576909710993955,0.615564498340436,0.9707350266538289,1.409234041305039,22
-2.07332884410359,-1.9435864033622228,-1.5424561172317441,-1.4544415411615208,-1.4005377473232077,-1.3829735412447648,-1.4642740700869867,7
-0.6993926435724429,-0.5832459952224374,-0.10797793811001244,-0.802917979005609,-0.801338644142728,-0.8903368642427335,-0.8177347450237809,12
-1.9067911228270877,-1.8428204472037202,-1.4229162689715997,-1.4371083634515827,-1.4005377473232077,-1.3556048369668743,-1.4283552186945863,9
-3.7387060568686175,-3.5558417018982653,-3.0964741446136195,-1.6858904435236366,-1.6145374270305217,-1.6429762318847259,-1.7049303744160689,1
-3.280727323358235,-3.1023948991850028,-2.6183147515730427,-1.663459272369599,-1.5987690295784038,-1.620168978319817,-1.6869709487198685,3
-3.4472650446347375,-3.203160855343506,-2.6183147515730427,-1.673655259257798,-1.6077795424081853,-1.6292918797457805,-1.6941547189983488,3
-3.0309207414434804,-2.900862986867998,-2.4987749033128983,-1.6471456933484807,-1.5852532603337313,-1.6064846261808716,-1.6797871784413885,5
0.34146811440569863,0.17249867596633262,0.4897213031907089,0.23197469014658273,-0.04445556644106968,0.34581627897532646,0.2598307967482289,17
-2.1149632744227156,-2.094735337599977,-1.6619959654918883,-1.4860491005149377,-1.4658639653391246,-1.424026597661601,-1.4642740700869867,5
-2.4480387169757214,-2.3466502279962334,-1.7815358137520325,-1.5584406074211499,-1.501906016658251,-1.5517472176250902,-1.5720306242641877,5
-1.865156692507962,-1.7924374691244687,-1.4229162689715997,-1.4299711726298436,-1.4230640293976617,-1.4057807948096737,-1.4283552186945863,8
-1.6153501105932075,-1.5405225787282122,-1.3033764207114553,-1.3524816722795316,-1.3352115293072906,-1.2917445269851293,-1.284679813124985,8
-1.4488123893167053,-1.490139600648961,-1.3033764207114553,-1.3351484945695935,-1.3014221061956093,-1.3327975834019654,-1.284679813124985,10
-1.698618971231459,-1.641288534886715,-1.4229162689715997,-1.3667560539230101,-1.332958901099845,-1.3510433862538924,-1.3565175159097855,13
-1.3655435286784539,-1.3389906664112068,-1.3033764207114553,-1.2872273561950582,-1.283401080536046,-1.2689372734202204,-1.2128421103401843,9
-1.8235222621888363,-1.641288534886715,-1.5424561172317441,-1.3718540473671095,-1.3149378754402818,-1.3008674284110928,-1.392436367302186,7
-1.490446819635831,-1.389373644490458,-0.705677179410734,-1.2546001981528216,-1.2496116574243648,-1.1503395548826945,-1.2128421103401843,7
-1.6153501105932075,-1.5909055568074635,-0.8252170276708785,-1.3402464880136928,-1.3239483882700636,-1.3282361326889836,-1.284679813124985,7
0.5496402660013272,0.6259454786795944,0.9678806962312858,0.601069415499384,0.27541763901617883,0.9114361673850664,0.8704512704190341,13
0.5912746963204529,0.47479654444184083,0.3701814549305645,0.47259998070807757,0.6944064856010254,0.32757047612339935,0.4394250537102303,12
0.42473697504395,0.5251795225210922,1.0874205444914302,0.5409130928590106,0.401564818633122,0.33213192683638115,0.762694716241833,15
0.6329091266395787,0.8778603690758512,0.6092611514508532,0.841694706060879,0.5660066777766369,0.8840674631071757,0.7267758648494331,15
0.29983368408657385,0.4244135663625895,0.8483408479711414,0.3716597105149079,0.10872315166521847,0.23634146186376384,0.9422889732038349,15
0.29983368408657385,0.4244135663625895,1.0874205444914302,0.4919723557956556,0.09520738242054598,-0.051029933054087734,1.2296397843430373,19
0.17493039312919667,0.5251795225210922,0.4897213031907089,0.14021080815279224,-0.08275024596764147,-0.1376974966007412,0.762694716241833,10
0.9243501388734586,0.978626325234354,0.7288009997109977,1.195495451081382,1.1066374475635359,1.0619640409134645,0.9063701218114345,15
0.5496402660013272,0.6763284567588458,0.4897213031907089,0.5562070731913087,0.5322172546649557,0.6833636317359776,0.40350620231782997,13
0.13329596281007097,0.6763284567588458,0.3701814549305645,0.20240632817080592,0.15602834402157215,0.12230519403921973,0.15207424257102786,11
0.38310254472482436,0.3236476102040867,-0.3470576346303012,0.07393689337949924,0.036639049026965215,-0.0738371866189966,0.22391194535582856,12
0.05002710217181954,0.12211569788708126,0.6092611514508532,0.1340932160198729,-0.18186588709523968,0.532835758207579,0.044317688393826805,11
-2.3231354260183443,-2.145118315679228,-1.901075662012177,-1.4962450874031366,-1.4185587729827709,-1.424026597661601,-1.5289280025933072,4
-2.1149632744227156,-2.094735337599977,-1.4229162689715997,-1.444245554273322,-1.4095482601529892,-1.3920964426707283,-1.4283552186945863,6
-0.53285492229594,-0.2809481267469291,-0.22751778637015682,-0.3869217139670925,-0.2674657589781654,-0.25629521513826736,-0.5663027852769786,11
-0.03324175846643189,0.4244135663625895,0.25064160667042007,0.13511281470869288,0.009607510537620252,0.04932198263151132,-0.0275200143909739,14
-1.4488123893167053,-1.3389906664112068,-0.705677179410734,-1.0935036053192786,-1.0671487726212865,-1.0682334420490227,-1.065574819631343,8
-0.44958606165768905,-0.1801821705884264,0.25064160667042007,-0.3940589047888319,-0.6346441567917674,-0.8401609063999341,0.11615539117862751,9
-0.6161237829341915,-0.4824800390639346,-0.3470576346303012,-0.6713897481478428,-0.7022230030151299,-0.7352475400013533,-0.4944650824921779,13
0.9659845691925844,1.1801582375513595,1.8046596340522958,1.9377632965422642,0.42409110070757616,0.9570506745148836,2.235367623330247,22
0.5496402660013272,0.9282433471551026,1.4460400892718634,0.7305584489795107,0.2371229594896068,0.8202071531254308,0.9422889732038349,16
0.7994468479160814,0.7770944129173485,1.565579937532007,0.7958127650639839,0.12674417732478177,0.6377491246061598,1.0500455273810358,14
0.8827157085543329,0.978626325234354,2.043739330572585,1.4198071626217583,0.9039009088934491,1.394949942961134,1.51699059548224,15
0.8827157085543329,1.0793922813928567,0.3701814549305645,0.8773806601695749,0.23036507486727056,0.14967389831711037,1.2296397843430373,13
1.0908878601499614,1.3313071717891136,1.8046596340522958,2.0703111260888507,1.7261102046110244,1.335651083692371,2.4867995830770484,22
1.1325222904690873,1.2305412156306108,1.0874205444914302,1.059888825468336,0.6020487290957636,0.5875731667633602,1.8043414066214427,12
0.71617798727783,0.9282433471551026,2.402358875353017,1.6583932558056134,0.7777537292765059,1.4040728443870976,3.241095462317455,18
0.9243501388734586,1.1801582375513595,1.565579937532007,1.3362000701385273,0.8588483447445407,1.1942461115899359,1.3733151899126386,20
-0.0748761887855576,0.17249867596633262,-0.10797793811001244,-0.2380603053993882,-0.41839184887700787,-0.18331200373055898,0.08023653978622716,11
0.09166153249094526,0.07173271980782989,1.0874205444914302,0.02601575500496432,-0.20439216916969383,-0.20155780658248607,0.4394250537102303,15
-1.3655435286784539,-1.2382247102527046,-0.8252170276708785,-1.1975026715789077,-1.2068117214829022,-1.1275323013177856,-1.1769232589477843,7
-0.5744893526150657,-0.532863017143186,-0.4665974828904456,-0.7733496170298321,-0.8216122980097367,-0.6987559342974992,-0.6381404880617793,9
-0.3246827707003119,-0.12979919250917502,0.011561910150131954,-0.4062940890546706,-0.5895915926428592,-0.48892920150033764,-0.09935771717577441,14
-0.0748761887855576,-0.2809481267469291,0.8483408479711414,0.2605234534335398,-0.1548343486058947,-0.20611925729546784,0.511262756495031,14
0.09166153249094526,0.07173271980782989,0.7288009997109977,0.10248565666645627,-0.28999204105261955,0.1451124476041286,0.33166849953302924,10
0.05002710217181954,0.27326463212483537,0.3701814549305645,-0.2645698713087054,-0.32152883595685533,-0.1924349051565225,-0.2430331227453758,10
-0.24141391006206045,-0.07941621442992365,0.3701814549305645,-0.3757061283900738,-0.5287706310418332,-0.4387532436575381,-0.2430331227453758,17
-0.6993926435724429,-0.532863017143186,-0.3470576346303012,-0.7162520904559181,-1.0243488366798237,-0.9040212163816789,-0.3507896769225767,9
0.09166153249094526,0.27326463212483537,0.4897213031907089,-0.037199363701869124,-0.19763428454735757,-0.009976876637251756,0.008398837001426452,10
0.13329596281007097,0.27326463212483537,0.9678806962312858,0.3410717498503113,0.10872315166521847,0.41423803967005307,0.619019310672232,17
0.34146811440569863,0.978626325234354,1.6851197857921514,0.9130666142782714,0.6380907804148902,0.897751815246121,0.8345324190266338,12
0.71617798727783,0.6763284567588458,0.6092611514508532,0.585775435167086,0.30920706212786003,0.3640620818272536,0.5471816078874313,15
0.34146811440569863,0.47479654444184083,0.8483408479711414,0.3757381052701875,-0.07824498955275064,0.24090291257674562,0.7986135676342334,19
0.6329091266395787,0.8778603690758512,1.326500241011719,0.4664823885751584,0.11097577987266387,0.08581358833536552,0.9782078245962352,26
-1.9067911228270877,-1.9435864033622228,-1.3033764207114553,-1.4289515739410235,-1.3982851191157621,-1.337359034114947,-1.4283552186945863,6
-2.07332884410359,-2.0443523595207256,-1.5424561172317441,-1.4646375280497197,-1.4163061447753256,-1.3875349919577467,-1.4642740700869867,6
-2.0316944137844644,-1.9939693814414743,-1.3033764207114553,-1.472794317560279,-1.4433376832646705,-1.3784120905317832,-1.500192921479387,4
-0.2830483403811862,-0.12979919250917502,0.011561910150131954,-0.5704494779546733,-0.621128387547095,-0.4843677507873559,-0.6381404880617793,11
-1.2822746680402024,-1.2886076883319553,-0.8252170276708785,-1.2127966519112061,-1.211316977897793,-1.1138479491788404,-1.1769232589477843,9
-0.9908336558063224,-1.036692797935699,-1.064296724191167,-0.9793085521714506,-0.9635278750787977,-0.8310380049739705,-0.9973290019857824,9
0.13329596281007097,0.27326463212483537,0.8483408479711414,0.12899522257577353,-0.1683501178505672,-0.060152834480051286,0.6908570134570328,13
-1.2822746680402024,-1.2886076883319553,-0.9447568759310225,-1.17609109911369,-1.1392328752595398,-1.1047250477528767,-1.1841070292262643,8
-1.3655435286784539,-1.389373644490458,-0.9447568759310225,-1.2474630073310826,-1.2203274907275747,-1.1959540620125122,-1.2020664549224644,6
-0.44958606165768905,-0.4824800390639346,-0.22751778637015682,-0.7274676760329369,-0.7990860159352826,-0.6075269200378637,-0.6381404880617793,10
-2.697845298890475,-2.6489480964717416,-1.901075662012177,-1.6145185353062441,-1.5627269782592772,-1.5608701190510539,-1.6366845567705082,4
-2.989286311124355,-2.900862986867998,-2.6183147515730427,-1.646126094659661,-1.5875058885411766,-1.6019231754678898,-1.6797871784413885,3
1.00761899951171,1.0793922813928567,2.402358875353017,1.453453919352815,0.5029330879681654,1.7188129435828396,2.127611069153046,13
0.2165648234483224,0.021349741728578526,-0.3470576346303012,-0.13915923258385854,-0.49047595151526113,-0.1559432994526683,-0.3148708255301763,14
0.38310254472482436,0.27326463212483537,0.1311017584102757,0.15652438717391057,0.14927045939923592,0.5009056032167065,0.2598307967482289,10
0.8827157085543329,0.7770944129173485,1.2069603927515746,0.8457731008161586,0.46914366485648445,1.1395087030341546,1.0859643787734363,21
0.29983368408657385,0.3236476102040867,0.011561910150131954,0.2900918154093166,0.37678590835122244,0.21809565901183675,0.18799309396342823,14
0.5912746963204529,0.47479654444184083,1.326500241011719,1.0231832726708199,0.45112263919692114,1.3037209287014986,0.762694716241833,19
0.7994468479160814,0.6259454786795944,1.4460400892718634,0.8090675480186424,0.0974600106279914,0.815645702412449,1.409234041305039,23
0.8827157085543329,0.7770944129173485,0.8483408479711414,0.9609877526528066,0.3339859724097596,1.0391567873485554,1.5888282982670408,23
-0.6161237829341915,-0.532863017143186,-0.705677179410734,-0.754996840631074,-0.7450229389565927,-1.0363032870581501,-0.7099781908465798,8
0.9243501388734586,1.280924193709862,1.2069603927515746,0.8427143047496988,0.9759850115317018,0.6103804203282692,1.0859643787734363,14
-0.6161237829341915,-0.5832459952224374,-0.9447568759310225,-0.9405638019962946,-0.9590226186639068,-0.7215631878624079,-0.8536535964161812,10
0.46637140536307575,0.47479654444184083,0.3701814549305645,0.015819768116765377,-0.199886912754803,-0.3840158351017568,0.5831004592798317,18
-1.6153501105932075,-1.5405225787282122,-1.064296724191167,-1.339226889324873,-1.321695760062618,-1.4149036962356372,-1.284679813124985,6
-2.1565977047418414,-1.9939693814414743,-1.901075662012177,-1.4931862913366767,-1.4275692858125526,-1.4468338512265098,-1.500192921479387,5
-2.7811141595287268,-2.6489480964717416,-2.379235055052754,-1.6124793379286042,-1.5447059525997138,-1.5882388233289444,-1.607949475656588,4
-1.1573713770828253,-0.9863098198564477,-0.9447568759310225,-1.109817184340397,-1.1392328752595398,-0.9633200756504419,-0.9973290019857824,11
-2.1565977047418414,-2.0443523595207256,-1.6619959654918883,-1.4748335149379186,-1.4433376832646705,-1.2734987241332023,-1.4642740700869867,5
-1.573715680274082,-1.4397566225697094,-0.8252170276708785,-1.2372670204428837,-1.1978012086531207,-1.1366552027437493,-1.1769232589477843,7
-1.4071779589975795,-1.3389906664112068,-1.1838365724513114,-1.1781302964913298,-1.1820328112010023,-1.1640239070216398,-1.1410044075553838,7
-1.698618971231459,-1.5405225787282122,-0.9447568759310225,-1.3320896985031336,-1.2901589651583822,-1.2689372734202204,-1.2487609617325848,7
-0.11651061910468331,-0.07941621442992365,-0.22751778637015682,-0.3777453257677136,-0.40262345142489,-0.12857459517477765,-0.2430331227453758,12
-1.3655435286784539,-1.1374587540942018,-0.8252170276708785,-1.1985222702677276,-1.2293380035573565,-1.1640239070216398,-1.0332478533781828,8
-1.3655435286784539,-1.2886076883319553,-1.1838365724513114,-1.2301298296211443,-1.2203274907275747,-1.2826216255591658,-1.069166704770583,8
-0.19977947974293475,-0.2809481267469291,0.3701814549305645,-0.4756267998944232,-0.6571704388662216,-0.1787505530175772,-0.27895197413777595,12
-1.032468086125448,-0.8351608856186936,-0.4665974828904456,-1.0404844735006442,-1.015338323850042,-1.1320937520307675,-1.0332478533781828,8
-1.865156692507962,-1.8932034252829715,-1.4229162689715997,-1.443225955584502,-1.4050430037380983,-1.2643758227072386,-1.4642740700869867,5
-2.4064042866565956,-2.3466502279962334,-2.379235055052754,-1.5462054231553113,-1.4681165935465696,-1.5106941612082543,-1.5720306242641877,5
1.7986731755750978,1.9359029087401287,1.326500241011719,2.335406785182023,1.0751006526593,2.0791675499083992,3.3847708678870565,16
0.7994468479160814,0.5755625006003435,1.2069603927515746,1.0456144438248574,0.9512061012498025,1.2489835201457171,0.8345324190266338,11
0.6329091266395787,0.6763284567588458,1.2069603927515746,0.5276583099043516,0.1965756517555896,0.7745926459956131,0.619019310672232,14
0.5496402660013272,0.4244135663625895,1.0874205444914302,0.9263213972329299,0.5119436007979471,0.8703831109682304,1.3373963385202383,16
0.7994468479160814,0.6763284567588458,1.0874205444914302,1.011967687093801,1.1043848193560906,1.3174052808404437,0.6549381620646324,13
0.34146811440569863,0.4244135663625895,1.326500241011719,0.3563657301826098,0.2100914210002621,0.6377491246061598,0.33166849953302924,15
0.42473697504395,0.47479654444184083,0.1311017584102757,0.6856961066714353,0.998511293606156,0.42792239180899844,0.4394250537102303,14
0.7994468479160814,1.0290093033136054,1.565579937532007,1.0578496280906962,0.5322172546649557,0.6924865331619411,1.7325037038366418,14
0.7994468479160814,0.5755625006003435,1.0874205444914302,0.9079686208341721,0.9895007807763743,1.1486316044601181,0.5831004592798317,12
-0.15814504942380903,-0.3313311048261805,0.9678806962312858,-0.5317047277795175,-0.5715705669832959,-0.28366391941615804,-0.4944650824921779,12
-0.53285492229594,0.17249867596633262,0.3701814549305645,-0.16872759455963537,-0.26521313077072,-0.2608566658512491,0.008398837001426452,8
-0.2830483403811862,-0.1801821705884264,0.011561910150131954,-0.2482562922875871,-0.3598235154834271,0.34581627897532646,-0.4226273797073774,13
0.008392671852693824,0.12211569788708126,0.4897213031907089,-0.14833562078323748,-0.38234979755788123,-0.06927573590601484,0.2598307967482289,9
-1.5320812499549563,-1.490139600648961,-1.4229162689715997,-1.282129362750959,-1.2586221702541465,-1.141216653456731,-1.3205986645173855,6
-1.2406402377210768,-1.036692797935699,-0.5861373311505896,-1.136326750249714,-1.2045590932754566,-0.9724429770764055,-1.069166704770583,8
0.71617798727783,0.7267114348380971,0.25064160667042007,0.7570680148888277,0.9039009088934491,0.5921346174763421,0.29574964814062926,14
0.71617798727783,0.8778603690758512,1.0874205444914302,0.6612257381397578,0.7957747549360692,1.0026651816447014,0.044317688393826805,8
0.5080058356822015,0.4244135663625895,0.7288009997109977,0.08107408420123861,-0.1210449254942135,-0.1559432994526683,0.22391194535582856,22
0.38310254472482436,0.5251795225210922,0.011561910150131954,0.25440586130062043,0.39255430580334033,0.23634146186376384,0.044317688393826805,12
0.46637140536307575,0.47479654444184083,0.7288009997109977,0.2064847229260855,0.21910193383004348,0.71529378672685,-0.13527656856817477,9
0.9243501388734586,1.0793922813928567,0.7288009997109977,0.9100078182118116,0.6741328317340168,0.9616121252278653,0.7267758648494331,16
1.465597733022092,1.7343709964231233,1.565579937532007,2.653521576093829,1.7216049481961335,2.822684016124428,2.450880731684648,20
1.2574255814264643,1.1801582375513595,1.0874205444914302,1.546237400035425,1.5053526402813737,1.417757196526043,1.1218832301658366,13
1.00761899951171,1.1801582375513595,1.2069603927515746,1.997919619182638,1.550405204430282,1.8967095213891287,1.1218832301658366,18
1.8403076058942234,1.7847539745023746,1.8046596340522958,3.405985408442911,2.555077384950936,2.6584717904570843,3.312933165102256,17
1.3406944420647158,1.381690149868365,0.9678806962312858,1.9153321253882267,1.7576469995152602,1.9286396763800011,1.7684225552290422,16
0.6745435569587044,0.8274773909965999,0.9678806962312858,0.8121263440851022,0.5434803957021829,0.9707350266538289,0.7986135676342334,18
0.5496402660013272,0.5755625006003435,0.25064160667042007,0.3431109472279511,0.1470178311917905,0.5966960681893239,0.7267758648494331,12
1.0492534298308358,1.1801582375513595,0.8483408479711414,1.2107894314136805,1.12916372963799,1.0847712944783734,1.4810717440898398,20
0.6329091266395787,0.7267114348380971,0.25064160667042007,0.4083652633124241,0.2213545620374889,0.8202071531254308,0.40350620231782997,16
0.7994468479160814,0.9282433471551026,0.8483408479711414,0.7285192516018707,0.6268276393776632,1.1030170973303004,0.7986135676342334,12
0.8827157085543329,1.0793922813928567,0.4897213031907089,0.3818556974031071,0.2799228954310697,0.5784502653373967,0.8345324190266338,19
0.46637140536307575,0.5755625006003435,0.1311017584102757,0.11879923568757458,0.3655227673139954,-0.1376974966007412,0.18799309396342823,11
0.46637140536307575,0.47479654444184083,-0.4665974828904456,0.4991095466173946,0.538975139287292,0.8475758574033215,0.18799309396342823,10
0.8827157085543329,0.8274773909965999,0.9678806962312858,0.6143241984540425,0.44436475457458485,0.8749445616812122,0.5471816078874313,12
1.3823288723838405,1.532839084106119,1.8046596340522958,1.8154114538838773,1.444531678680348,1.0802098437653915,1.660666001051841,17
1.0492534298308358,1.381690149868365,0.6092611514508532,1.5034142551049898,1.3747002042495398,1.504424760072696,1.2655586357354376,16
1.1325222904690873,1.5832220621853692,1.326500241011719,1.900038145055928,1.4985947556590373,1.331089632979389,1.8761791094062434,16
1.29906001174559,1.7343709964231233,1.4460400892718634,1.9540768755633824,1.0165323192657192,2.4851366633637775,2.5945561372542496,19
1.465597733022092,1.683988018343872,0.7288009997109977,0.9813797264292045,0.676385459941462,1.2170533651548447,1.301477487127838,14
1.3406944420647158,1.129775259472108,0.25064160667042007,1.0486732398913172,0.46914366485648445,1.0163495337836466,1.157802081558237,13
1.2574255814264643,1.381690149868365,1.326500241011719,1.8470190132372937,1.4648053325473565,1.7233743942958213,2.63047498864665,20
0.8827157085543329,0.8274773909965999,1.2069603927515746,0.7111860738919326,0.604301357303209,1.4223186472390246,0.33166849953302924,11
0.5080058356822015,0.4244135663625895,0.4897213031907089,0.506246737439134,0.631332895792554,0.9752964773668107,0.08023653978622716,10
0.34146811440569863,0.5755625006003435,0.8483408479711414,0.3390325524726715,0.13575469015456343,0.02195327835362067,0.9422889732038349,15
0.71617798727783,0.8778603690758512,1.0874205444914302,0.5704814548347874,0.0501548182716377,1.212491914441863,0.6549381620646324,12
0.6745435569587044,0.6259454786795944,0.9678806962312858,0.6357357709192606,0.07268110034609183,0.9114361673850664,1.0500455273810358,15
0.09166153249094526,0.12211569788708126,0.1311017584102757,-0.07696371256584489,-0.13230806653144056,0.07669068690940198,0.08023653978622716,10
-0.3246827707003119,-0.07941621442992365,-0.10797793811001244,-0.3379809769037376,-0.20889742558458463,-0.39770018724070216,-0.27895197413777595,10
-0.44958606165768905,-0.3313311048261805,-0.4665974828904456,-0.5551554976223749,-0.6008547336800862,-0.5345437086301554,-0.3148708255301763,12
0.17493039312919667,0.17249867596633262,-0.10797793811001244,0.03213334713788368,0.06141795930886477,0.2682716168546363,-0.0275200143909739,10
-0.5744893526150657,-0.38171408290543185,-0.8252170276708785,-0.6856641297913213,-0.6459072978289946,-0.5117364550652466,-0.7458970422389801,9
0.13329596281007097,0.12211569788708126,0.3701814549305645,-0.18402157489193366,-0.035445053611288024,-0.2608566658512491,-0.1711954199605751,12
-0.53285492229594,-0.2809481267469291,-0.10797793811001244,-0.707075702256539,-0.686454605563012,-0.5299822579171737,-0.6740593394541796,10
-0.2830483403811862,0.12211569788708126,-0.3470576346303012,-0.44809763529628616,-0.5422864002865057,-0.33840132797193934,-0.13527656856817477,14
-0.4912204919768143,-0.3313311048261805,-0.4665974828904456,-0.7295068734105767,-0.6188757593396496,-0.561912412908046,-0.7099781908465798,9
-0.9075647951680714,-0.8351608856186936,-0.9447568759310225,-1.0343668813677247,-0.927485823759671,-1.1047250477528767,-0.9614101505933821,10
-0.4079516313385633,-0.3313311048261805,-0.3470576346303012,-0.4807247933385228,-0.3710866565206542,-0.5984040186119002,-0.4226273797073774,10
-0.44958606165768905,-0.3313311048261805,-0.3470576346303012,-0.544959510734176,-0.4837180668929249,-0.39770018724070216,-0.4226273797073774,10
-1.323909098359328,-1.1374587540942018,-1.064296724191167,-1.1801694938689695,-1.134727618844649,-1.1503395548826945,-1.1410044075553838,9
-1.490446819635831,-1.3389906664112068,-1.064296724191167,-1.2831489614397789,-1.2788958241211552,-1.1594624563086582,-1.2128421103401843,6
-1.1157369467636995,-0.9863098198564477,-0.9447568759310225,-1.0741312302317005,-1.096432939318077,-1.0636719913360408,-0.8895724478085815,11
-0.19977947974293475,-0.12979919250917502,0.011561910150131954,-0.2309231145776488,-0.19312902813246674,-0.04190703162812418,0.008398837001426452,10
-0.44958606165768905,-0.2809481267469291,0.1311017584102757,-0.4939795762931813,-0.5445390284939511,-0.33383987725895753,-0.38670852831497704,8
0.09166153249094526,0.3236476102040867,0.25064160667042007,-0.31045181230560054,-0.4656970412333616,-0.37945438438877505,0.15207424257102786,12
0.5080058356822015,0.47479654444184083,0.25064160667042007,0.3227189734515532,0.34299648523954124,0.2454643632897274,0.511262756495031,11
-0.3246827707003119,-0.4320970609846832,-0.4665974828904456,-0.48990118153790174,-0.40262345142489,-0.45243759579648346,-0.4585462310997777,9
-0.0748761887855576,0.47479654444184083,-0.10797793811001244,-0.21664873293417028,-0.28999204105261955,-0.16506620087863186,-0.0275200143909739,9
-0.7410270738915685,-0.8351608856186936,-0.705677179410734,-0.8059767750720687,-0.8171070415948459,-0.7489318921402985,-0.602221636669379,7
-0.0748761887855576,0.07173271980782989,0.011561910150131954,-0.27578545688572415,-0.21565531020692089,-0.2608566658512491,-0.27895197413777595,10
-0.6993926435724429,-0.6336289733016887,-0.4665974828904456,-0.9456617954403941,-0.8734227467809811,-0.8903368642427335,-0.9254912992009817,7
0.008392671852693824,0.3236476102040867,0.25064160667042007,0.02805495238260411,0.041144305441856044,0.1633582504560557,0.008398837001426452,12
-0.6161237829341915,-0.532863017143186,-0.5861373311505896,-0.7131932943894584,-0.6616756952811125,-0.6941944835845174,-0.6381404880617793,8
0.5496402660013272,0.7770944129173485,-0.4665974828904456,0.1677399727509295,0.13800731836200883,0.01283037692765712,0.3675873509254296,16
0.2581992537674481,0.4244135663625895,0.1311017584102757,0.17589676226148865,0.18305988251091712,0.5966960681893239,0.33166849953302924,11
0.38310254472482436,0.3236476102040867,-1.064296724191167,-0.003552606970812726,-0.08950813058997771,0.3731849832532171,-0.0275200143909739,8
0.5496402660013272,0.9282433471551026,0.6092611514508532,0.5623246653242282,0.4376068699522486,0.5647659131984514,0.7267758648494331,15
0.5080058356822015,0.6763284567588458,-0.4665974828904456,0.2370726835906821,0.22811244665982514,0.2819559689935816,0.29574964814062926,14
0.46637140536307575,0.5251795225210922,-0.4665974828904456,0.33597375640621197,0.4646384084415936,0.5282743074945973,0.29574964814062926,11
0.17493039312919667,0.3236476102040867,-0.4665974828904456,0.05660371566956115,-0.053466079270851334,-0.08296008804495991,0.008398837001426452,12
0.6745435569587044,0.8778603690758512,0.7288009997109977,0.8355771139279594,0.7597327036169426,0.6012575189023056,1.0859643787734363,14
0.7994468479160814,0.6259454786795944,0.011561910150131954,0.4155024541341635,0.005102254122729424,0.395992236818126,0.8704512704190341,15
0.8827157085543329,0.9282433471551026,0.7288009997109977,0.9885169172509434,0.9016482806860033,0.7882769981345584,1.157802081558237,20
0.8827157085543329,1.0793922813928567,0.6092611514508532,1.0670260162900755,0.5795224470213095,1.5363549150635685,1.51699059548224,20
0.8827157085543329,0.9282433471551026,0.3701814549305645,0.3594245262490692,0.03438642081951981,0.16791970116903748,0.8704512704190341,16
0.17493039312919667,0.021349741728578526,0.011561910150131954,-0.41547047725404956,-0.6143705029247588,-0.18787345444354073,-0.0275200143909739,13
1.2157911511073387,1.3313071717891136,0.6092611514508532,1.3718860242472235,0.7146801394680343,1.6184610278972404,1.9120979607986437,14
-0.2830483403811862,-0.2809481267469291,-0.4665974828904456,-0.6112334255074691,-0.6436546696215492,-0.37945438438877505,-0.602221636669379,11
-0.2830483403811862,-0.1801821705884264,-0.10797793811001244,-0.5102931553142996,-0.5084969771748244,-0.5254208072041918,-0.27895197413777595,13
-1.9484255531462134,-1.8428204472037202,-1.6619959654918883,-1.4840099031372977,-1.4568534525093428,-1.4331494990875644,-1.4642740700869867,8
-2.1982321350609673,-2.094735337599977,-1.6619959654918883,-1.5023626795360558,-1.452348196094452,-1.4650796540784368,-1.500192921479387,6
0.46637140536307575,0.4244135663625895,0.8483408479711414,0.4878939610403761,0.2956912928831876,0.2044113068728917,0.5831004592798317,13
0.71617798727783,0.7770944129173485,0.6092611514508532,0.5358150994149108,0.15377571581412675,0.573888814624415,0.6549381620646324,18
0.6329091266395787,0.9282433471551026,0.4897213031907089,0.3798165000254671,0.1808072543034717,-0.06471428519303306,0.6549381620646324,19
0.29983368408657385,0.47479654444184083,-0.3470576346303012,0.23299428883540252,-0.06923447672296923,-0.4706833986484105,0.9782078245962352,21
0.42473697504395,0.4244135663625895,0.7288009997109977,0.44609041479876055,0.08169161317587349,-0.09208298947092346,1.0500455273810358,18
0.38310254472482436,0.4244135663625895,0.8483408479711414,0.2584842560559,0.09295475421310057,-0.12857459517477765,0.40350620231782997,18
0.6329091266395787,0.6259454786795944,0.3701814549305645,0.42263964495590284,0.3520069980693229,0.14055099689114683,0.619019310672232,20
0.34146811440569863,0.47479654444184083,0.7288009997109977,0.15856358455155034,-0.07824498955275064,-0.22436506014739493,0.5831004592798317,18
0.17493039312919667,0.12211569788708126,0.011561910150131954,-0.15955120636025644,-0.5039917207599336,-0.461560497222447,0.11615539117862751,22
-0.6993926435724429,-0.6336289733016887,-0.9447568759310225,-0.9436225980627543,-1.069401400828732,-0.821915103548007,-0.8536535964161812,13
-0.19977947974293475,0.021349741728578526,0.25064160667042007,-0.3400201742813774,-0.35081300265364573,-0.39770018724070216,-0.13527656856817477,11
-1.3655435286784539,-1.3389906664112068,-1.064296724191167,-1.2474630073310826,-1.2406011445945833,-1.2506914705682937,-1.069166704770583,7
-1.1573713770828253,-1.036692797935699,-1.064296724191167,-1.17609109911369,-1.2068117214829022,-1.1457781041697128,-1.069166704770583,14
-1.1157369467636995,-1.0870757760149505,-1.1838365724513114,-1.0669940394099615,-0.9747910161160247,-1.059110540623059,-1.1050855561629835,9
-0.19977947974293475,0.07173271980782989,0.6092611514508532,-0.2859814437739231,-0.49723383613759736,-0.3885772858147386,0.08023653978622716,13
-1.3655435286784539,-1.3389906664112068,-0.705677179410734,-1.2138162506000258,-1.191043324030784,-1.1685853577346217,-1.1050855561629835,10
-1.573715680274082,-1.490139600648961,-0.9447568759310225,-1.2984429417720773,-1.2653800548764826,-1.1138479491788404,-1.2128421103401843,8
-0.15814504942380903,0.17249867596633262,0.011561910150131954,0.04334893271490241,-0.38009716935043586,-0.16506620087863186,0.33166849953302924,19
-1.0741025164445739,-1.1374587540942018,-0.9447568759310225,-1.136326750249714,-1.015338323850042,-1.3510433862538924,-1.1050855561629835,10
-0.9491992254871972,-0.8351608856186936,-0.8252170276708785,-0.9487205915068538,-0.9027069134777714,-0.9450742727985147,-0.8536535964161812,10
0.29983368408657385,0.47479654444184083,1.2069603927515746,-0.2339819106441086,-0.34405511803130945,-0.4706833986484105,0.2598307967482289,9
0.34146811440569863,0.27326463212483537,1.0874205444914302,0.31150338787453447,-0.1368133229463314,-0.4068230886666657,1.0859643787734363,13
0.34146811440569863,0.47479654444184083,1.0874205444914302,0.1993475321043461,-0.024181912574060955,-0.21068070800844962,0.9782078245962352,16
0.6745435569587044,0.9282433471551026,0.8483408479711414,0.5490698823695698,0.527711998250065,0.46897544822583437,0.9782078245962352,12
0.34146811440569863,0.47479654444184083,0.25064160667042007,-0.016807389925471237,0.02537590798973815,-0.19699635586950429,0.15207424257102786,18
1.6737698846177205,1.5832220621853692,1.8046596340522958,2.1661534028379203,1.5233736659409371,2.663033241170066,2.450880731684648,16
1.2574255814264643,1.280924193709862,0.4897213031907089,1.1852994641931829,1.048069114169955,1.2489835201457171,1.301477487127838,16
1.1741567207882129,1.4824561060268677,1.326500241011719,1.2434165894559166,0.998511293606156,1.5819694221933862,0.8704512704190341,17
0.34146811440569863,0.8274773909965999,0.3701814549305645,0.19526913734906653,0.20558616458537127,0.35493918040129,0.11615539117862751,11
1.00761899951171,1.4320731279476162,0.8483408479711414,0.9436545749428684,0.9489534730423568,1.1303858016081911,0.6549381620646324,14
0.42473697504395,0.6259454786795944,0.011561910150131954,0.017858965494405167,-0.04896082285596051,-0.06471428519303306,0.008398837001426452,11
0.9659845691925844,1.3313071717891136,0.8483408479711414,0.7998911598192635,0.6786380881489077,0.71529378672685,1.0859643787734363,15
-1.3655435286784539,-1.2886076883319553,-0.8252170276708785,-1.2841685601285986,-1.3059273626105001,-1.2370071184293483,-1.1410044075553838,9
-0.9075647951680714,-0.9863098198564477,-0.705677179410734,-1.0853468158087194,-1.0648961444138412,-1.1275323013177856,-1.0009208871250224,10
0.008392671852693824,0.021349741728578526,-0.10797793811001244,-0.24519749622112733,-0.2990025538824012,-0.25629521513826736,-0.0275200143909739,11
-1.199005807401951,-1.2382247102527046,-0.9447568759310225,-1.1465227371379132,-1.1009381957329678,-1.0910406956139316,-1.1769232589477843,11
0.5080058356822015,0.5755625006003435,0.7288009997109977,0.33189536165093236,0.12223892090989094,0.395992236818126,0.18799309396342823,12
-2.36476985633747,-2.2458842718377308,-1.6619959654918883,-1.5441662257776714,-1.501906016658251,-1.483325456930364,-1.5361117728717872,6
-2.531307577613973,-2.447416184154736,-2.0206155102723216,-1.5788325811975479,-1.5221796705252597,-1.538062865486145,-1.5720306242641877,5
-2.239866565380093,-2.145118315679228,-1.6619959654918883,-1.5400878310223918,-1.5041586448656963,-1.4650796540784368,-1.5361117728717872,6
-2.906017450486104,-2.8504800087887467,-2.1401553585324655,-1.6420476999043814,-1.583000632126286,-1.6156075276068351,-1.6582358676059483,5
1.2157911511073387,1.4320731279476162,1.2069603927515746,1.1455351153292073,0.8250589216328593,1.1212629001822274,1.157802081558237,12
1.0908878601499614,1.2305412156306108,1.326500241011719,1.1404371218851075,0.9354377037976843,0.8475758574033215,1.2296397843430373,13
1.29906001174559,1.4320731279476162,1.6851197857921514,1.8674109870136915,1.0728480244518548,1.1349472523211728,2.7741503942162513,17
1.2574255814264643,1.4824561060268677,1.4460400892718634,1.2434165894559166,0.8363220626700867,0.7837155474215767,1.6247471496594412,21
0.05002710217181954,0.3236476102040867,-0.10797793811001244,-0.09225769289814341,-0.20889742558458463,-0.08296008804495991,-0.14605222398589487,9
-0.0748761887855576,-0.029033236350672283,-0.4665974828904456,-0.37264733232361397,-0.3147709513345191,-0.36577003224982974,-0.4441786905428176,10
-0.7826615042106942,-0.6840119513809395,-0.4665974828904456,-0.9609557757726925,-0.9387489647968981,-1.059110540623059,-0.9650020357326221,9
-0.03324175846643189,-0.029033236350672283,-0.4665974828904456,-0.41139208249876996,-0.4274023617067895,-0.3566471308238664,-0.4154436094288973,11
0.17493039312919667,0.07173271980782989,0.4897213031907089,-0.11672806142982087,-0.3936129385951083,-0.3201555251200122,0.27060645216594903,10
0.05002710217181954,0.07173271980782989,0.8483408479711414,-0.18198237751429389,-0.4431707591589074,-0.3748929336757933,0.18440120882418817,17
-0.4912204919768143,-0.5832459952224374,-0.5861373311505896,-0.831466742292566,-0.9139700545149986,-0.8173536528350253,-0.7494889273782201,9
1.1741567207882129,1.3313071717891136,0.8483408479711414,1.0568300294018764,0.6133118701329907,0.6696792795970322,1.2655586357354376,17
1.757038745255972,1.8351369525816261,2.043739330572585,1.8908617568565491,1.2508056528400422,1.4588102529428788,2.450880731684648,21
1.1325222904690873,1.381690149868365,1.0874205444914302,1.0017717002056024,0.7709958446541694,0.7563468431436859,1.5529094468746405,16
1.465597733022092,1.7847539745023746,1.0874205444914302,1.9958804218049984,1.5594157172600638,1.2854751258495714,1.6965848524442415,29
0.42473697504395,-0.07941621442992365,0.3701814549305645,0.21158271637018486,0.005102254122729424,0.5830117160503785,0.4394250537102303,17
0.38310254472482436,0.5755625006003435,-0.3470576346303012,0.04130973533726262,0.08619686959076432,-0.03734558091514241,0.008398837001426452,15
0.46637140536307575,0.5251795225210922,0.25064160667042007,0.3400521511614915,0.3137123185427509,0.28651741970656336,0.15207424257102786,19
0.8827157085543329,0.7267114348380971,0.1311017584102757,0.37267930920372816,0.28893340826085134,0.5145899553556519,0.47534390510263064,12
0.5080058356822015,0.5755625006003435,0.011561910150131954,0.16162238061801015,0.0974600106279914,-0.17418910230459542,0.5471816078874313,13
0.2165648234483224,0.4244135663625895,-0.22751778637015682,0.1860927491496876,0.08394424138331891,0.5282743074945973,0.3675873509254296,11
0.8410812782352072,1.0793922813928567,0.25064160667042007,0.841694706060879,0.7394590497499336,1.1486316044601181,0.8704512704190341,15
0.13329596281007097,0.12211569788708126,-0.10797793811001244,-0.043316955834788486,-0.04896082285596051,-0.009976876637251756,-0.0275200143909739,11
0.38310254472482436,0.47479654444184083,0.6092611514508532,0.470560783330438,0.36327013910655,0.35493918040129,0.33166849953302924,14
0.5496402660013272,0.47479654444184083,0.1311017584102757,0.4980899479285748,0.5209541136277287,0.08581358833536552,0.33166849953302924,14
0.46637140536307575,0.5251795225210922,-0.22751778637015682,0.1881319465273274,-0.010666143329388473,0.00370747550169357,0.3675873509254296,13
1.0908878601499614,1.0290093033136054,0.3701814549305645,0.9395761801875889,0.7890168703137327,0.9570506745148836,1.2296397843430373,11
1.0908878601499614,1.2305412156306108,0.8483408479711414,0.8865570483689544,0.5705119341915278,0.7563468431436859,1.2655586357354376,15
0.8410812782352072,0.9282433471551026,1.326500241011719,1.1016923717099518,1.0277954603029467,0.34581627897532646,0.9422889732038349,17
0.8410812782352072,0.9282433471551026,0.25064160667042007,0.2533862626118004,-0.06698184851552381,0.3914307861051442,0.47534390510263064,15
0.9659845691925844,1.129775259472108,0.8483408479711414,0.8549494890155376,0.29343866467574214,0.7198552374398318,1.7325037038366418,12
0.6745435569587044,0.7770944129173485,0.6092611514508532,0.37064011182608814,0.34074385703209586,0.25914871542867274,0.4394250537102303,19
0.7578124175969557,1.1801582375513595,0.3701814549305645,0.4277376384000022,0.30470180571296923,0.4644139975128526,0.762694716241833,11
0.2581992537674481,0.4244135663625895,0.8483408479711414,0.09228966977825734,-0.14357120756866765,0.19528840544692813,0.47534390510263064,10
0.46637140536307575,0.3236476102040867,0.9678806962312858,0.05150572222546156,0.03213379261207439,-0.1559432994526683,0.044317688393826805,12
0.7994468479160814,1.129775259472108,2.043739330572585,0.7234212581577713,0.08394424138331891,0.815645702412449,1.1218832301658366,23
0.7994468479160814,0.6259454786795944,2.043739330572585,0.5837362377894459,0.08394424138331891,0.3093246732714723,0.8704512704190341,15
0.6329091266395787,0.978626325234354,1.2069603927515746,0.6122850010764029,0.35651225448421375,0.6879250824489593,0.8704512704190341,13
0.8410812782352072,0.7770944129173485,1.2069603927515746,0.7050684817590135,0.35651225448421375,0.45529109608688906,1.301477487127838,17
0.6329091266395787,0.6259454786795944,0.8483408479711414,0.563344264013048,0.5727645623989732,0.6058189696152874,0.5471816078874313,15
0.29983368408657385,0.5251795225210922,2.2828190270928728,0.021937360249684745,-0.1210449254942135,-0.21524215872143138,0.47534390510263064,12
0.5080058356822015,0.47479654444184083,2.043739330572585,0.4613843951310586,0.09971263883543681,0.36862353254023533,0.9063701218114345,15
0.29983368408657385,0.27326463212483537,0.9678806962312858,0.12287763044285416,0.00284962591528401,0.21353420829885497,0.08023653978622716,11
0.29983368408657385,0.3740305882833381,0.3701814549305645,0.09127007108943755,-0.26521313077072,0.25914871542867274,0.2598307967482289,16
1.29906001174559,1.2305412156306108,1.0874205444914302,0.572520652212427,0.3587648826916591,0.5875731667633602,0.7267758648494331,10
-0.5744893526150657,-0.5832459952224374,0.011561910150131954,-0.6326449979726869,-0.6233810157545404,-0.49349065221331945,-0.7458970422389801,10
-0.2830483403811862,-0.2809481267469291,0.1311017584102757,-0.3186086018161597,-0.49723383613759736,0.00370747550169357,-0.20711427135297547,10
-1.7818878318697104,-1.8932034252829715,-1.3033764207114553,-1.3922460211435073,-1.3442220421370723,-1.3145517805500382,-1.392436367302186,6
-2.07332884410359,-2.145118315679228,-1.6619959654918883,-1.5268330480677335,-1.4793797345837971,-1.4513953019394914,-1.5361117728717872,5
-2.1149632744227156,-2.145118315679228,-1.4229162689715997,-1.4860491005149377,-1.4455903114721158,-1.4696411047914186,-1.500192921479387,6
-1.032468086125448,-1.1878417321734531,-0.5861373311505896,-1.1200131712285957,-1.1167065931850857,-1.122970850604804,-1.1769232589477843,9
-2.0316944137844644,-2.094735337599977,-1.4229162689715997,-1.5033822782248756,-1.4703692217540154,-1.4513953019394914,-1.500192921479387,5
-1.6569845409123334,-1.7924374691244687,-1.1838365724513114,-1.3902068237658676,-1.3487272985519632,-1.337359034114947,-1.392436367302186,4
-1.490446819635831,-1.5909055568074635,-1.1838365724513114,-1.2760117706180394,-1.2676326830839282,-1.1092864984658586,-1.3205986645173855,6
-2.6145764382522243,-2.5985651183924903,-2.1401553585324655,-1.6114597392397845,-1.5492112090146046,-1.5699930204770174,-1.6438683270489882,3
-1.3655435286784539,-1.389373644490458,-1.1838365724513114,-1.3055801325938163,-1.2383485163871377,-1.2963059776981112,-1.3205986645173855,5
-1.323909098359328,-1.490139600648961,-0.5861373311505896,-1.2454238099534427,-1.1978012086531207,-1.2415685691423302,-1.2128421103401843,9
-2.697845298890475,-2.6993310745509924,-2.0206155102723216,-1.6185969300615237,-1.5537164654294955,-1.5745544711899992,-1.6438683270489882,5
-2.4064042866565956,-2.4977991622339872,-1.901075662012177,-1.5788325811975479,-1.4996533884508054,-1.5608701190510539,-1.607949475656588,4
-2.906017450486104,-2.8504800087887467,-2.379235055052754,-1.6410281012155612,-1.5762427475039495,-1.5928002740419263,-1.6797871784413885,4
-3.0725551717626063,-3.0016289430265006,-2.379235055052754,-1.6583612789254996,-1.5897585167486221,-1.620168978319817,-1.6797871784413885,3
0.38310254472482436,0.3740305882833381,0.3701814549305645,-0.19523716046895262,-0.3485603744462003,-0.19699635586950429,-0.0275200143909739,14
0.38310254472482436,0.4244135663625895,0.4897213031907089,0.2911114140981366,0.16729148505879923,0.6788021810229958,0.15207424257102786,12
-1.1573713770828253,-1.0870757760149505,-1.064296724191167,-1.2005614676453675,-1.2203274907275747,-1.1092864984658586,-1.1050855561629835,9
0.05002710217181954,0.12211569788708126,1.0874205444914302,-0.15649241029379662,-0.27197101539305624,-0.22436506014739493,-0.2430331227453758,20
-0.53285492229594,-0.532863017143186,-0.22751778637015682,-0.7560164393198939,-0.7540334517863743,-0.6850715821585539,-0.7818158936313805,13
-0.44958606165768905,-0.38171408290543185,-0.4665974828904456,-0.7305264720993967,-0.7878228748980555,-0.6850715821585539,-0.602221636669379,12
-0.7410270738915685,-0.7343949294601909,-0.705677179410734,-0.9150738347757973,-0.8554017211214178,-0.862968159964843,-0.9254912992009817,9
-0.44958606165768905,-0.38171408290543185,0.011561910150131954,-0.6734289455254826,-0.6751914645257849,-0.5299822579171737,-0.6740593394541796,10
-0.4912204919768143,-0.2809481267469291,-0.22751778637015682,-0.764173228830453,-0.7652965928236014,-0.9177055685206241,-0.602221636669379,11
-0.03324175846643189,-0.029033236350672283,0.011561910150131954,-0.5123323526919394,-0.7179914004672476,-0.32471697583299397,-0.42981114998585745,11
-1.9484255531462134,-1.7924374691244687,-1.5424561172317441,-1.452402343783881,-1.425316657605107,-1.4149036962356372,-1.4283552186945863,7
-2.07332884410359,-2.0443523595207256,-1.6619959654918883,-1.4982842847807762,-1.4681165935465696,-1.4650796540784368,-1.4822334957831869,5
-1.2406402377210768,-1.1878417321734531,-0.5861373311505896,-1.138365947627354,-1.2000538368605658,-1.0454261884841136,-1.0799423601883031,10
-0.19977947974293475,-0.3313311048261805,0.011561910150131954,-0.4582936221844851,-0.5287706310418332,-0.3566471308238664,-0.42981114998585745,15
-0.6993926435724429,-0.532863017143186,-0.5861373311505896,-0.8437019265584048,-0.9049595416852169,-0.8036693006960799,-0.7746321233529004,11
-0.8659303648489457,-0.8351608856186936,-0.5861373311505896,-1.1016603948298378,-1.16851704195633,-1.1275323013177856,-0.9003481032263014,15
-0.6577582132533172,-0.5832459952224374,-0.5861373311505896,-0.9527989862621333,-0.9139700545149986,-1.0134960334932412,-0.8752049072516214,8
-1.199005807401951,-1.1878417321734531,-0.8252170276708785,-1.165895112225491,-1.1730222983712209,-1.182269709873567,-1.1050855561629835,10
-1.698618971231459,-1.641288534886715,-1.5424561172317441,-1.3728736460559294,-1.3554851831742993,-1.3008674284110928,-1.3637012861882656,11
-2.239866565380093,-2.145118315679228,-1.7815358137520325,-1.5268330480677335,-1.4771271063763514,-1.483325456930364,-1.5217442323148271,8
-2.65621086857135,-2.548182140313239,-2.25969520679261,-1.6033029497292253,-1.5424533243922685,-1.5973617247549081,-1.604357590517348,7
0.34146811440569863,0.4244135663625895,0.4897213031907089,-0.06880692305528573,0.005102254122729424,-0.22892651086037671,-0.06343886578337406,12
0.2581992537674481,0.17249867596633262,0.9678806962312858,0.09432886715589713,0.04564956185674687,0.1816040533079828,0.11615539117862751,11
1.0492534298308358,1.0793922813928567,0.4897213031907089,0.680598113227336,0.6110592419255453,0.2044113068728917,0.6549381620646324,17
0.7578124175969557,0.8274773909965999,0.3701814549305645,0.325777769518013,0.24838610052683388,0.13142809546518328,0.762694716241833,13
0.29983368408657385,0.3236476102040867,0.6092611514508532,-0.05861093616708679,-0.10978178445698643,-0.06471428519303306,0.08023653978622716,12
-0.3663172010194376,-0.38171408290543185,-0.4665974828904456,-0.6418213861720659,-0.6842019773555665,-0.45243759579648346,-0.602221636669379,13
-0.3246827707003119,-0.1801821705884264,-0.3470576346303012,-0.48480318809380235,-0.3260340923717462,-0.3612085815368482,-0.8536535964161812,9
-0.19977947974293475,-0.23056514866767774,0.25064160667042007,-0.41241168118759,-0.44542338736635284,-0.12857459517477765,-0.5663027852769786,10
0.008392671852693824,-0.029033236350672283,0.25064160667042007,-0.06880692305528573,-0.2336763358664842,0.22265710972481853,0.11615539117862751,14
1.1325222904690873,0.9282433471551026,0.6092611514508532,0.7376956398012496,0.4466173827820303,1.071086942339428,0.9422889732038349,12
1.1325222904690873,1.2305412156306108,0.7288009997109977,1.0140068844714412,0.7191853958829251,0.7472239417177224,1.4451528926974393,13
-0.03324175846643189,-0.07941621442992365,0.1311017584102757,-0.344098569036657,-0.4161392206695625,-0.6850715821585539,-0.13527656856817477,13
-0.6993926435724429,-0.6840119513809395,-0.8252170276708785,-0.9477009928180339,-0.9522647340415706,-0.9131441178076424,-0.8716130221123815,8
-0.0748761887855576,-0.07941621442992365,-0.4665974828904456,-0.3461377664142967,-0.40037082321744455,-0.014538327350233532,-0.4944650824921779,13
-0.4079516313385633,-0.5832459952224374,-0.5861373311505896,-0.7682516235857326,-0.8463912082916362,-0.8082307514090616,-0.602221636669379,11
0.17493039312919667,0.07173271980782989,0.25064160667042007,-0.1942175617801326,-0.3598235154834271,-0.16050475016565008,-0.14605222398589487,11
-0.44958606165768905,-0.532863017143186,-0.22751778637015682,-0.5755474713987728,-0.7157387722598023,-0.4980521029263012,-0.38670852831497704,14
-1.4488123893167053,-1.5405225787282122,-1.7815358137520325,-1.3249525076813944,-1.3014221061956093,-1.2963059776981112,-1.284679813124985,10
-0.3246827707003119,-0.532863017143186,-0.22751778637015682,-0.5051951618702002,-0.5152548617971606,-0.4433146943705199,-0.508832623049138,12
-0.7410270738915685,-0.7847779075394422,-0.3470576346303012,-0.8620547029571628,-0.8599069775363086,-0.6850715821585539,-1.0260640830997028,12
-2.0316944137844644,-1.9939693814414743,-1.4229162689715997,-1.4687159228049993,-1.4343271704348888,-1.4057807948096737,-1.4678659552262268,7
-0.9491992254871972,-0.885543863697945,-0.5861373311505896,-0.9007994531323188,-0.8756753749884265,-0.7306860892883715,-1.0081046574035026,11
-0.6161237829341915,-0.5832459952224374,0.011561910150131954,-0.7233892812776573,-0.6729388363183395,-0.6531414271676814,-0.7997753193275807,16
-0.6161237829341915,-0.6336289733016887,-0.10797793811001244,-0.7866043999844907,-0.7292545415044748,-0.8492838078258976,-0.8716130221123815,14
0.5496402660013272,0.47479654444184083,0.3701814549305645,0.4838155662850965,0.10196526704288222,0.42792239180899844,1.2655586357354376,20
0.38310254472482436,0.3236476102040867,0.011561910150131954,0.25440586130062043,0.08619686959076432,0.18616550402096457,0.47534390510263064,17
0.71617798727783,0.6763284567588458,0.25064160667042007,0.2809154272099377,0.24838610052683388,0.17704260259500104,0.762694716241833,10
0.71617798727783,0.6763284567588458,0.011561910150131954,0.6204417905869621,0.7574800754094969,0.5009056032167065,0.7986135676342334,11
0.29983368408657385,0.17249867596633262,0.011561910150131954,0.180994755705588,0.18531251071836252,0.15423534903009214,0.15207424257102786,10
0.5080058356822015,0.27326463212483537,0.8483408479711414,0.31252298656335425,0.20783879279281667,0.6286262231801962,0.22391194535582856,10
0.46637140536307575,0.3740305882833381,0.25064160667042007,0.11777963699875457,0.10647052345777305,0.25914871542867274,0.11615539117862751,11
0.8827157085543329,0.7267114348380971,0.8483408479711414,1.098633575643492,0.6403434086223354,1.1212629001822274,1.9839356635834444,17
0.8410812782352072,0.8274773909965999,0.8483408479711414,0.8243615283509409,0.8881325114413309,0.6058189696152874,0.9063701218114345,11
0.2165648234483224,0.17249867596633262,0.25064160667042007,-0.046375751901248055,0.07493372855353725,-0.08752153875794168,0.044317688393826805,14
1.00761899951171,1.1801582375513595,1.2069603927515746,1.2943965238969117,1.3611844350048674,1.4861789572207695,1.409234041305039,19
-0.53285492229594,-0.532863017143186,0.011561910150131954,-0.6836249324136815,-0.6459072978289946,-0.43419179294455634,-0.8895724478085815,13
-0.9491992254871972,-1.036692797935699,-0.9447568759310225,-0.9497401901956737,-0.8373806954618546,-1.0545490899100773,-0.9254912992009817,11
-0.24141391006206045,-0.1801821705884264,-0.3470576346303012,-0.33288298345963824,-0.33954986161641865,-0.16962765159161364,-0.27895197413777595,11
-0.03324175846643189,0.17249867596633262,0.7288009997109977,-0.3022950227950414,-0.3575708872759817,-0.060152834480051286,-0.3148708255301763,10
0.2165648234483224,0.021349741728578526,0.1311017584102757,-0.00049381090435293,-0.22466582303670254,0.0903750390483473,0.08023653978622716,13
-0.6161237829341915,-0.7343949294601909,0.011561910150131954,-0.7468400511205149,-0.8801806314033174,-0.9541971742244784,-0.6381404880617793,14
-0.9908336558063224,-0.9863098198564477,-0.4665974828904456,-1.0588372498994023,-0.9973172981904788,-1.118409399891822,-1.0332478533781828,13
-0.11651061910468331,-0.07941621442992365,0.25064160667042007,-0.17076679193727515,-0.32828672057919156,-0.1194516937488141,-0.0275200143909739,13
-1.2822746680402024,-1.1878417321734531,-0.5861373311505896,-1.1801694938689695,-1.118959221392531,-1.1275323013177856,-1.1769232589477843,9
0.008392671852693824,0.021349741728578526,0.8483408479711414,0.09228966977825734,-0.003908258707052231,0.24090291257674562,-0.2430331227453758,18
1.1325222904690873,1.129775259472108,0.9678806962312858,1.3973759914677208,0.750722190787161,1.0665254916264462,1.301477487127838,19
0.09166153249094526,0.12211569788708126,0.25064160667042007,-0.2635502726198854,-0.45893915661102536,-0.2517337644252856,0.008398837001426452,12
0.42473697504395,0.47479654444184083,0.9678806962312858,0.04844692615900199,-0.26070787435582915,0.017391827640638895,0.4394250537102303,13
0.2165648234483224,0.222881654045584,0.011561910150131954,-0.23500150933292838,-0.46344441302591616,0.04932198263151132,-0.09935771717577441,9
0.6745435569587044,0.6259454786795944,0.011561910150131954,0.22483749932484337,-0.09401338700486854,0.18616550402096457,0.5831004592798317,13
0.6745435569587044,0.8778603690758512,0.1311017584102757,0.45934519775341903,0.04339693364930146,0.4096765889570713,0.8704512704190341,12
0.29983368408657385,0.3740305882833381,1.326500241011719,0.31048378918571445,-0.24493947690371126,0.40055368753110776,0.6908570134570328,16
0.09166153249094526,0.12211569788708126,0.1311017584102757,0.19832793341552635,0.17404936968113546,0.1451124476041286,0.08023653978622716,17
-1.1573713770828253,-0.9359268417771963,-0.705677179410734,-1.1067583882739371,-1.0671487726212865,-1.0682334420490227,-1.1158612115807036,10
-1.1157369467636995,-1.0870757760149505,-0.9447568759310225,-1.1495815332043726,-1.134727618844649,-1.100163597039895,-1.0943099007452635,13
-0.44958606165768905,-0.6336289733016887,-0.5861373311505896,-0.6938209193018805,-0.7157387722598023,-0.662264328593645,-0.5232001636060982,11
-0.0748761887855576,-0.1801821705884264,0.011561910150131954,-0.5571946950000147,-0.7179914004672476,-0.6120883707508454,-0.11013337259349451,12
-0.82429593452982,-0.6336289733016887,-0.3470576346303012,-0.8233099527820069,-0.8982016570628807,-0.9222670192336059,-0.609405406947859,13
-1.490446819635831,-1.389373644490458,-1.1838365724513114,-1.2923253496391578,-1.2676326830839282,-1.2324456677163664,-1.291863583403465,9
-0.3246827707003119,-0.38171408290543185,-0.22751778637015682,-0.7560164393198939,-0.8035912723501734,-0.6166498214638272,-0.7387132719605001,10
-1.2822746680402024,-1.2382247102527046,-0.9447568759310225,-1.225031836177045,-1.3149378754402818,-1.0317418363451685,-1.1338206372769037,10
-1.4488123893167053,-1.4397566225697094,-1.1838365724513114,-1.328011303747854,-1.3599904395891902,-1.2643758227072386,-1.2272096508971444,12
-0.6993926435724429,-0.6336289733016887,0.7288009997109977,-0.8569567095130635,-0.9432542212117889,-0.8948983149557153,-0.6273648326440592,12
-2.739479729209601,-2.6489480964717416,-2.1401553585324655,-1.624714522194443,-1.5739901192965042,-1.5745544711899992,-1.6295007864920281,4
-1.6569845409123334,-1.6916715129659663,-1.5424561172317441,-1.3738932447447492,-1.4050430037380983,-1.3236746819760017,-1.284679813124985,9
-0.24141391006206045,-0.38171408290543185,-0.3470576346303012,-0.7162520904559181,-0.78557024669061,-1.004373132067278,-0.501648852770658,18
-0.6161237829341915,-0.5832459952224374,0.1311017584102757,-0.6193902150180282,-0.6796967209406758,-0.7352475400013533,-0.5267920487453382,15
-0.9075647951680714,-0.6336289733016887,-0.10797793811001244,-0.9018190518211386,-1.042369862339387,-1.0089345827802596,-0.6525080286187395,13
-0.44958606165768905,-0.532863017143186,0.011561910150131954,-0.8069963737608886,-0.9319910801745619,-0.780862047131171,-0.6237729475048192,12
-1.698618971231459,-1.6916715129659663,-1.3033764207114553,-1.3433052840801525,-1.3239483882700636,-1.2187613155774213,-1.3637012861882656,7
-1.7818878318697104,-1.8428204472037202,-1.5424561172317441,-1.425892777874564,-1.41405351656788,-1.341920484827929,-1.399620137580666,9
-2.4064042866565956,-2.3970332060754846,-2.0206155102723216,-1.5849501733304672,-1.5379480679773776,-1.5517472176250902,-1.5756225094034277,7
-1.490446819635831,-1.5405225787282122,-1.4229162689715997,-1.3453444814577922,-1.3487272985519632,-1.259814371994257,-1.3277824347958656,10
-0.3246827707003119,-0.2809481267469291,0.011561910150131954,-0.3175890031273397,-0.6391494132066583,-0.461560497222447,-0.3148708255301763,18
-0.19977947974293475,-0.23056514866767774,-0.5861373311505896,-0.306373417550321,-0.292244669260065,-0.3885772858147386,-0.3148708255301763,12
-0.19977947974293475,-0.23056514866767774,-0.8252170276708785,-0.6744485442143024,-0.8103491569725096,-0.6485799764546997,-0.4944650824921779,17
-0.4912204919768143,-0.4824800390639346,-0.8252170276708785,-0.6744485442143024,-0.6549178106587762,-0.5892811171859366,-0.7099781908465798,15
0.008392671852693824,-0.029033236350672283,0.4897213031907089,-0.3481769637919365,-0.4228971052918987,-0.621211272176809,-0.09935771717577441,12
-0.82429593452982,-0.7343949294601909,-1.064296724191167,-1.0333472826789047,-1.0761592854510682,-1.0910406956139316,-0.8177347450237809,10
-1.199005807401951,-1.036692797935699,-1.064296724191167,-1.1159347764733163,-1.0536330033766141,-1.1685853577346217,-1.069166704770583,8
0.05002710217181954,0.07173271980782989,0.1311017584102757,0.2350334862130423,0.11322840808010928,0.04019908120554777,0.18799309396342823,21
-1.5320812499549563,-1.4397566225697094,-1.3033764207114553,-1.3157761194820154,-1.272137939498819,-1.2278842170033848,-1.2487609617325848,10
-0.4079516313385633,-0.4320970609846832,-0.5861373311505896,-0.6907621232354207,-0.6143705029247588,-0.5208593564912101,-0.7566726976567003,9
-0.7826615042106942,-0.6840119513809395,-0.4665974828904456,-0.8926426636217596,-0.9184753109298894,-0.780862047131171,-0.7063863057073397,7
-0.53285492229594,-0.4320970609846832,-0.3470576346303012,-0.7376636629211358,-0.7652965928236014,-0.7854234978441528,-0.5806703258339387,10
-0.44958606165768905,-0.4824800390639346,-0.22751778637015682,-0.6244882084621277,-0.7270019132970293,-0.6759486807325903,-0.5303839338845783,9
-1.3655435286784539,-1.1374587540942018,-0.9447568759310225,-1.2607177902857412,-1.321695760062618,-1.1685853577346217,-1.1769232589477843,9
-1.4071779589975795,-1.4397566225697094,-1.1838365724513114,-1.347383678835432,-1.3937798627008713,-1.2734987241332023,-1.2631285022895449,8
-1.199005807401951,-1.7420544910452176,-0.9447568759310225,-1.1638559148478513,-1.1437381316744306,-1.1549010055956763,-1.1410044075553838,7
-1.4071779589975795,-1.490139600648961,-1.3033764207114553,-1.301501737838537,-1.2541169138392556,-1.205076963438476,-1.3205986645173855,6
-0.6993926435724429,-0.6336289733016887,-0.4665974828904456,-0.6968797153683401,-0.7337597979193655,-0.662264328593645,-0.5663027852769786,14
-0.11651061910468331,-0.07941621442992365,-0.22751778637015682,-0.5204891422024985,-0.6323915285843221,-0.4022616379536839,-0.3148708255301763,13
-1.6569845409123334,-1.6916715129659663,-1.3033764207114553,-1.337187691947233,-1.260874798461592,-1.3008674284110928,-1.3565175159097855,7
0.7994468479160814,0.7770944129173485,0.9678806962312858,0.7132252712695726,0.4871646905160477,0.7745926459956131,1.0859643787734363,13
0.5496402660013272,0.4244135663625895,0.4897213031907089,0.14530880159689183,-0.006160886914497645,-0.22436506014739493,0.5471816078874313,19
-1.6153501105932075,-1.5405225787282122,-1.064296724191167,-1.3076193299714562,-1.287906336950937,-1.2370071184293483,-1.284679813124985,7
-0.6161237829341915,-0.6840119513809395,-0.22751778637015682,-0.9324070124857354,-0.8959490288554353,-0.9222670192336059,-0.9614101505933821,9
-0.6577582132533172,-0.7847779075394422,-0.4665974828904456,-0.9823673482379103,-1.0784119136585137,-0.8812139628167699,-0.9614101505933821,11
-1.6153501105932075,-1.9435864033622228,-1.5424561172317441,-1.4564807385391605,-1.4163061447753256,-1.4057807948096737,-1.4642740700869867,6
-0.3663172010194376,-0.3313311048261805,0.1311017584102757,-0.10551247585280192,-0.6459072978289946,-0.461560497222447,-0.4944650824921779,9
-0.53285492229594,-0.5832459952224374,-0.4665974828904456,-0.6938209193018805,-0.7495281953714835,-0.6896330328715357,-0.602221636669379,11
-0.4079516313385633,-0.4824800390639346,-0.3470576346303012,-0.7784476104739315,-0.8554017211214178,-0.9085826670946606,-0.7099781908465798,9
-2.239866565380093,-2.296267249916982,-1.7815358137520325,-1.5288722454453731,-1.4658639653391246,-1.5198170626342178,-1.5361117728717872,5
-1.573715680274082,-1.641288534886715,-1.1838365724513114,-1.3504424749018917,-1.3509799267594085,-1.2826216255591658,-1.284679813124985,6
-0.44958606165768905,-0.5832459952224374,-0.22751778637015682,-0.7397028602987756,-0.7878228748980555,-0.7443704414273168,-0.6740593394541796,11
-1.7818878318697104,-1.8428204472037202,-1.4229162689715997,-1.4156967909863647,-1.375758837041308,-1.4285880483745825,-1.3565175159097855,7
-1.2822746680402024,-1.2886076883319553,-0.705677179410734,-1.2199338427329454,-1.1932959522382298,-1.223322766290403,-1.1769232589477843,10
-1.9067911228270877,-1.9435864033622228,-1.5424561172317441,-1.4269123765633838,-1.3937798627008713,-1.3784120905317832,-1.4283552186945863,7
0.2581992537674481,0.27326463212483537,0.6092611514508532,0.2880526180316768,-0.1052765280420956,0.4644139975128526,0.40350620231782997,17
0.7578124175969557,1.0793922813928567,0.7288009997109977,0.6347161722304404,0.3204702031650871,0.40055368753110776,1.301477487127838,16
0.46637140536307575,0.8274773909965999,1.326500241011719,0.994634509383863,0.7709958446541694,0.6696792795970322,1.2296397843430373,18
0.5080058356822015,0.6763284567588458,1.0874205444914302,0.2646018481888193,0.24838610052683388,-0.17418910230459542,0.6549381620646324,11
1.0492534298308358,1.1801582375513595,0.9678806962312858,1.6257660977633768,1.0705953962444092,1.4953018586467326,2.0916922177606456,18
0.09166153249094526,0.4244135663625895,0.7288009997109977,-0.09735568634224277,-0.24268684869626586,-0.22892651086037671,0.40350620231782997,11
-0.9075647951680714,-0.6840119513809395,-0.22751778637015682,-0.9405638019962946,-0.9612752468713522,-0.8401609063999341,-0.8536535964161812,10
-1.199005807401951,-1.036692797935699,-0.8252170276708785,-1.116954375162136,-1.1482433880893215,-1.0864792449009497,-1.069166704770583,12
-0.6161237829341915,-0.532863017143186,-0.4665974828904456,-0.8498195186913241,-1.1031908239404131,-1.040864737771132,-0.5663027852769786,19
-1.0741025164445739,-1.1374587540942018,-1.064296724191167,-1.232169026998784,-1.2676326830839282,-1.1549010055956763,-1.1410044075553838,10
-0.5744893526150657,-0.5832459952224374,-0.4665974828904456,-0.7040169061900794,-0.801338644142728,-0.33383987725895753,-0.5663027852769786,11
-0.3246827707003119,-0.2809481267469291,0.25064160667042007,-0.4562544248068453,-0.64815992603644,-0.3703314829628115,-0.4226273797073774,15
0.2165648234483224,0.17249867596633262,0.3701814549305645,0.180994755705588,-0.3688340283132088,0.5693273639114332,0.6908570134570328,13
-0.6161237829341915,-0.5832459952224374,0.1311017584102757,-0.583704260909332,-0.8238649262171821,-0.5254208072041918,-0.4585462310997777,13
-0.4079516313385633,-0.23056514866767774,0.1311017584102757,-0.43076445758634785,-0.560307425946069,-0.662264328593645,-0.1711954199605751,14
-0.19977947974293475,-0.2809481267469291,0.3701814549305645,-0.35429455592485587,-0.5355285156641694,-0.3429627786849211,-0.2430331227453758,17
0.05002710217181954,0.021349741728578526,0.6092611514508532,-0.03516016632422934,-0.5377811438716148,-0.10576734160986878,0.008398837001426452,19
-0.2830483403811862,-0.1801821705884264,0.25064160667042007,-0.5215087408913186,-0.6053599900949771,-0.5162979057782283,-0.4944650824921779,21
-0.2830483403811862,-0.23056514866767774,0.25064160667042007,-0.08614010076522405,-0.5332758874567239,-0.3703314829628115,0.008398837001426452,23
-0.03324175846643189,-0.12979919250917502,0.9678806962312858,-0.3848825165894527,-0.9072121698926623,-0.6440185257417179,0.044317688393826805,22
0.13329596281007097,0.07173271980782989,0.1311017584102757,-0.1809627788254741,-0.4319076181216804,-0.11489024303583233,0.044317688393826805,12
-0.19977947974293475,-0.3313311048261805,-0.5861373311505896,-0.477665997272063,-0.78557024669061,-0.29734827155510335,-0.3507896769225767,11
-0.6161237829341915,-0.2809481267469291,0.6092611514508532,-0.024964179436030392,-0.49272857972270656,0.09949794047431085,0.18799309396342823,23
-1.2822746680402024,-1.3389906664112068,-0.9447568759310225,-1.2362474217540635,-1.2000538368605658,-1.4103422455226555,-1.1410044075553838,8
-1.2822746680402024,-1.3389906664112068,-0.9447568759310225,-1.221973040110585,-1.2203274907275747,-1.223322766290403,-1.2128421103401843,7
-0.3246827707003119,-0.38171408290543185,0.011561910150131954,-0.5225283395801383,-0.6999703748076845,-0.3566471308238664,-0.4585462310997777,10
-0.7410270738915685,-0.8351608856186936,-0.5861373311505896,-0.8916230649329397,-0.9252331955522256,-0.7899849485571345,-0.8536535964161812,7
0.09166153249094526,-0.029033236350672283,1.0874205444914302,0.0117413733614858,-0.1886237717175759,-0.0738371866189966,0.3675873509254296,16
-0.11651061910468331,-0.07941621442992365,0.011561910150131954,-0.3614317467465953,-0.5130022335897153,-0.12857459517477765,-0.38670852831497704,10
0.34146811440569863,0.3236476102040867,1.0874205444914302,0.16366157799564993,-0.06923447672296923,0.4735368989388162,0.11615539117862751,15
0.09166153249094526,-0.07941621442992365,0.25064160667042007,-0.049434547967707854,-0.11203441266443184,0.29107887041954517,-0.20711427135297547,13
0.09166153249094526,-0.029033236350672283,-0.3470576346303012,0.20036713079316612,-0.44767601557379827,-0.3475242293979029,0.762694716241833,16
0.008392671852693824,-0.07941621442992365,0.7288009997109977,-0.20033515391305198,-0.36207614369087254,0.2272185604378003,-0.3148708255301763,11
0.5496402660013272,0.3236476102040867,0.25064160667042007,0.2584842560559,0.029881164404628978,0.5647659131984514,0.40350620231782997,11
-0.19977947974293475,-0.3313311048261805,0.25064160667042007,-0.39303930610001186,-0.4769601822705886,-0.32471697583299397,-0.3507896769225767,10
-2.239866565380093,-2.1955012937584795,-1.5424561172317441,-1.5135782651130747,-1.463611337131679,-1.4605182033654551,-1.5361117728717872,5
-0.7826615042106942,-0.8351608856186936,-0.5861373311505896,-0.9018190518211386,-0.954517362249016,-0.6759486807325903,-0.9254912992009817,11
-1.199005807401951,-1.1878417321734531,-0.4665974828904456,-1.1128759804068569,-1.0896750546957408,-1.0499876391970955,-1.1050855561629835,9
-2.989286311124355,-3.0016289430265006,-2.857394448093331,-1.6512240881037603,-1.5897585167486221,-1.6247304290327986,-1.6797871784413885,4
-1.7402534015505848,-1.7924374691244687,-1.1838365724513114,-1.4279319752522035,-1.425316657605107,-1.2826216255591658,-1.4283552186945863,7
-3.0725551717626063,-3.052011921105752,-2.1401553585324655,-1.65428288417022,-1.5965164013709583,-1.6156075276068351,-1.6797871784413885,4
-2.0316944137844644,-2.0443523595207256,-0.9447568759310225,-1.452402343783881,-1.3735062088338625,-1.3875349919577467,-1.500192921479387,5
-0.7826615042106942,-0.7343949294601909,-0.4665974828904456,-0.7845652026068509,-0.9207279391373347,-0.6029654693248819,-0.7099781908465798,13
-1.0741025164445739,-0.9359268417771963,-0.8252170276708785,-0.9731909600385312,-1.08516979828085,-0.8173536528350253,-0.8572454815554212,16
-1.1573713770828253,-1.2382247102527046,-0.8252170276708785,-1.0975820000745582,-1.0716540290361773,-1.0226189349192047,-1.0871261304667834,12
-0.3663172010194376,-0.23056514866767774,-0.10797793811001244,-0.5969590438639905,-0.7652965928236014,-0.35208568011088465,-0.47291377165673787,14
-0.6577582132533172,-0.7847779075394422,-0.8252170276708785,-0.7672320248969127,-0.8080965287650642,-0.7078788357234628,-0.8321022855807411,9
-1.0741025164445739,-1.1374587540942018,-0.5861373311505896,-1.0455824669447435,-1.0761592854510682,-1.1047250477528767,-0.9218994140617417,12
-1.032468086125448,-1.0870757760149505,-0.3470576346303012,-0.8396235318031252,-0.7585387082012651,-0.8264765542609888,-0.8716130221123815,9
-0.9075647951680714,-0.8351608856186936,0.011561910150131954,-0.8396235318031252,-0.927485823759671,-0.7215631878624079,-0.6812431097326598,10
-1.7402534015505848,-1.5909055568074635,-1.1838365724513114,-1.2760117706180394,-1.3419694139296268,-1.3099903298370565,-1.1445962926946238,11
-1.490446819635831,-1.490139600648961,-1.1838365724513114,-1.2678549811074804,-1.2698853112913735,-1.2506914705682937,-1.1661476035300642,10
-1.3655435286784539,-1.1374587540942018,-0.22751778637015682,-1.1261307633615152,-1.2158222343126839,-1.1275323013177856,-0.9937371168465424,10
-1.9067911228270877,-1.8428204472037202,-1.1838365724513114,-1.4646375280497197,-1.436579798642334,-1.424026597661601,-1.4858253809224269,7
-1.6569845409123334,-1.5909055568074635,-1.4229162689715997,-1.331070099814314,-1.3509799267594085,-1.3236746819760017,-1.2631285022895449,7
-1.2406402377210768,-1.0870757760149505,-0.9447568759310225,-1.187306684690709,-1.1504960162967668,-1.2141998648644394,-1.1194530967199436,11
-2.0316944137844644,-2.0443523595207256,-2.0206155102723216,-1.4585199359168004,-1.4163061447753256,-1.3966578933837102,-1.4750497255047068,7
-1.4071779589975795,-1.4397566225697094,-1.3033764207114553,-1.280090165373319,-1.3081799908179457,-1.1640239070216398,-1.2164339954794243,8
-1.4488123893167053,-1.5405225787282122,-1.4229162689715997,-1.299462540460897,-1.2586221702541465,-1.2963059776981112,-1.2631285022895449,9
-2.07332884410359,-2.094735337599977,-1.7815358137520325,-1.4789119096931982,-1.4050430037380983,-1.4605182033654551,-1.500192921479387,7
-1.9484255531462134,-2.0443523595207256,-1.6619959654918883,-1.491147093959037,-1.4568534525093428,-1.4742025555044003,-1.4642740700869867,8
-2.2815009956992185,-2.1955012937584795,-1.901075662012177,-1.5339702388894725,-1.4568534525093428,-1.5426243161991267,-1.5397036580110273,6
-2.864383020166978,-2.8504800087887467,-2.4987749033128983,-1.6359301077714619,-1.5762427475039495,-1.5973617247549081,-1.6546439824667083,4
-3.114189602081732,-3.1023948991850028,-2.737854599833187,-1.6593808776143193,-1.5987690295784038,-1.6110460768938533,-1.6797871784413885,2
-3.0309207414434804,-3.0016289430265006,-2.737854599833187,-1.6532632854814,-1.5897585167486221,-1.5973617247549081,-1.6797871784413885,3
0.2581992537674481,0.47479654444184083,0.4897213031907089,0.4664823885751584,0.14927045939923592,0.4324838425219802,0.3891386617608698,13
0.2581992537674481,0.3236476102040867,0.25064160667042007,0.536834698103731,0.25514398514917014,0.28651741970656336,1.4487447778366793,15
0.008392671852693824,0.021349741728578526,-0.22751778637015682,0.32883656558447255,0.12223892090989094,0.5693273639114332,0.40350620231782997,15
-0.4912204919768143,-0.4824800390639346,-1.4229162689715997,-0.6948405179907003,-0.7585387082012651,-0.5071750043522647,-0.602221636669379,11
-0.2830483403811862,-0.4824800390639346,-0.705677179410734,-0.6693505507702031,-0.8936964006479898,-0.6713872300196085,-0.3148708255301763,17
-1.032468086125448,-1.036692797935699,-1.3033764207114553,-1.0843272171198997,-1.1324749906372036,-1.004373132067278,-0.9973290019857824,10
-0.3663172010194376,-0.3313311048261805,-0.8252170276708785,-0.6193902150180282,-0.6346441567917674,-0.5573509621950643,-0.602221636669379,12
-0.15814504942380903,-0.07941621442992365,-0.3470576346303012,-0.11978685749628044,-0.3868550539727721,-0.19699635586950429,0.11615539117862751,13
-0.03324175846643189,-0.07941621442992365,-0.4665974828904456,-0.3614317467465953,-0.4431707591589074,0.19072695473394635,-0.5303839338845783,15
0.008392671852693824,-0.07941621442992365,-0.22751778637015682,0.0015453864732868584,-0.5355285156641694,0.017391827640638895,0.2598307967482289,11
0.17493039312919667,0.12211569788708126,-0.22751778637015682,0.10248565666645627,0.0659232157237556,-0.101205890896887,-0.06343886578337406,13
-0.03324175846643189,-0.07941621442992365,-0.4665974828904456,-0.01170939648137188,-0.27647627180794704,-0.0008539752112882052,0.18799309396342823,15
-0.15814504942380903,-0.2809481267469291,-0.22751778637015682,-0.3522553585472161,-0.5963494772651955,-0.019099778063215306,-0.13527656856817477,13
0.008392671852693824,0.17249867596633262,-0.4665974828904456,0.07699568944595903,-0.3463077462387549,-0.04190703162812418,0.3675873509254296,18
-0.11651061910468331,-0.1801821705884264,-0.3470576346303012,-0.35123575985839633,-0.4386655027440166,0.026514729066602447,-0.4585462310997777,10
-0.03324175846643189,-0.23056514866767774,-0.5861373311505896,-0.3257457926378989,-0.5445390284939511,-0.07839863733197838,-0.2430331227453758,12
-0.03324175846643189,-0.029033236350672283,-0.3470576346303012,-0.3777453257677136,-0.5310232592492786,-0.06471428519303306,-0.20711427135297547,12
0.09166153249094526,0.021349741728578526,-0.10797793811001244,0.06781930124657987,-0.3327919769940824,-0.25629521513826736,0.5831004592798317,14
-0.6577582132533172,-0.6336289733016887,-1.1838365724513114,-0.9160934334646171,-0.9747910161160247,-0.9724429770764055,-0.8177347450237809,10
0.05002710217181954,0.3236476102040867,1.565579937532007,0.012760972050305582,-0.17736063068034885,0.3366933775493629,0.044317688393826805,14
-1.3655435286784539,-1.4397566225697094,-1.1838365724513114,-1.2688745797963001,-1.2676326830839282,-1.1275323013177856,-1.284679813124985,8
0.09166153249094526,0.12211569788708126,0.25064160667042007,-0.18809996964721323,-0.36432877189831797,0.04932198263151132,-0.1711954199605751,14
-0.03324175846643189,-0.029033236350672283,0.011561910150131954,-0.022924982058390605,-0.3598235154834271,0.02195327835362067,0.15207424257102786,17
0.05002710217181954,0.07173271980782989,-0.22751778637015682,0.02805495238260411,-0.38009716935043586,0.1268666447522015,0.18799309396342823,20
0.05002710217181954,0.12211569788708126,-0.22751778637015682,0.35126773673851003,-0.0872555023825323,0.41423803967005307,0.18799309396342823,17
1.1325222904690873,1.129775259472108,1.4460400892718634,1.7277259666453662,1.4129948837761122,2.7360164525777746,1.51699059548224,17
-0.03324175846643189,-0.23056514866767774,0.011561910150131954,-0.34511816772547693,-0.4994864643450428,0.2089727575858732,-0.5663027852769786,9
0.09166153249094526,0.12211569788708126,-0.22751778637015682,-0.04739535059006807,-0.2629605025632746,0.00370747550169357,0.29574964814062926,14
1.4239633027029663,1.0793922813928567,0.8483408479711414,1.4024739849118202,0.9849955243614834,2.0974133527603263,1.0859643787734363,15
-0.11651061910468331,-0.1801821705884264,-0.8252170276708785,-0.4419800431633668,-0.7765597338608284,-0.27910246870317623,-0.3148708255301763,13
-0.3246827707003119,-0.532863017143186,-0.4665974828904456,-0.5745278727099529,-0.6504125542438853,-0.17418910230459542,-0.7099781908465798,10
0.6745435569587044,0.5251795225210922,0.7288009997109977,0.5980106194329247,-0.05571870747829675,1.1303858016081911,0.5471816078874313,13
0.46637140536307575,0.47479654444184083,0.6092611514508532,0.6275789814087015,0.04339693364930146,1.093894195904337,0.2598307967482289,13
1.0492534298308358,1.0793922813928567,0.8483408479711414,1.3290628793167878,0.7664905882392785,0.8338915052643762,2.0557733663682454,20
0.7994468479160814,0.978626325234354,1.0874205444914302,1.424905156065858,1.4895842428292556,1.709690042156876,0.7986135676342334,13
0.7578124175969557,1.1801582375513595,0.3701814549305645,0.6296181787863411,0.03438642081951981,0.5054670539296884,0.9422889732038349,20
0.6745435569587044,0.8778603690758512,1.2069603927515746,1.2403577933894574,0.4939225751383837,0.7745926459956131,1.2296397843430373,15
0.38310254472482436,0.3236476102040867,0.3701814549305645,0.585775435167086,0.5322172546649557,0.4644139975128526,0.22391194535582856,13
0.38310254472482436,0.222881654045584,-0.4665974828904456,0.47463917808571754,-0.05121345106340592,-0.12401314446179589,0.511262756495031,15
0.5080058356822015,-0.029033236350672283,0.25064160667042007,0.8722826667254756,0.34074385703209586,0.19528840544692813,0.619019310672232,15
0.2165648234483224,0.3236476102040867,0.3701814549305645,0.23911188096832187,-0.20889742558458463,0.017391827640638895,0.6908570134570328,16
0.13329596281007097,0.3236476102040867,-0.10797793811001244,0.2656214468776391,-0.5445390284939511,0.36862353254023533,0.4394250537102303,17
0.9659845691925844,1.0290093033136054,1.2069603927515746,1.5992565318540597,1.1809741784092347,1.6458297321751312,1.660666001051841,14
0.71617798727783,0.6259454786795944,0.1311017584102757,0.6612257381397578,0.1965756517555896,1.0528411394875008,0.5831004592798317,14
0.17493039312919667,0.4244135663625895,0.25064160667042007,0.3043661970527951,-0.10302389983465018,0.0903750390483473,0.4394250537102303,11
0.5496402660013272,0.3740305882833381,-0.22751778637015682,0.6194221918981423,0.10421789525032764,0.4872212510777615,0.5831004592798317,13
-1.490446819635831,-1.389373644490458,-1.064296724191167,-1.2882469548838782,-1.3194431318551727,-1.1913926112995306,-1.2128421103401843,9
0.2165648234483224,0.222881654045584,0.3701814549305645,-0.08919889683168361,-0.31702357954196453,0.42336094109601663,-0.04188755494793384,11
0.05002710217181954,0.17249867596633262,0.7288009997109977,0.24522947310124124,-0.04896082285596051,0.5373972089205608,0.28138210758366916,17
0.05002710217181954,0.47479654444184083,0.6092611514508532,0.3094641904968947,-0.19763428454735757,0.9205590688110293,0.41428185773555004,11
-0.3246827707003119,-0.3313311048261805,0.011561910150131954,-0.6275470045285874,-0.7179914004672476,-0.5254208072041918,-0.4944650824921779,8
-1.1573713770828253,-1.3389906664112068,-0.5861373311505896,-1.1424443423826336,-1.1797801829935572,-0.8948983149557153,-1.1050855561629835,8
-0.5744893526150657,-0.6840119513809395,-0.10797793811001244,-0.7478596498093347,-0.8644122339511995,-0.20611925729546784,-0.8536535964161812,9
-0.2830483403811862,-0.2809481267469291,0.011561910150131954,-0.13915923258385854,-0.5152548617971606,-0.12401314446179589,-0.38670852831497704,10
0.05002710217181954,0.021349741728578526,0.6092611514508532,-0.1972763578465924,-0.7675492210310467,-0.09664444018390524,0.511262756495031,11
-0.15814504942380903,-0.23056514866767774,0.1311017584102757,-0.3084126149279608,-0.5558021695311781,-0.014538327350233532,-0.27895197413777595,15
-0.2830483403811862,-0.2809481267469291,0.011561910150131954,-0.38794131265591253,-0.5805810798130776,-0.35208568011088465,-0.3148708255301763,13
-0.4912204919768143,-0.5832459952224374,0.011561910150131954,-0.5164107474472189,-0.7112335158449115,-0.2745410179901945,-0.3507896769225767,15
-0.44958606165768905,-0.4824800390639346,0.1311017584102757,-0.5949198464863507,-0.8418859518767454,-0.39313873652772036,-0.3148708255301763,15
0.29983368408657385,0.021349741728578526,0.6092611514508532,0.2064847229260855,-0.039950310026178854,0.5145899553556519,0.4394250537102303,13
-0.15814504942380903,-0.23056514866767774,0.25064160667042007,-0.3818237205229931,-0.5107496053822699,-0.2608566658512491,-0.1711954199605751,12
-0.0748761887855576,0.27326463212483537,0.1311017584102757,0.10758365011055564,-0.303507810297292,0.2317800111507821,0.11615539117862751,10
-1.1573713770828253,-1.2886076883319553,-0.3470576346303012,-1.1924046781348083,-1.1595065291265485,-1.3008674284110928,-1.1050855561629835,6
-2.5729420079330985,-2.548182140313239,-1.901075662012177,-1.5829109759528275,-1.524432298732705,-1.497009809069309,-1.607949475656588,5
0.2165648234483224,0.07173271980782989,0.8483408479711414,0.4348748292217416,-0.134560694738886,0.4735368989388162,0.3711792360646696,15
-0.0748761887855576,-0.1801821705884264,-0.22751778637015682,-0.5164107474472189,-0.7292545415044748,-0.461560497222447,-0.39030041345421707,9
-0.24141391006206045,-0.23056514866767774,-0.10797793811001244,-0.24417789753230754,-0.6684335799034486,-0.39313873652772036,0.16644178312798802,12
-0.15814504942380903,-0.1801821705884264,0.4897213031907089,-0.37672572707889357,-0.5039917207599336,0.1998498561599099,-0.5411595893022983,9
0.6329091266395787,0.5755625006003435,0.6092611514508532,0.11981883437639436,-0.22691845124414795,0.5966960681893239,0.16644178312798802,12
0.38310254472482436,0.5755625006003435,0.4897213031907089,0.1320540186422331,-0.2021395409622484,0.7016094345879047,0.17362555340646807,10
-0.3246827707003119,-0.3313311048261805,-0.10797793811001244,-0.5561750963111948,-0.7517808235789288,-0.44787614508350165,-0.505240737909898,10
-0.44958606165768905,-0.38171408290543185,0.9678806962312858,-0.649978175682625,-0.7562860799938197,-0.47524484936139233,-0.5483433595807784,9
0.42473697504395,0.4244135663625895,0.6092611514508532,0.18915154521614716,-0.14357120756866765,0.4051151382440895,0.12333916145710758,12
0.46637140536307575,0.5755625006003435,0.4897213031907089,0.419580848889443,-0.199886912754803,0.7244166881528136,0.8955944663937144,12
-0.0748761887855576,-0.029033236350672283,0.1311017584102757,-0.27272666081926455,-0.6504125542438853,-0.1559432994526683,-0.03470378466945377,15
0.05002710217181954,0.021349741728578526,0.3701814549305645,-0.2309231145776488,-0.3553182590685363,-0.11032879232285056,-0.17837919023905519,11
-0.6993926435724429,-0.7343949294601909,-0.705677179410734,-0.8865250714888402,-0.9117174263075531,-0.7717391457052074,-0.8392860558592211,9
-0.03324175846643189,0.12211569788708126,0.4897213031907089,-0.17076679193727515,-0.4702022976482524,-0.21524215872143138,0.35681169550770947,11
-0.82429593452982,-0.6336289733016887,-0.705677179410734,-0.9426029993739344,-1.0558856315840595,-0.9085826670946606,-0.8752049072516214,11
-0.53285492229594,-0.6840119513809395,-0.10797793811001244,-0.6805661363472219,-0.8734227467809811,-0.5801582157599731,-0.38670852831497704,10
-0.6161237829341915,-0.7343949294601909,-0.3470576346303012,-0.9782889534826307,-1.0829171700734044,-0.6850715821585539,-0.8895724478085815,10
-0.82429593452982,-0.7847779075394422,-0.22751778637015682,-0.7917023934285902,-0.9342437083820073,-0.7945463992701164,-0.602221636669379,9
-1.2822746680402024,-1.3389906664112068,-0.9447568759310225,-1.241345415198163,-1.195548580445675,-1.2370071184293483,-1.2487609617325848,7
-0.0748761887855576,-0.2809481267469291,-0.10797793811001244,-0.3410397729701974,-0.32378146416430076,0.2637101661416545,-0.602221636669379,10
-0.9908336558063224,-1.036692797935699,-0.4665974828904456,-1.0404844735006442,-1.0626435162063956,-0.821915103548007,-1.0332478533781828,7
-2.0316944137844644,-2.0443523595207256,-1.6619959654918883,-1.4829903044484778,-1.4343271704348888,-1.3738506398188013,-1.500192921479387,6
-0.3663172010194376,-0.07941621442992365,-0.3470576346303012,-0.14221802865031813,-0.6616756952811125,-0.014538327350233532,0.008398837001426452,15
-0.6993926435724429,-0.6840119513809395,-0.22751778637015682,-0.8345255383590258,-0.9297384519671165,-0.5938425678989183,-0.7818158936313805,10
-0.03324175846643189,0.021349741728578526,-0.5861373311505896,-0.04433655452360827,-0.3327919769940824,-0.014538327350233532,-0.0275200143909739,12
-0.15814504942380903,-0.029033236350672283,0.011561910150131954,0.09432886715589713,-0.41839184887700787,-0.060152834480051286,0.33166849953302924,12
-0.2830483403811862,-0.4320970609846832,-0.22751778637015682,-0.29617743066212204,-0.8756753749884265,-0.44787614508350165,-0.2430331227453758,21
-2.4064042866565956,-2.3466502279962334,-2.0206155102723216,-1.5533426139770505,-1.49740076024336,-1.5335014147731632,-1.5863981648211478,6
-2.239866565380093,-2.2458842718377308,-1.901075662012177,-1.510519469046615,-1.4546008243018975,-1.4559567526524733,-1.5504793134287476,5
-1.7402534015505848,-1.6916715129659663,-1.3033764207114553,-1.3402464880136928,-1.299169477988164,-1.3327975834019654,-1.3313743199351056,7
-1.6569845409123334,-1.5909055568074635,-1.4229162689715997,-1.3361680932584132,-1.2743905677062644,-1.3327975834019654,-1.3637012861882656,7
-1.573715680274082,-1.5909055568074635,-1.4229162689715997,-1.3167957181708352,-1.287906336950937,-1.2826216255591658,-1.3026392388211852,6
-1.4488123893167053,-1.389373644490458,-1.1838365724513114,-1.27091377717394,-1.2811484523286005,-1.122970850604804,-1.270312272568025,6
-1.4488123893167053,-1.5909055568074635,-1.6619959654918883,-1.3229133103037547,-1.3239483882700636,-1.2096384141514576,-1.3277824347958656,6
-1.3655435286784539,-1.0870757760149505,-1.3033764207114553,-1.1393855463161737,-1.08516979828085,-1.0636719913360408,-1.1805151440870243,7
-1.323909098359328,-1.3389906664112068,-0.10797793811001244,-1.2005614676453675,-1.1324749906372036,-1.2415685691423302,-1.1876989143655043,7
-1.2822746680402024,-1.3389906664112068,0.011561910150131954,-1.2382866191317035,-1.1820328112010023,-1.2324456677163664,-1.273904157707265,6
-1.199005807401951,-1.3389906664112068,-1.064296724191167,-1.4095791988534456,-1.2315906317648015,-1.1138479491788404,-1.281087927985745,7
-1.1573713770828253,-1.1878417321734531,-1.064296724191167,-1.0537392564553028,-0.9747910161160247,-1.0682334420490227,-1.0979017858845035,6
-1.1573713770828253,-1.0870757760149505,-0.9447568759310225,-1.099621197452198,-1.0716540290361773,-1.0727948927620043,-1.069166704770583,7
-1.0741025164445739,-1.1878417321734531,-1.064296724191167,-1.0394648748118245,-0.9973172981904788,-0.9177055685206241,-1.1266368669984237,7
-1.0741025164445739,-1.1878417321734531,-1.064296724191167,-1.070052835476421,-1.0468751187542777,-0.8812139628167699,-1.1625557183908242,6
-1.032468086125448,-0.9863098198564477,-0.9447568759310225,-1.0659744407211413,-1.0333593495096054,-1.100163597039895,-1.0404316236566629,6
-0.9491992254871972,-0.8351608856186936,-0.9447568759310225,-0.8865250714888402,-0.6819493491481212,-1.0499876391970955,-0.954226380314902,6
-0.9075647951680714,-0.885543863697945,-0.705677179410734,-0.9283286177304559,-0.8306228108395184,-0.9587586249374601,-0.9326750694794618,7
-0.9075647951680714,-1.036692797935699,-0.9447568759310225,-1.0272296905459857,-0.916222682722444,-1.1868311605865487,-1.061982934492103,6
-0.82429593452982,-0.8351608856186936,-0.9447568759310225,-0.8783682819782811,-1.08516979828085,-1.059110540623059,-1.0368397385174228,6
-0.6993926435724429,-0.4320970609846832,-0.5861373311505896,-0.668330952081383,-0.5220127464194969,-0.8812139628167699,-0.6632836840364595,9
-0.6577582132533172,-0.7343949294601909,-0.9447568759310225,-0.6917817219242407,-0.38234979755788123,-0.862968159964843,-0.9218994140617417,7
-0.6577582132533172,-0.8351608856186936,-0.9447568759310225,-0.9191522295310769,-0.8103491569725096,-0.7352475400013533,-1.0763504750490631,7
-0.6161237829341915,-0.5832459952224374,-0.22751778637015682,-0.5745278727099529,-0.5152548617971606,-0.36577003224982974,-0.7063863057073397,8
-0.44958606165768905,-0.3313311048261805,-0.4665974828904456,-0.50621476055902,-0.4206444770844533,-0.7945463992701164,-0.501648852770658,8
-0.4079516313385633,-0.4320970609846832,-0.3470576346303012,-0.5755474713987728,-0.5873389644354138,-0.5664738636210278,-0.480097541935218,9
-0.3663172010194376,-0.4320970609846832,-0.10797793811001244,-0.38590211527827273,-0.292244669260065,-0.6166498214638272,-0.4585462310997777,8
-0.3246827707003119,-0.532863017143186,-0.8252170276708785,-0.6744485442143024,-0.6391494132066583,-0.7717391457052074,-0.6201810623655791,9
-0.2830483403811862,-0.23056514866767774,-0.3470576346303012,-0.44809763529628616,-0.23818159228137503,-0.7717391457052074,-0.4405868054035776,8
-0.24141391006206045,0.021349741728578526,-0.3470576346303012,-0.1493552194720575,-0.10752915624954101,-0.4706833986484105,-0.17837919023905519,9
-0.19977947974293475,-0.07941621442992365,-0.3470576346303012,-0.47154840513914364,-0.40262345142489,-0.4843677507873559,-0.5232001636060982,9
-0.15814504942380903,0.3236476102040867,0.011561910150131954,-0.0025330082819927185,-0.08049761776019605,0.04476053191852955,0.0012150667229463817,8
0.008392671852693824,-0.12979919250917502,-0.22751778637015682,-0.1330416404509392,-0.09851864341975937,-0.3475242293979029,-0.09935771717577441,8
0.13329596281007097,-0.029033236350672283,-0.3470576346303012,0.12695602519813373,0.550238280324519,0.09949794047431085,-0.26458443358081585,9
0.13329596281007097,0.12211569788708126,0.011561910150131954,-0.04841494927888785,0.04339693364930146,-0.0738371866189966,-0.20711427135297547,11
0.17493039312919667,0.3236476102040867,-0.10797793811001244,0.1830339530832278,0.3137123185427509,0.19072695473394635,-0.009560588694773725,10
0.2165648234483224,0.222881654045584,-0.3470576346303012,0.19221034128260697,0.198828279963035,-0.051029933054087734,0.3173009589760691,8
0.2165648234483224,0.4244135663625895,0.25064160667042007,0.3787969013366473,0.21459667741515268,0.19072695473394635,0.3496279252292294,10
0.2165648234483224,0.4244135663625895,0.25064160667042007,0.09432886715589713,0.011860138745065666,-0.046468482341105954,0.27060645216594903,10
0.2581992537674481,0.27326463212483537,0.1311017584102757,0.2849938219652172,0.6268276393776632,-0.11489024303583233,-0.002376818416293654,9
0.34146811440569863,0.4244135663625895,0.3701814549305645,0.470560783330438,0.5141962290053924,0.5419586596335425,0.18799309396342823,10
0.38310254472482436,0.47479654444184083,0.25064160667042007,0.2513470652341606,0.13575469015456343,0.3184475746974358,0.2562389116089889,9
0.38310254472482436,0.27326463212483537,-0.22751778637015682,-0.15343361422733706,-0.0467081946485151,-0.046468482341105954,-0.3220545958086564,10
0.42473697504395,0.5755625006003435,0.011561910150131954,0.26358224949999937,0.37228065193633164,0.008268926214675345,0.22750383049506862,9
0.5496402660013272,0.6763284567588458,0.6092611514508532,0.506246737439134,0.42859635712246696,0.5784502653373967,0.5076708713557909,9
0.5496402660013272,0.5251795225210922,-0.22751778637015682,0.5572266718801289,0.4308489853299124,0.2272185604378003,0.6549381620646324,12
0.5912746963204529,0.7267114348380971,0.25064160667042007,0.5735402509012472,0.6245750111702177,0.4324838425219802,0.6549381620646324,10
0.5912746963204529,0.7267114348380971,0.4897213031907089,0.7764403899764059,0.7349537933350427,1.0528411394875008,0.5831004592798317,8
0.5912746963204529,0.6763284567588458,0.4897213031907089,0.6357357709192606,0.8453325754998683,0.45985254679987086,0.23109571563430864,6
0.5912746963204529,0.5755625006003435,0.011561910150131954,0.5796578430341663,0.7124275112605887,0.5784502653373967,0.47534390510263064,12
0.6329091266395787,0.6763284567588458,0.8483408479711414,1.051732035957777,0.85434308832965,0.9752964773668107,0.8704512704190341,11
0.6329091266395787,0.6763284567588458,0.3701814549305645,0.7774599886652256,1.3228897554782955,-0.101205890896887,0.5866923444190717,10
0.6329091266395787,0.8778603690758512,0.8483408479711414,0.9405957788764087,1.1111427039784267,0.8703831109682304,0.759102831102593,11
0.6745435569587044,0.6763284567588458,0.8483408479711414,1.1282019376192687,1.124658473223099,0.4735368989388162,1.1470264261405168,10
0.6745435569587044,0.47479654444184083,0.4897213031907089,0.5602854679465882,0.27767026722362426,1.1030170973303004,0.619019310672232,9
0.7578124175969557,0.9282433471551026,0.8483408479711414,1.11800595073107,0.8971430242711126,1.3630197879702617,0.3819548914823897,12
0.7578124175969557,1.129775259472108,0.25064160667042007,1.049692838580137,1.2147636015209156,0.7289781388657953,0.762694716241833,10
0.7578124175969557,1.0290093033136054,0.25064160667042007,0.9528309631422474,0.8363220626700867,1.3767041401092068,0.5831004592798317,9
0.7578124175969557,0.978626325234354,0.6092611514508532,1.0425556477583982,0.7755011010690602,0.9205590688110293,1.2296397843430373,12
0.7994468479160814,0.978626325234354,0.4897213031907089,1.108829562531691,1.21251097331347,0.8612602095422668,0.9315133177861147,11
0.7994468479160814,0.9282433471551026,0.6092611514508532,0.9752621342962848,1.2440477682177058,0.674240730310014,0.5471816078874313,9
0.8410812782352072,0.8274773909965999,0.3701814549305645,0.7744011925987658,0.4759015494788207,-0.16962765159161364,1.2368235546215174,11
0.8410812782352072,0.8274773909965999,1.4460400892718634,1.129221536308089,1.0368059731327282,0.9524892238019018,1.0213104462671156,11
0.8827157085543329,0.978626325234354,0.6092611514508532,0.879419857547215,0.4195858442926853,0.8658216602552485,1.2009047032291174,14
0.9243501388734586,1.0290093033136054,0.7288009997109977,1.0741632071118146,1.1697110373720074,1.1349472523211728,1.0859643787734363,9
0.9243501388734586,0.9282433471551026,0.25064160667042007,1.11596675335343,1.3071213580261773,1.6458297321751312,0.511262756495031,10
0.9243501388734586,0.7770944129173485,0.6092611514508532,0.9497721670757876,1.3904686017016579,0.7289781388657953,0.23468760077354867,9
0.9659845691925844,1.0290093033136054,0.6092611514508532,1.3402784648938069,1.8026995636641678,1.3812655908221887,0.5902842295583117,8
1.0492534298308358,1.1801582375513595,0.8483408479711414,1.31071010291803,1.4220053966058936,1.2261762665808082,1.1506183112797568,11
1.0908878601499614,1.129775259472108,0.6092611514508532,1.1842798655043631,1.02103757568061,1.007226632357683,1.1937209329506373,9
1.0908878601499614,1.7343709964231233,1.565579937532007,2.5525813059006595,2.7014982184348875,1.4679331543688423,2.6017399075327297,17
1.1325222904690873,1.2305412156306108,0.7288009997109977,1.1455351153292073,1.041311229547619,0.28651741970656336,1.5385419063176804,15
1.1325222904690873,1.129775259472108,1.2069603927515746,1.4871006760838714,1.7824259097971595,1.071086942339428,1.157802081558237,10
1.2157911511073387,1.7847539745023746,0.4897213031907089,0.9793405290515644,0.8340694344626409,1.0391567873485554,1.2511910951784775,10
1.2574255814264643,1.1801582375513595,0.7288009997109977,1.999958816560278,1.9130783458289935,1.9195167749540376,1.5529094468746405,12
1.2574255814264643,1.1801582375513595,0.3701814549305645,1.3249844845615082,1.210258345106025,1.4588102529428788,1.301477487127838,9
1.29906001174559,1.532839084106119,1.326500241011719,1.9347045004758048,2.2599830897755866,1.2900365765625532,1.2655586357354376,11
1.3406944420647158,1.3313071717891136,0.4897213031907089,1.710392788935428,2.1338359101586435,1.7963576057035298,1.6965848524442415,11
1.4239633027029663,1.532839084106119,1.9241994823124402,2.0499191523124525,2.1901516153447793,2.2023267191589073,1.5529094468746405,11
1.7154043149368463,1.8855199306608774,2.1632791788327292,4.071783352242301,3.546233796226917,2.1749580148810166,4.728135909962829,17
-2.65621086857135,-2.6993310745509924,-2.1401553585324655,-1.596165758907486,-1.5447059525997138,-1.538062865486145,-1.618725131074308,6
-2.36476985633747,-2.3466502279962334,-2.0206155102723216,-1.5462054231553113,-1.5064112730731418,-1.5198170626342178,-1.5648468539857077,5
-2.36476985633747,-2.3466502279962334,-1.7815358137520325,-1.5543622126658705,-1.4793797345837971,-1.5243785133471996,-1.5935819350996279,3
-2.239866565380093,-2.1955012937584795,-2.1401553585324655,-1.520715455934814,-1.486137619206133,-1.4513953019394914,-1.5217442323148271,6
-2.239866565380093,-2.296267249916982,-2.0206155102723216,-1.520715455934814,-1.4793797345837971,-1.4513953019394914,-1.5720306242641877,4
-2.1565977047418414,-2.145118315679228,-1.901075662012177,-1.5023626795360558,-1.463611337131679,-1.419465146948619,-1.5397036580110273,6
-2.0316944137844644,-2.900862986867998,-1.5424561172317441,-1.4513827450950612,-1.41405351656788,-1.3829735412447648,-1.4678659552262268,4
-1.9067911228270877,-1.7924374691244687,-1.4229162689715997,-1.358599264412451,-1.3262010164775089,-1.1913926112995306,-1.4391308741123063,5
-1.865156692507962,-1.7420544910452176,-1.4229162689715997,-1.4228339818081042,-1.3937798627008713,-1.4057807948096737,-1.406803907859146,4
-1.865156692507962,-1.7924374691244687,-1.064296724191167,-1.4075400014758057,-1.3667483242115264,-1.3145517805500382,-1.4499065295300264,6
-1.8235222621888363,-1.8932034252829715,-1.6619959654918883,-1.4024420080317064,-1.3397167857221814,-1.3647277383928378,-1.4499065295300264,5
-1.7402534015505848,-1.7420544910452176,-1.5424561172317441,-1.387148027699408,-1.3554851831742993,-1.3054288791240747,-1.4103957929983861,6
-1.7402534015505848,-1.7924374691244687,-1.6619959654918883,-1.3963244158987869,-1.380264093456199,-1.3692891891058194,-1.4283552186945863,8
-1.698618971231459,-1.6916715129659663,-1.1838365724513114,-1.3687952513006498,-1.3036747344030548,-1.4057807948096737,-1.4103957929983861,5
-1.6569845409123334,-1.6916715129659663,-1.5424561172317441,-1.308638928660276,-1.2473590292169194,-1.2415685691423302,-1.3565175159097855,6
-1.6153501105932075,-1.4397566225697094,-1.3033764207114553,-1.290286152261518,-1.2698853112913735,-1.3692891891058194,-1.396028252441426,6
-1.573715680274082,-1.5909055568074635,-1.5424561172317441,-1.3178153168596551,-1.3014221061956093,-1.2461300198553118,-1.3205986645173855,7
-1.573715680274082,-1.5909055568074635,-1.5424561172317441,-1.3106781260379161,-1.1932959522382298,-1.3008674284110928,-1.396028252441426,7
-1.5320812499549563,-1.5909055568074635,-1.5424561172317441,-1.3259721063702143,-1.3194431318551727,-1.2324456677163664,-1.392436367302186,5
-1.5320812499549563,-1.5909055568074635,-1.6619959654918883,-1.2362474217540635,-1.1504960162967668,-1.259814371994257,-1.3205986645173855,7
-1.490446819635831,-1.4397566225697094,-0.9447568759310225,-1.1893458820683485,-1.118959221392531,-1.1594624563086582,-1.2487609617325848,7
-1.2822746680402024,-1.1878417321734531,-1.064296724191167,-1.1822086912466094,-1.1482433880893215,-1.118409399891822,-1.2343934211756247,6
-1.2822746680402024,-1.2886076883319553,-1.064296724191167,-1.1057387895851174,-0.9410015930043435,-1.018057484206223,-1.1445962926946238,7
-1.2406402377210768,-1.2886076883319553,-1.1838365724513114,-1.2515414020863622,-1.2406011445945833,-1.100163597039895,-1.3205986645173855,6
-1.1573713770828253,-1.4397566225697094,-1.4229162689715997,-1.1781302964913298,-1.0603908879989503,-1.3099903298370565,-1.2128421103401843,6
-0.9491992254871972,-0.9863098198564477,-1.1838365724513114,-0.9986809272590285,-0.9207279391373347,-1.0134960334932412,-1.069166704770583,7
-0.9491992254871972,-1.036692797935699,-1.1838365724513114,-0.9691125652832516,-0.9117174263075531,-0.9678815263634236,-0.9973290019857824,7
-0.9491992254871972,-0.9863098198564477,-1.1838365724513114,-1.0098965128360473,-0.8824332596107628,-1.0910406956139316,-1.061982934492103,6
-0.9075647951680714,-0.7847779075394422,-1.1838365724513114,-0.9568773810174129,-0.8531490929139723,-0.9085826670946606,-1.069166704770583,6
-0.8659303648489457,-0.885543863697945,-0.5861373311505896,-0.9232306242863564,-0.8576543493288632,-0.8082307514090616,-0.9973290019857824,5
-0.8659303648489457,-0.9359268417771963,-0.9447568759310225,-0.9895045390596494,-0.9117174263075531,-0.9222670192336059,-1.069166704770583,6
-0.82429593452982,-0.6840119513809395,-0.9447568759310225,-0.9109954400205177,-0.8801806314033174,-0.7717391457052074,-0.9973290019857824,6
-0.82429593452982,-0.9359268417771963,-0.9447568759310225,-0.9211914269087167,-0.8779280031958719,-0.9906887799283326,-0.9614101505933821,6
-0.7826615042106942,-0.8351608856186936,-0.9447568759310225,-0.946681394129214,-0.9094647981001077,-0.8948983149557153,-0.9614101505933821,7
-0.7826615042106942,-0.8351608856186936,-1.1838365724513114,-0.8233099527820069,-0.6414020414141037,-0.8538452585388794,-1.0332478533781828,7
-0.7410270738915685,-0.8351608856186936,-0.4665974828904456,-0.8753094859118214,-0.801338644142728,-1.0910406956139316,-0.9075318735047816,8
-0.7410270738915685,-0.6840119513809395,-0.5861373311505896,-0.8895838675553,-0.7968333877278372,-0.9359513713725512,-0.8931643329478215,6
-0.6993926435724429,-0.6336289733016887,-0.22751778637015682,-0.7733496170298321,-0.6774440927332304,-0.8857754135297518,-0.7530808125174603,6
-0.6993926435724429,-0.8351608856186936,-1.1838365724513114,-0.976249756104991,-0.9522647340415706,-1.0363032870581501,-0.9614101505933821,7
-0.6577582132533172,-0.7343949294601909,-0.705677179410734,-0.8018983803167892,-0.7067282594300206,-0.6485799764546997,-0.8572454815554212,6
-0.6577582132533172,-0.5832459952224374,-0.22751778637015682,-0.8345255383590258,-0.8554017211214178,-0.7854234978441528,-0.8572454815554212,7
-0.6161237829341915,-0.4824800390639346,-0.22751778637015682,-0.7152324917670982,-0.7585387082012651,-0.48892920150033764,-0.73152950168202,7
-0.6161237829341915,-0.532863017143186,-0.8252170276708785,-0.7835456039180311,-0.7315071697119202,-0.7991078499830981,-0.7566726976567003,8
-0.6161237829341915,-0.6336289733016887,-0.705677179410734,-0.7315460707882165,-0.5580547977386235,-0.8675296106778246,-0.9003481032263014,7
-0.6161237829341915,-0.7343949294601909,-0.8252170276708785,-0.7784476104739315,-0.567065310568405,-0.2517337644252856,-0.8608373666946613,7
-0.5744893526150657,-0.532863017143186,-0.3470576346303012,-0.6040962346857298,-0.6053599900949771,-0.4980521029263012,-0.6632836840364595,7
-0.5744893526150657,-0.3313311048261805,-0.4665974828904456,-0.6764877415919422,-0.5580547977386235,-0.6850715821585539,-0.7854077787706205,6
-0.53285492229594,-0.4824800390639346,-0.9447568759310225,-0.7448008537428751,-0.5715705669832959,-0.7991078499830981,-0.8895724478085815,7
-0.53285492229594,-0.6336289733016887,-0.8252170276708785,-0.774369215718652,-0.736012426126811,-0.7854234978441528,-0.8069590896060608,7
-0.4912204919768143,-0.4320970609846832,-0.5861373311505896,-0.7376636629211358,-0.5760758233981867,-0.8036693006960799,-0.9039399883655416,7
-0.4912204919768143,-0.38171408290543185,-0.5861373311505896,-0.6010374386192701,-0.4431707591589074,-0.7534933428532804,-0.6884268800111398,7
-0.4912204919768143,-0.6336289733016887,-0.705677179410734,-0.7896631960509504,-0.828370182632073,-0.821915103548007,-0.8536535964161812,7
-0.4912204919768143,-0.5832459952224374,-0.3470576346303012,-0.707075702256539,-0.5828337080205229,-0.680510131445572,-0.9290831843402217,6
-0.44958606165768905,-0.4320970609846832,-0.4665974828904456,-0.4419800431633668,-0.14582383577611305,-0.27910246870317623,-0.7099781908465798,8
-0.44958606165768905,-0.4320970609846832,-0.4665974828904456,-0.5031559644925605,-0.31251832312707367,-0.8082307514090616,-0.6668755691756996,8
-0.4079516313385633,-0.38171408290543185,-0.3470576346303012,-0.5949198464863507,-0.6188757593396496,-0.5391051593431372,-0.6381404880617793,9
-0.4079516313385633,-0.4824800390639346,-0.4665974828904456,-0.48378358940498234,-0.15708697681334013,-0.6440185257417179,-0.8033672044668208,6
-0.3663172010194376,-0.3313311048261805,-0.5861373311505896,-0.31045181230560054,-0.17510800247290342,-0.6759486807325903,-0.4944650824921779,6
-0.3663172010194376,-0.23056514866767774,0.1311017584102757,-0.3848825165894527,-0.3012551820898466,-0.36577003224982974,-0.5842622109731788,6
-0.3663172010194376,-0.4824800390639346,-0.9447568759310225,-0.7947611894950498,-0.7450229389565927,-0.7443704414273168,-0.8895724478085815,8
-0.3663172010194376,-0.4320970609846832,-0.4665974828904456,-0.46339161562858444,-0.21340268199947546,-0.5801582157599731,-0.7099781908465798,7
-0.3246827707003119,-0.38171408290543185,-0.5861373311505896,-0.7142128930782783,-0.7202440286746931,-0.7763005964181893,-0.7889996639098605,7
-0.2830483403811862,-0.23056514866767774,-0.3470576346303012,-0.3665297401906946,-0.17736063068034885,-0.5162979057782283,-0.49805696763141794,8
-0.24141391006206045,-0.12979919250917502,-0.10797793811001244,-0.3981372995441115,-0.2516973615260475,-0.46612194793542877,-0.6417323732010194,8
-0.24141391006206045,-0.07941621442992365,-0.10797793811001244,-0.44605843791864636,-0.3936129385951083,-0.33840132797193934,-0.6812431097326598,7
-0.19977947974293475,-0.1801821705884264,-0.10797793811001244,-0.34511816772547693,-0.2021395409622484,-0.2471723137123038,-0.5914459812516588,6
-0.19977947974293475,-0.23056514866767774,-0.4665974828904456,-0.5480183068006356,-0.3418024898238641,-0.7078788357234628,-0.7458970422389801,8
-0.19977947974293475,-0.23056514866767774,-0.10797793811001244,-0.3797845231453534,-0.17961325888779425,-0.4706833986484105,-0.6129972920870991,7
-0.19977947974293475,-0.07941621442992365,-0.3470576346303012,-0.3186086018161597,-0.1052765280420956,-0.5527895114820826,-0.4046679540111772,7
-0.15814504942380903,-0.1801821705884264,-0.22751778637015682,-0.31554980574969993,-0.19312902813246674,-0.3612085815368482,-0.4334030351250975,9
-0.15814504942380903,-0.1801821705884264,0.25064160667042007,-0.29311863459566223,0.011860138745065666,-0.45243759579648346,-0.5950378663908988,8
-0.15814504942380903,0.021349741728578526,-0.3470576346303012,-0.38080412183417317,-0.31702357954196453,-0.43419179294455634,-0.602221636669379,9
-0.15814504942380903,-0.532863017143186,-0.3470576346303012,-0.46441121431740445,-0.49272857972270656,-0.5482280607691007,-0.38670852831497704,8
-0.11651061910468331,-0.1801821705884264,-0.10797793811001244,-0.12182605487392023,0.15377571581412675,-0.3201555251200122,-0.3507896769225767,8
-0.11651061910468331,-0.3313311048261805,-0.9447568759310225,-0.5102931553142996,-0.5467916567013965,-0.5299822579171737,-0.4585462310997777,7
-0.11651061910468331,-0.029033236350672283,-0.10797793811001244,-0.12182605487392023,0.027628536197183563,-0.20155780658248607,-0.4226273797073774,7
-0.11651061910468331,-0.029033236350672283,0.25064160667042007,-0.25539348310932625,-0.05571870747829675,-0.4250688915185928,-0.3615653323402968,8
-0.11651061910468331,0.021349741728578526,0.1311017584102757,-0.06676772567764594,0.12223892090989094,0.008268926214675345,-0.3112789403909363,8
-0.0748761887855576,0.222881654045584,0.011561910150131954,0.010721774672665793,0.03438642081951981,0.17704260259500104,-0.06343886578337406,8
-0.0748761887855576,-0.1801821705884264,0.3701814549305645,-0.23704070671056818,0.04564956185674687,-0.39770018724070216,-0.602221636669379,7
0.008392671852693824,0.07173271980782989,0.011561910150131954,-0.21358993686771072,-0.053466079270851334,-0.06927573590601484,-0.4585462310997777,8
0.008392671852693824,-0.07941621442992365,0.011561910150131954,-0.1962567591577724,-0.11428704087187726,-0.21068070800844962,-0.4944650824921779,11
0.05002710217181954,0.17249867596633262,-0.22751778637015682,-0.1432376273391381,-0.1548343486058947,0.14967389831711037,-0.2430331227453758,8
0.05002710217181954,0.17249867596633262,0.25064160667042007,0.042329334026082625,-0.14131857936122222,0.46897544822583437,-0.26458443358081585,8
0.05002710217181954,-0.029033236350672283,-0.3470576346303012,-0.3614317467465953,-0.39586556680255375,-0.18331200373055898,-0.379524758036497,7
0.09166153249094526,-0.07941621442992365,-0.10797793811001244,-0.01476819254783145,0.15377571581412675,0.14055099689114683,-0.2430331227453758,8
0.09166153249094526,0.222881654045584,0.011561910150131954,-0.228883917200009,-0.3327919769940824,-0.1924349051565225,-0.16760353482133508,8
0.09166153249094526,0.27326463212483537,0.011561910150131954,0.09228966977825734,0.06367058751631019,0.44160674394794375,-0.1388684537074148,8
0.2165648234483224,0.3740305882833381,0.3701814549305645,0.32985616427329256,0.8318168062551958,-0.02366122877619708,-0.1496441091251349,9
0.2165648234483224,0.222881654045584,0.011561910150131954,-0.037199363701869124,0.03889167723441063,-0.1787505530175772,0.2598307967482289,9
0.29983368408657385,0.47479654444184083,0.4897213031907089,0.28193502589875746,0.4195858442926853,0.24090291257674562,0.25264702646974885,9
0.34146811440569863,-0.07941621442992365,-0.22751778637015682,-0.267628667375165,-0.2336763358664842,-0.12857459517477765,-0.4226273797073774,8
0.38310254472482436,0.4244135663625895,0.3701814549305645,0.746872028000629,0.9151640499306759,0.6924865331619411,0.40350620231782997,10
0.38310254472482436,0.4244135663625895,0.3701814549305645,0.7438132319341692,0.6921538573935802,0.2682716168546363,0.7483271756848733,10
0.38310254472482436,0.47479654444184083,0.25064160667042007,0.5674226587683276,0.8137957805956325,0.6788021810229958,0.22391194535582856,8
0.38310254472482436,0.3740305882833381,0.011561910150131954,0.4787175728409967,0.752974818994606,0.35493918040129,0.008398837001426452,8
0.38310254472482436,0.5251795225210922,0.7288009997109977,0.152445992418631,0.21684930562259808,0.11774374332623795,-0.17837919023905519,7
0.42473697504395,0.6763284567588458,0.4897213031907089,0.5816970404118064,0.6133118701329907,0.856698758829285,0.3675873509254296,9
0.42473697504395,0.5251795225210922,0.4897213031907089,0.5592658692577684,0.8047852677658508,0.36862353254023533,0.07305276950774708,9
0.46637140536307575,0.5251795225210922,0.25064160667042007,0.5847558364782657,0.8926377678562217,0.4096765889570713,0.3675873509254296,7
0.46637140536307575,0.5251795225210922,0.9678806962312858,0.4542472043093197,0.22585981845237973,0.7198552374398318,0.267014567026709,8
0.46637140536307575,0.47479654444184083,0.25064160667042007,0.3736989078925479,0.6268276393776632,0.2819559689935816,0.3208928441153091,10
0.46637140536307575,0.4244135663625895,0.1311017584102757,0.6285985800975212,0.8971430242711126,0.3595006311142718,0.3675873509254296,8
0.46637140536307575,0.8274773909965999,-0.22751778637015682,0.6214613892757819,1.02103757568061,0.6924865331619411,-0.01315247383401376,9
0.5496402660013272,0.5755625006003435,0.3701814549305645,0.6265593827198812,0.7439643061648245,0.7381010402917588,0.2598307967482289,11
0.5496402660013272,0.6259454786795944,0.4897213031907089,0.7693031991546664,0.538975139287292,0.5647659131984514,0.5040789862165509,8
0.5496402660013272,0.47479654444184083,0.1311017584102757,0.4776979741521769,0.703416998430807,0.5830117160503785,0.08023653978622716,8
0.5912746963204529,0.6259454786795944,0.3701814549305645,0.5959714220552846,0.4150805878777945,-0.02366122877619708,-0.602221636669379,11
0.5912746963204529,0.4244135663625895,0.25064160667042007,0.5816970404118064,1.0232902038880558,0.3640620818272536,0.08023653978622716,11
0.5912746963204529,0.6763284567588458,0.6092611514508532,0.7835775807981452,1.1787215502017891,0.573888814624415,0.25264702646974885,9
0.5912746963204529,0.5251795225210922,0.011561910150131954,0.3584049275602494,0.47815417768626606,0.2637101661416545,0.09101219520394727,9
0.5912746963204529,0.47479654444184083,0.25064160667042007,0.43895322397702113,0.7146801394680343,0.3640620818272536,0.22391194535582856,9
0.6745435569587044,0.8274773909965999,0.25064160667042007,0.6235005866534219,0.752974818994606,0.7654697445696496,0.40350620231782997,9
0.6745435569587044,0.6763284567588458,0.3701814549305645,0.6775393171608762,0.9579639858721385,0.5921346174763421,0.2598307967482289,9
0.6745435569587044,0.6259454786795944,0.6092611514508532,0.8213027322844811,1.095374306526309,0.7426624910047407,0.3855467766216298,11
0.71617798727783,0.6259454786795944,0.25064160667042007,0.680598113227336,0.9264271909679027,0.7061708853008865,0.5004871010773109,11
0.71617798727783,0.6763284567588458,0.3701814549305645,0.6918136988043545,0.8768693704041041,0.532835758207579,0.6513462769253924,10
0.7578124175969557,0.7267114348380971,0.4897213031907089,0.8641258772149165,1.0165323192657192,0.7198552374398318,0.6549381620646324,8
0.7994468479160814,1.0290093033136054,0.9678806962312858,1.0252224700484596,1.0570796269997367,0.8703831109682304,1.071596838216476,11
0.8410812782352072,0.7267114348380971,0.7288009997109977,1.0680456149788953,1.1899846912390164,0.8886289138201574,0.9063701218114345,10
0.8410812782352072,0.8274773909965999,0.8483408479711414,1.0272616674260995,0.9512061012498025,0.8247686038384127,1.1937209329506373,10
0.8410812782352072,0.6763284567588458,0.8483408479711414,0.6418533630521798,0.5232067418351741,0.6103804203282692,0.7914297973557534,10
0.8410812782352072,0.9282433471551026,0.6092611514508532,0.9365173841211291,0.9624692422870293,1.1212629001822274,0.5471816078874313,9
0.8410812782352072,0.7770944129173485,1.4460400892718634,1.124123542863989,1.014279691058274,1.1075785480432823,1.164985851836717,9
0.8827157085543329,0.7770944129173485,0.3701814549305645,0.9161254103447312,1.2508056528400422,0.8612602095422668,0.511262756495031,8
0.8827157085543329,0.8778603690758512,0.6092611514508532,0.9762817329851051,1.0796059090741907,0.9433663223759382,0.5471816078874313,11
0.8827157085543329,0.7267114348380971,0.25064160667042007,0.7132252712695726,0.7169327676754794,0.614941871041251,0.608243655254512,8
0.9243501388734586,0.8274773909965999,0.8483408479711414,1.1139275559757904,1.1877320630315706,0.8202071531254308,1.1218832301658366,11
0.9243501388734586,1.1801582375513595,1.0874205444914302,1.1781622733714439,1.4625527043399111,1.089332745191355,0.9746159394569952,10
0.9659845691925844,0.978626325234354,0.3701814549305645,1.1700054838608847,1.557163089052618,0.7745926459956131,0.6908570134570328,10
0.9659845691925844,0.9282433471551026,0.7288009997109977,1.4045131822894603,1.5031000120739282,1.3265281822664075,1.2224560140645573,11
0.9659845691925844,0.9282433471551026,0.8483408479711414,1.1526723061509463,0.604301357303209,1.007226632357683,1.157802081558237,10
1.00761899951171,0.9282433471551026,0.3701814549305645,0.7988715611304432,1.149437383504999,0.5054670539296884,0.5723248038621116,10
1.00761899951171,1.129775259472108,0.8483408479711414,1.6461580715397746,1.8905520637545392,1.4724946050818242,1.387682730469599,11
1.00761899951171,1.129775259472108,0.8483408479711414,1.4932182682167907,1.5751841147121814,1.5956537743323316,1.157802081558237,8
1.00761899951171,0.978626325234354,0.6092611514508532,1.2311814051900785,1.4625527043399111,1.1623159565990635,0.6980407837355128,8
1.00761899951171,0.9282433471551026,0.8483408479711414,1.0394968516919383,1.232784627180479,1.0802098437653915,0.7914297973557534,11
1.00761899951171,0.9282433471551026,0.4897213031907089,0.8518906929490777,0.8475852037073135,1.335651083692371,0.4394250537102303,10
1.00761899951171,1.0793922813928567,0.25064160667042007,0.7815383834205052,0.7011643702233618,0.2272185604378003,1.0500455273810358,10
1.0492534298308358,0.8778603690758512,0.4897213031907089,0.9691445421633657,0.9489534730423568,1.1988075623029177,0.960248398900035,9
1.0492534298308358,1.129775259472108,1.6851197857921514,1.732823960089466,1.3837107170793215,1.1623159565990635,1.5888282982670408,11
1.0492534298308358,1.1801582375513595,1.0874205444914302,1.617609308252818,1.3747002042495398,1.2945980272755349,1.7109523930012016,10
1.0908878601499614,0.5251795225210922,0.4897213031907089,1.356592043914925,1.4873316146218105,1.3721426893962252,-0.4046679540111772,9
1.0908878601499614,1.0290093033136054,0.8483408479711414,1.6798048282708313,2.217183153834124,1.4223186472390246,1.1793533923936772,10
1.1325222904690873,0.978626325234354,1.0874205444914302,1.4259247547546778,1.4895842428292556,1.112139998756264,1.4523366629759193,11
1.1325222904690873,1.280924193709862,1.2069603927515746,1.5533745908571646,1.2755845631219416,1.0619640409134645,2.0018950892796443,9
1.1325222904690873,0.8778603690758512,1.326500241011719,1.6288248938298364,1.0570796269997367,1.6321453800361858,1.7684225552290422,10
1.1325222904690873,0.6763284567588458,0.9678806962312858,1.1027119703987716,1.2688266784996056,1.0345953366355738,0.6908570134570328,6
1.2157911511073387,1.1801582375513595,0.6092611514508532,1.5900801436546808,1.4535421915101296,1.2216148158678266,1.161393966697477,11
1.2574255814264643,1.6336050402646205,2.043739330572585,1.546237400035425,1.7103418071589063,1.0847712944783734,1.409234041305039,10
1.2574255814264643,1.5832220621853692,1.326500241011719,2.0570563431341915,1.8252258457386221,1.6503911828881128,2.2569189341656872,12
1.29906001174559,1.280924193709862,1.0874205444914302,1.5870213475882209,1.6450155891429894,1.2854751258495714,1.8618115688492833,12
1.3823288723838405,1.1801582375513595,0.8483408479711414,1.7776863023975409,2.1000464870469626,1.6549526336010947,1.1937209329506373,8
1.3823288723838405,0.978626325234354,1.4460400892718634,2.1274086526627647,2.404151295052093,2.015307239926655,1.7325037038366418,10
1.4239633027029663,1.280924193709862,0.8483408479711414,2.0590955405118314,2.000930845919364,1.9651312820838553,1.8977304202416836,10
1.5072321633412178,1.280924193709862,0.9678806962312858,1.7460787430441245,1.5031000120739282,2.1840809163069803,1.1901290478113973,12
1.5488665936603434,1.5832220621853692,1.565579937532007,2.7921869977733347,2.940276808424101,3.119178312468243,2.2174081976340463,11
1.590501023979469,1.5832220621853692,0.8483408479711414,2.291564041562767,1.8252258457386221,2.1703965641680347,1.2547829803177175,10
1.590501023979469,1.1801582375513595,1.0874205444914302,1.491179070839151,1.3792054606644306,1.8465335635463294,1.1937209329506373,11
1.757038745255972,1.9359029087401287,1.9241994823124402,3.5201804615907393,3.487665462833336,2.3665389448262513,2.5945561372542496,11
2.0068453271707263,1.9359029087401287,1.9241994823124402,3.0042635250478726,2.9177505263496464,2.9960191432177354,2.7418234279630913,12
-2.8227485898478526,-2.8000970307094954,-2.25969520679261,-1.6308321143273623,-1.5649796064667225,-1.579115921902981,-1.6474602121882282,4
-2.739479729209601,-2.5985651183924903,-2.25969520679261,-1.6134989366174242,-1.5379480679773776,-1.5928002740419263,-1.6366845567705082,3
-2.739479729209601,-2.7497140526302437,-2.379235055052754,-1.6236949235056233,-1.5582217218443863,-1.6019231754678898,-1.6474602121882282,4
-2.697845298890475,-2.548182140313239,-2.379235055052754,-1.6012637523515856,-1.5492112090146046,-1.5654315697640355,-1.6654196378844284,4
-2.4896731472948472,-2.447416184154736,-2.0206155102723216,-1.569656192998169,-1.49740076024336,-1.5335014147731632,-1.607949475656588,4
-2.3231354260183443,-2.296267249916982,-1.7815358137520325,-1.5451858244664916,-1.483884990998688,-1.5289399640601813,-1.5612549688464676,4
-2.2815009956992185,-2.296267249916982,-1.7815358137520325,-1.5502838179105909,-1.5086639012805871,-1.5061327104952724,-1.5540711985679876,5
-2.1565977047418414,-2.145118315679228,-2.0206155102723216,-1.5186762585571743,-1.4546008243018975,-1.4878869076433454,-1.5361117728717872,7
-2.07332884410359,-2.145118315679228,-1.7815358137520325,-1.4738139162490989,-1.375758837041308,-1.4650796540784368,-1.514560462036347,6
-2.0316944137844644,-1.9939693814414743,-1.3033764207114553,-1.470755120182639,-1.4320745422274435,-1.4285880483745825,-1.4714578403654668,5
-1.9900599834653392,-1.8932034252829715,-1.7815358137520325,-1.4942058900254969,-1.436579798642334,-1.4605182033654551,-1.500192921479387,5
-1.865156692507962,-1.8932034252829715,-1.4229162689715997,-1.434049567385123,-1.3712535806264172,-1.4057807948096737,-1.4355389889730663,6
-1.7402534015505848,-1.7420544910452176,-2.0206155102723216,-1.3820500342553084,-1.3262010164775089,-1.401219344096692,-1.4355389889730663,6
-1.698618971231459,-1.8428204472037202,-1.3033764207114553,-1.4014224093428864,-1.3149378754402818,-1.3784120905317832,-1.4247633335553462,6
-1.5320812499549563,-1.4397566225697094,-1.4229162689715997,-1.2790705666844993,-1.2135696061052381,-1.2141998648644394,-1.3205986645173855,5
-1.2822746680402024,-1.2886076883319553,-0.9447568759310225,-1.2393062178205234,-1.0941803111106316,-1.4057807948096737,-1.2595366171503048,6
-1.2406402377210768,-1.2886076883319553,-1.4229162689715997,-1.2117770532223864,-1.1122013367701948,-1.2324456677163664,-1.2343934211756247,6
-1.2406402377210768,-1.3389906664112068,-0.9447568759310225,-1.2158554479776658,-1.0941803111106316,-1.2643758227072386,-1.2487609617325848,6
-1.1573713770828253,-1.1878417321734531,-1.4229162689715997,-1.1832282899354294,-1.069401400828732,-1.1959540620125122,-1.2487609617325848,7
-1.032468086125448,-0.885543863697945,-1.064296724191167,-0.9803281508602705,-0.7450229389565927,-1.1640239070216398,-1.0907180156060234,6
-0.9908336558063224,-1.0870757760149505,-0.705677179410734,-1.0374256774341843,-0.8441385800841908,-1.2461300198553118,-1.047615393935143,7
-0.9491992254871972,-1.0870757760149505,-0.9447568759310225,-1.1149151777844963,-1.0536330033766141,-1.1275323013177856,-1.0871261304667834,7
-0.9491992254871972,-0.8351608856186936,-0.9447568759310225,-1.0282492892348054,-1.0243488366798237,-0.9906887799283326,-0.954226380314902,6
-0.8659303648489457,-1.0870757760149505,-0.8252170276708785,-1.0455824669447435,-1.0536330033766141,-1.0089345827802596,-0.9721858060111022,7
-0.8659303648489457,-0.885543863697945,-0.705677179410734,-0.9507597888844935,-0.8351280672544092,-1.0682334420490227,-0.9614101505933821,7
-0.8659303648489457,-0.9863098198564477,-1.064296724191167,-1.1210327699174156,-1.0536330033766141,-1.182269709873567,-1.0835342453275434,6
-0.82429593452982,-0.8351608856186936,-0.5861373311505896,-0.9385246046186548,-0.889191144233099,-0.8584067092518612,-0.9650020357326221,7
-0.7826615042106942,-0.7343949294601909,-0.4665974828904456,-0.8804074793559209,-0.7247492850895839,-0.8584067092518612,-0.9721858060111022,7
-0.7410270738915685,-0.7847779075394422,-0.705677179410734,-0.8477803213136844,-0.6932124901853483,-0.7717391457052074,-1.0260640830997028,6
-0.7410270738915685,-0.6336289733016887,-0.5861373311505896,-0.8375843344254854,-0.6188757593396496,-0.9770044277893872,-0.954226380314902,7
-0.6993926435724429,-0.7847779075394422,-0.705677179410734,-0.9344462098633752,-0.9229805673447802,-0.8812139628167699,-0.8536535964161812,7
-0.6577582132533172,-0.6336289733016887,-0.8252170276708785,-0.8559371108242435,-0.8644122339511995,-0.7215631878624079,-0.8752049072516214,7
-0.6577582132533172,-0.6840119513809395,0.1311017584102757,-0.8049571763832488,-0.7427703107491472,-0.821915103548007,-0.7818158936313805,7
-0.6577582132533172,-0.7343949294601909,-0.705677179410734,-0.8518587160689639,-0.7247492850895839,-0.7945463992701164,-0.9326750694794618,8
-0.6161237829341915,-0.4320970609846832,-0.3470576346303012,-0.7478596498093347,-0.6571704388662216,-0.7489318921402985,-0.7710402382136604,8
-0.6161237829341915,-0.6840119513809395,-0.4665974828904456,-0.6856641297913213,-0.5332758874567239,-0.6668257793066268,-0.8536535964161812,6
-0.6161237829341915,-0.7847779075394422,-0.8252170276708785,-0.9324070124857354,-0.7788123620682739,-0.9313899206595695,-1.0152884276819827,7
-0.6161237829341915,-0.7847779075394422,-0.9447568759310225,-0.8518587160689639,-0.7427703107491472,-0.7352475400013533,-1.0116965425427427,6
-0.6161237829341915,-0.7847779075394422,-0.705677179410734,-0.9385246046186548,-0.8982016570628807,-0.8401609063999341,-0.9829614614288223,6
-0.53285492229594,-0.5832459952224374,-0.5861373311505896,-0.8426823278695849,-0.8080965287650642,-0.7534933428532804,-0.8716130221123815,7
-0.44958606165768905,-0.4824800390639346,-0.8252170276708785,-0.5806454648428722,-0.40262345142489,-0.3748929336757933,-0.7889996639098605,7
-0.44958606165768905,-0.2809481267469291,-0.3470576346303012,-0.7019777088124396,-0.6684335799034486,-0.6668257793066268,-0.6956106502896199,6
-0.4079516313385633,-0.5832459952224374,-0.705677179410734,-0.7590752353863536,-0.6909598619779028,-0.7443704414273168,-0.7818158936313805,6
-0.4079516313385633,-0.5832459952224374,-0.9447568759310225,-0.7631536301416332,-0.6436546696215492,-0.6348956243157543,-0.8895724478085815,7
-0.3663172010194376,-0.2809481267469291,-0.3470576346303012,-0.41649007594286935,-0.08950813058997771,-0.6577028778806632,-0.5196082784668581,8
-0.2830483403811862,0.5755625006003435,-0.3470576346303012,-0.6244882084621277,-0.560307425946069,-0.461560497222447,-0.7027944205680999,7
-0.19977947974293475,-0.3313311048261805,0.011561910150131954,-0.5694298792658534,-0.5017390925524882,-0.6257727228897908,-0.5770784406946987,7
-0.19977947974293475,-0.3313311048261805,-0.4665974828904456,-0.5847238595981518,-0.6504125542438853,-0.5892811171859366,-0.4944650824921779,9
-0.19977947974293475,-0.2809481267469291,-0.3470576346303012,-0.6316253992838669,-0.4994864643450428,-0.6120883707508454,-0.7530808125174603,8
-0.19977947974293475,-0.1801821705884264,-0.3470576346303012,-0.6265274058397675,-0.4994864643450428,-0.5801582157599731,-0.7746321233529004,6
-0.15814504942380903,-0.1801821705884264,-0.3470576346303012,-0.5796258661540524,-0.5107496053822699,-0.27910246870317623,-0.7063863057073397,7
-0.11651061910468331,-0.029033236350672283,-0.3470576346303012,-0.3043342201726812,-0.05797133568574216,-0.3748929336757933,-0.40825983915041725,8
-0.11651061910468331,-0.07941621442992365,-0.3470576346303012,-0.5786062674652324,-0.4431707591589074,-0.5984040186119002,-0.7207538462643,6
-0.11651061910468331,-0.07941621442992365,-0.3470576346303012,-0.5531163002447351,-0.44091813095146204,-0.5573509621950643,-0.6201810623655791,9
-0.11651061910468331,-0.2809481267469291,-0.5861373311505896,-0.6387625901056063,-0.6504125542438853,-0.6120883707508454,-0.5232001636060982,8
-0.0748761887855576,-0.23056514866767774,-0.3470576346303012,-0.4429996418521866,-0.1886237717175759,-0.49349065221331945,-0.6381404880617793,8
-0.03324175846643189,-0.07941621442992365,0.1311017584102757,-0.10653207454162193,-0.0309397971963972,0.035637630492566,-0.38670852831497704,9
-0.03324175846643189,-0.2809481267469291,-0.10797793811001244,-0.5898218530422513,-0.5850863362279684,-0.43419179294455634,-0.5878540961124188,8
-0.03324175846643189,-0.2809481267469291,-0.3470576346303012,-0.5592338923776545,-0.32152883595685533,-0.46612194793542877,-0.5160163933276181,8
-0.03324175846643189,0.5251795225210922,0.25064160667042007,0.3879732895360262,0.7372064215424884,0.1633582504560557,0.10897162090014745,7
0.008392671852693824,-0.07941621442992365,-0.22751778637015682,-0.373666931012434,-0.1548343486058947,-0.5117364550652466,-0.4944650824921779,8
0.008392671852693824,-0.07941621442992365,0.011561910150131954,-0.46441121431740445,-0.4364128745365712,-0.47524484936139233,-0.3974841837326971,9
0.008392671852693824,-0.029033236350672283,-0.4665974828904456,-0.1493552194720575,0.07268110034609183,-0.22892651086037671,-0.2717682038592959,9
0.008392671852693824,-0.12979919250917502,-0.4665974828904456,-0.45013683267392596,-0.2809815282228379,-0.3748929336757933,-0.7063863057073397,8
0.05002710217181954,-0.07941621442992365,-0.3470576346303012,-0.43178405627516786,-0.36207614369087254,-0.48892920150033764,-0.3507896769225767,8
0.09166153249094526,-0.1801821705884264,-0.3470576346303012,-0.46848960907268405,-0.4499286437812437,-0.2882253701291398,-0.501648852770658,9
0.13329596281007097,0.12211569788708126,0.011561910150131954,-0.33084378608199844,-0.21115005379203006,-0.3885772858147386,-0.3543815620618167,10
0.17493039312919667,-0.1801821705884264,-0.10797793811001244,-0.09225769289814341,0.2844281518459605,0.008268926214675345,-0.5950378663908988,7
0.17493039312919667,0.021349741728578526,-0.4665974828904456,-0.07288531781056531,0.336238600617205,-0.36577003224982974,-0.3507896769225767,9
0.17493039312919667,0.07173271980782989,0.011561910150131954,-0.017826988614291245,0.4601331520267028,-0.48892920150033764,-0.1496441091251349,9
0.2165648234483224,0.07173271980782989,-0.10797793811001244,-0.02904257419130997,0.30470180571296923,0.04476053191852955,-0.4585462310997777,8
0.2165648234483224,0.222881654045584,0.25064160667042007,0.022956958938504524,0.16053360043646298,0.13142809546518328,-0.11372525773273455,8
0.2165648234483224,0.17249867596633262,0.25064160667042007,0.005623781228566435,0.23261770307471596,-0.03734558091514241,-0.160419764542855,10
0.29983368408657385,0.222881654045584,0.1311017584102757,0.14428920290807182,0.4713962930639298,-0.028222679489178858,-0.03470378466945377,9
0.29983368408657385,0.3740305882833381,0.4897213031907089,0.13817161077515247,0.2731650108087334,0.3366933775493629,-0.12450091315045465,8
0.29983368408657385,0.3236476102040867,0.3701814549305645,-0.3838629179006329,-0.1052765280420956,-0.03734558091514241,0.044317688393826805,8
0.29983368408657385,0.07173271980782989,0.1311017584102757,0.04742732747018199,0.3182175749576417,0.0721292361964202,-0.2430331227453758,8
0.34146811440569863,0.47479654444184083,0.25064160667042007,0.2666410455664591,0.4376068699522486,0.5373972089205608,-0.06343886578337406,9
0.34146811440569863,0.27326463212483537,0.25064160667042007,0.32883656558447255,0.9917534089838199,0.017391827640638895,-0.23584935246689576,8
0.34146811440569863,0.4244135663625895,0.8483408479711414,0.36860091444844856,0.39480693401078576,0.5191514060686336,0.18440120882418817,9
0.38310254472482436,0.5251795225210922,0.25064160667042007,0.42569844102236265,0.8205536652179685,0.2089727575858732,0.08023653978622716,9
0.38310254472482436,0.3740305882833381,0.1311017584102757,0.09942686059999647,0.2371229594896068,0.33213192683638115,-0.13527656856817477,8
0.38310254472482436,0.3236476102040867,0.25064160667042007,-0.15037481816087728,-0.07599236134530522,-0.18787345444354073,-0.10654148745425447,8
0.42473697504395,0.5251795225210922,0.1311017584102757,0.3380129537838517,0.4804068058937115,0.44160674394794375,0.18799309396342823,7
0.42473697504395,0.4244135663625895,0.4897213031907089,0.4878939610403761,0.8858798832338858,0.3047632225584905,0.13411481687482768,10
0.42473697504395,0.27326463212483537,0.011561910150131954,0.03417254451552348,0.18756513892580795,0.09493648976132907,-0.12090902801121461,9
0.42473697504395,0.6259454786795944,0.6092611514508532,0.08209368289005839,0.34074385703209586,0.14967389831711037,-0.005968703555533689,9
0.42473697504395,0.47479654444184083,-0.10797793811001244,0.15958318324037035,0.29343866467574214,0.14967389831711037,0.15207424257102786,9
0.42473697504395,0.27326463212483537,-0.22751778637015682,-0.04841494927888785,-0.19763428454735757,0.3184475746974358,0.044317688393826805,10
0.42473697504395,0.3740305882833381,0.7288009997109977,0.3951104803577656,0.85434308832965,0.3366933775493629,-0.0778064063403342,9
0.42473697504395,0.3740305882833381,0.1311017584102757,0.03723134058198305,0.2506387287342793,0.1268666447522015,-0.13527656856817477,9
0.46637140536307575,0.47479654444184083,0.25064160667042007,0.5816970404118064,0.527711998250065,0.3184475746974358,0.18799309396342823,8
0.46637140536307575,0.47479654444184083,1.326500241011719,2.100899086753447,2.638424628626416,2.2388183248627613,1.4523366629759193,9
0.46637140536307575,0.3740305882833381,-0.10797793811001244,-0.030062172880129977,0.08169161317587349,0.09949794047431085,-0.13527656856817477,9
0.46637140536307575,0.4244135663625895,0.011561910150131954,0.2707194403217387,0.5705119341915278,0.008268926214675345,0.10178785062166737,9
0.46637140536307575,0.4244135663625895,0.1311017584102757,0.35432653280496984,0.8453325754998683,0.15423534903009214,-0.0670307509226141,8
0.46637140536307575,0.4244135663625895,0.3701814549305645,0.2064847229260855,0.1154810362875547,0.5966960681893239,0.18799309396342823,9
0.5080058356822015,0.5251795225210922,0.1311017584102757,0.21362191374782463,0.5344698828724012,0.017391827640638895,-0.0275200143909739,9
0.5080058356822015,0.5755625006003435,0.4897213031907089,0.2584842560559,0.45112263919692114,0.5054670539296884,0.18799309396342823,7
0.5496402660013272,0.6259454786795944,0.25064160667042007,0.3400521511614915,0.5479856521170736,0.46897544822583437,0.008398837001426452,8
0.6329091266395787,0.6763284567588458,0.4897213031907089,0.40326726986832473,0.5660066777766369,0.6286262231801962,0.12693104659634763,9
0.6329091266395787,0.47479654444184083,0.7288009997109977,0.7397348371788897,1.5166157813186005,0.5373972089205608,0.008398837001426452,8
0.6329091266395787,0.5755625006003435,0.25064160667042007,0.5582462705689487,0.8385746908775318,0.7426624910047407,0.08023653978622716,8
0.6329091266395787,0.5755625006003435,0.3701814549305645,0.38287529609192683,0.6876486009786893,0.6012575189023056,-0.09935771717577441,10
0.6745435569587044,0.6259454786795944,0.6092611514508532,0.7111860738919326,1.1336689860528808,0.42792239180899844,0.3819548914823897,9
0.6745435569587044,0.6763284567588458,0.011561910150131954,0.5888342312335453,0.8813746268189949,0.697047983874923,0.25264702646974885,9
0.6745435569587044,0.7267114348380971,0.7288009997109977,0.7234212581577713,1.0030165500210468,0.5100285046426701,0.5615491484443915,10
0.6745435569587044,0.6763284567588458,0.6092611514508532,0.46342359250869863,0.3317333442023142,0.35493918040129,0.8488999595835939,9
0.71617798727783,0.7770944129173485,0.4897213031907089,0.3787969013366473,0.7755011010690602,0.28651741970656336,0.01917449241914656,8
0.71617798727783,0.7770944129173485,0.1311017584102757,1.0231832726708199,1.9085730894141026,0.4096765889570713,0.3424441549507493,9
0.71617798727783,0.6259454786795944,0.6092611514508532,0.45526680299813943,0.6245750111702177,0.5602044624854696,0.20236063452038835,9
0.7578124175969557,0.5251795225210922,0.7288009997109977,0.46444319119751837,0.550238280324519,0.8338915052643762,0.22391194535582856,10
0.7578124175969557,0.5755625006003435,0.25064160667042007,0.19221034128260697,0.4601331520267028,0.017391827640638895,0.01917449241914656,9
0.7578124175969557,0.6763284567588458,0.3701814549305645,0.4042868685571445,0.39480693401078576,0.6331876738931781,0.33166849953302924,9
0.7994468479160814,0.6259454786795944,-0.10797793811001244,0.38899288822484646,0.7755011010690602,0.1816040533079828,0.06227711409002698,8
0.7994468479160814,0.4244135663625895,1.4460400892718634,0.05966251173602072,0.31145969033530546,-0.25629521513826736,0.011990722140666488,8
0.7994468479160814,0.7267114348380971,0.4897213031907089,0.5786382443453465,0.9196693063455667,0.5830117160503785,0.30293341841910937,8
0.8410812782352072,0.7770944129173485,0.8483408479711414,1.1129079572869707,1.6855628968770069,0.8293300545513944,0.6693057026215925,9
0.8410812782352072,0.7267114348380971,1.0874205444914302,0.7703227978434862,1.025542832095501,0.9981037309317196,0.3388522698115093,8
0.8827157085543329,0.6259454786795944,0.3701814549305645,0.6194221918981423,1.0345533449252826,0.27739451828059986,0.3460360400899894,8
0.8827157085543329,0.9282433471551026,0.8483408479711414,0.8885962457465939,0.9196693063455667,1.1486316044601181,0.7447352905456333,10
0.9243501388734586,0.8778603690758512,-2.9769342963534755,0.6683629289614973,0.6853959727712436,1.1623159565990635,0.35681169550770947,9
0.9659845691925844,1.0793922813928567,0.6092611514508532,1.1016923717099518,1.2282793707655881,1.4679331543688423,0.856083729862074,10
1.00761899951171,1.2305412156306108,1.326500241011719,1.144515516640387,1.293605588781505,1.0391567873485554,0.967432169178515,10
1.00761899951171,0.7267114348380971,0.7288009997109977,0.6235005866534219,0.7597327036169426,0.6696792795970322,0.47534390510263064,10
1.0492534298308358,0.9282433471551026,1.2069603927515746,1.2954161225857315,1.2710793067070507,1.4451259008039334,1.3338044533809983,9
1.0492534298308358,0.9282433471551026,0.3701814549305645,0.7611464096441073,0.9264271909679027,1.212491914441863,0.39632243203934986,11
1.0908878601499614,1.0793922813928567,0.4897213031907089,0.9813797264292045,0.8723641139892132,1.7188129435828396,0.762694716241833,11
1.0908878601499614,1.0290093033136054,0.8483408479711414,1.195495451081382,1.0323007167178373,1.750743098573712,0.8991863515329545,10
1.1325222904690873,1.2305412156306108,1.0874205444914302,1.0547908320242367,0.8408273190849774,0.8202071531254308,1.7037686227227216,11
1.1741567207882129,1.1801582375513595,0.4897213031907089,1.089457187444113,1.2147636015209156,0.897751815246121,0.7267758648494331,8
1.1741567207882129,0.9282433471551026,0.7288009997109977,0.9558897592087072,1.0998795629411997,1.007226632357683,0.8668593852797941,9
1.2157911511073387,0.978626325234354,1.565579937532007,1.0925159835105729,1.1179005886007631,1.112139998756264,0.8201648784696737,9
1.3406944420647158,1.3313071717891136,1.8046596340522958,1.7817646971528205,1.3724475760420947,1.686882788591967,1.6858091970265214,14
1.3406944420647158,1.129775259472108,0.6092611514508532,1.4075719783559195,1.530131550563273,1.7142514928698578,1.157802081558237,10
1.3823288723838405,1.3313071717891136,0.3701814549305645,1.2750241488093335,1.1922373194464615,1.1851232101639724,1.0859643787734363,9
1.3823288723838405,1.2305412156306108,1.6851197857921514,1.538080610524866,1.6945734097067886,2.0472373949175275,1.060821182798756,12
1.3823288723838405,1.2305412156306108,0.7288009997109977,1.4779242878844925,1.960383538185347,1.5317934643505868,0.9386970880645948,9
1.4239633027029663,1.532839084106119,1.0874205444914302,1.8582345988143125,2.3681092437329663,1.7416201971477485,1.4271934670012392,10
1.465597733022092,1.5832220621853692,0.9678806962312858,1.88066576996835,2.4131618078818744,1.413195745813061,1.4882555143683198,9
1.465597733022092,1.683988018343872,1.2069603927515746,2.945126801096319,3.314213090860039,2.165835113455053,2.8675394078364924,12
1.465597733022092,1.1801582375513595,1.2069603927515746,1.6675696440049927,2.2306989230787964,1.1531930551731,1.154210196418997,9
1.5072321633412178,1.4320731279476162,0.7288009997109977,0.7958127650639839,1.262068793877269,0.5054670539296884,0.4466088239887104,9
1.5488665936603434,1.532839084106119,0.9678806962312858,1.6787852295820112,1.6923207814993428,1.8282877606944021,1.5349500211784404,11
1.590501023979469,1.4320731279476162,1.2069603927515746,2.3976023052000364,3.0957081547378342,2.065483197769454,1.9300573864948436,12
1.590501023979469,1.280924193709862,1.2069603927515746,1.7267063679565464,2.3861302693925297,1.2079304637288812,1.301477487127838,10
1.6321354542985949,1.7343709964231233,1.326500241011719,2.5984632468975555,3.0056030264400175,2.7314550018647927,2.145570494849246,10
1.6321354542985949,1.4320731279476162,1.4460400892718634,2.381288726178918,2.4514564874084463,2.6311030861791935,2.0306301703935645,10
1.6321354542985949,1.5832220621853692,0.1311017584102757,0.7305584489795107,1.4940894992441465,0.1268666447522015,0.21313628993810846,8
1.6737698846177205,0.978626325234354,1.0874205444914302,2.3435635746925816,3.0033503982325724,2.2342568741497795,1.52058248062148,12
1.7154043149368463,1.683988018343872,1.0874205444914302,2.142702632995063,2.5753510388179444,1.8191648592684386,1.7504631295328419,12
1.757038745255972,1.7847539745023746,1.0874205444914302,2.641286391827991,2.6699614235306512,3.370058101682241,1.8761791094062434,11
1.8403076058942234,1.5832220621853692,1.8046596340522958,2.247721297943512,2.417667064296766,2.5353126212065766,1.8761791094062434,11
1.8819420362133492,1.6336050402646205,1.6851197857921514,2.8696764981236473,3.3772866806685107,3.0918096081903523,2.1994487719378464,11
1.9235764665324748,2.187817799136386,1.6851197857921514,3.418220592708749,3.7714966169714574,3.03251074892159,3.1584821041149347,11
1.9235764665324748,1.7343709964231233,1.565579937532007,2.4016806999553157,2.118067512706526,2.015307239926655,2.5586372858618494,10
2.1317486181281033,2.238200777215637,1.8046596340522958,3.728178594109997,5.084778861912133,2.900228678245118,2.493983353355529,11
-2.8227485898478526,-0.3313311048261805,-0.4665974828904456,-0.7427616563652353,-0.736012426126811,-0.6941944835845174,-0.6381404880617793,6
-2.3231354260183443,-2.0443523595207256,-1.901075662012177,-1.5339702388894725,-1.4658639653391246,-1.5198170626342178,-1.5612549688464676,4
-2.2815009956992185,-2.2458842718377308,-1.7815358137520325,-1.5502838179105909,-1.486137619206133,-1.5198170626342178,-1.5540711985679876,5
-2.2815009956992185,-2.1955012937584795,-1.7815358137520325,-1.519695857245994,-1.4433376832646705,-1.5106941612082543,-1.5361117728717872,5
-2.07332884410359,-2.145118315679228,-1.1838365724513114,-1.46055913329444,-1.3735062088338625,-1.3784120905317832,-1.4606821849477465,6
-1.8235222621888363,-1.9435864033622228,-1.7815358137520325,-1.470755120182639,-1.4208114011902162,-1.4605182033654551,-1.4427227592515464,5
-1.7818878318697104,-1.8428204472037202,-1.6619959654918883,-1.4748335149379186,0.34074385703209586,-1.5106941612082543,-1.4283552186945863,5
-1.7402534015505848,-1.7924374691244687,-1.4229162689715997,-1.4095791988534456,-1.3735062088338625,-1.3647277383928378,-1.396028252441426,5
-1.7402534015505848,-1.7924374691244687,-1.6619959654918883,-1.4564807385391605,-1.4118008883604347,-1.4331494990875644,-1.4391308741123063,5
-1.6569845409123334,-1.8428204472037202,-1.5424561172317441,-1.4065204027869858,-1.364495696004081,-1.3556048369668743,-1.069166704770583,6
-1.6153501105932075,-1.5909055568074635,-1.064296724191167,-1.2647961850410208,-1.1595065291265485,-1.2871830762721475,-1.3421499753528257,7
-1.6153501105932075,-2.0443523595207256,-1.064296724191167,-1.3647168565453702,-1.272137939498819,-1.3556048369668743,-1.403212022719906,5
-1.573715680274082,-1.641288534886715,-1.1838365724513114,-1.2790705666844993,-1.1865380676158932,-1.278060174846184,-1.3708850564667456,7
-1.5320812499549563,-1.5909055568074635,-1.1838365724513114,-1.3249525076813944,-1.2698853112913735,-1.3464819355409106,-1.3205986645173855,6
-1.490446819635831,-1.5405225787282122,-1.064296724191167,-1.2933449483279778,-1.2023064650680113,-1.3099903298370565,-1.3205986645173855,6
-1.490446819635831,-1.5405225787282122,-1.3033764207114553,-1.281109764062139,-1.1459907598818762,-1.3099903298370565,-1.3565175159097855,5
-1.4488123893167053,-1.389373644490458,-1.5424561172317441,-1.2515414020863622,-1.16851704195633,-1.31911323126302,-1.2487609617325848,6
-1.4488123893167053,-1.5405225787282122,-1.1838365724513114,-1.3259721063702143,-1.2338432599722469,-1.3692891891058194,-1.3385580902135856,8
-1.3655435286784539,-1.389373644490458,-1.3033764207114553,-1.290286152261518,-1.2248327471424656,-1.3282361326889836,-1.2559447320110648,4
-1.323909098359328,-1.389373644490458,-1.3033764207114553,-1.3076193299714562,-1.2541169138392556,-1.2643758227072386,-1.2990473536819451,6
-1.323909098359328,-1.389373644490458,-1.3033764207114553,-1.290286152261518,-1.2473590292169194,-1.3054288791240747,-1.284679813124985,7
-1.323909098359328,-1.4397566225697094,-1.3033764207114553,-1.2556197968416418,-1.1932959522382298,-1.200515512725494,-1.284679813124985,7
-1.2822746680402024,-1.1878417321734531,-1.1838365724513114,-1.1913850794459886,-1.218074862520129,-1.0499876391970955,-1.1769232589477843,7
-1.2822746680402024,-1.2886076883319553,-1.3033764207114553,-1.2474630073310826,-1.1257171060148674,-1.3282361326889836,-1.270312272568025,6
-1.2406402377210768,-1.1878417321734531,-1.064296724191167,-1.2556197968416418,-1.1865380676158932,-1.2734987241332023,-1.277496042846505,5
-1.2406402377210768,-1.1878417321734531,-1.3033764207114553,-1.2036202637118272,-1.0874224264882952,-1.2370071184293483,-1.2164339954794243,7
-1.2406402377210768,-1.3389906664112068,-1.1838365724513114,-1.2454238099534427,-1.2000538368605658,-1.278060174846184,-1.1733313738085442,6
-1.2406402377210768,-1.3389906664112068,-1.064296724191167,-1.187306684690709,-1.1234644778074219,-1.2689372734202204,-1.158963833251584,6
-1.2406402377210768,-1.2886076883319553,-1.4229162689715997,-1.2770313693068593,-1.2473590292169194,-1.2096384141514576,-1.2487609617325848,8
-1.2406402377210768,-1.389373644490458,-1.3033764207114553,-1.2454238099534427,-1.1932959522382298,-1.2917445269851293,-1.2128421103401843,7
-1.199005807401951,-1.3389906664112068,-0.705677179410734,-1.1679343096031307,-1.1234644778074219,-1.1594624563086582,-1.1733313738085442,6
-1.199005807401951,-1.389373644490458,-1.4229162689715997,-1.2607177902857412,-1.2293380035573565,-1.2643758227072386,-1.2128421103401843,8
-1.1573713770828253,-1.1878417321734531,-1.1838365724513114,-1.1567187240261119,-1.118959221392531,-1.1047250477528767,-1.1805151440870243,9
-1.1573713770828253,-1.2886076883319553,-1.3033764207114553,-1.2464434086422627,-1.1820328112010023,-1.3008674284110928,-1.2343934211756247,8
-1.1573713770828253,-1.0870757760149505,-1.064296724191167,-1.0741312302317005,-0.9342437083820073,-1.0864792449009497,-1.1876989143655043,7
-1.1573713770828253,-1.2886076883319553,-1.1838365724513114,-1.225031836177045,-1.1572539009191032,-1.2643758227072386,-1.2451690765933447,5
-1.1157369467636995,-1.0870757760149505,-1.064296724191167,-1.0241708944795258,-0.8689174903660902,-1.122970850604804,-1.0763504750490631,7
-1.0741025164445739,-1.036692797935699,-0.8252170276708785,-1.1108367830292167,-1.107696080355304,-1.1047250477528767,-1.0368397385174228,8
-1.0741025164445739,-1.1374587540942018,-1.064296724191167,-1.1342875528720744,-1.1009381957329678,-1.0773563434749862,-1.1050855561629835,8
-1.0741025164445739,-1.389373644490458,-0.9447568759310225,-1.08126842105344,-0.9680331314936885,-1.0910406956139316,-1.1266368669984237,5
-1.032468086125448,-1.1878417321734531,-0.9447568759310225,-1.144483539760273,-1.0761592854510682,-1.0956021463269132,-1.1661476035300642,5
-0.9908336558063224,-1.2382247102527046,-1.1838365724513114,-1.1506011318931928,-1.0491277469617233,-1.1868311605865487,-1.1769232589477843,6
-0.9491992254871972,-0.7343949294601909,-0.705677179410734,-1.0170337036577866,-0.9117174263075531,-1.004373132067278,-0.4944650824921779,7
-0.8659303648489457,-1.036692797935699,-1.1838365724513114,-1.0211120984130662,-0.862159605743754,-1.0864792449009497,-1.1266368669984237,6
-0.82429593452982,-0.8351608856186936,-0.705677179410734,-1.0098965128360473,-0.8396333236693,-1.2370071184293483,-0.9973290019857824,7
-0.82429593452982,-0.885543863697945,-0.9447568759310225,-1.0669940394099615,-1.0513803751691686,-1.100163597039895,-0.954226380314902,7
-0.82429593452982,-0.9863098198564477,-1.1838365724513114,-1.0761704276093407,-0.9950646699830333,-1.0545490899100773,-1.1410044075553838,7
-0.7826615042106942,-0.6840119513809395,-3.3355538411339083,-0.8171923606490875,-0.6887072337704574,-0.862968159964843,-0.8895724478085815,8
-0.7826615042106942,-0.9359268417771963,-1.064296724191167,-0.9191522295310769,-0.8306228108395184,-0.9177055685206241,-0.9650020357326221,8
-0.7410270738915685,-0.9359268417771963,-0.705677179410734,-0.9385246046186548,-0.8914437724405444,-0.9952502306413143,-0.8536535964161812,7
-0.6993926435724429,-0.6840119513809395,-0.4665974828904456,-0.7968003868726896,-0.6661809516960033,-0.8903368642427335,-0.8536535964161812,9
-0.6161237829341915,-0.7847779075394422,-0.8252170276708785,-0.7764084130962917,-0.6819493491481212,-0.8355994556869523,-0.8536535964161812,9
-0.5744893526150657,-0.6336289733016887,-0.8252170276708785,-0.8732702885341816,-0.8801806314033174,-0.9587586249374601,-0.8105509747453008,8
-0.5744893526150657,-0.4320970609846832,-0.5861373311505896,-0.8120943672049881,-0.7900755031055009,-0.662264328593645,-0.8213266301630209,8
-0.5744893526150657,-0.7847779075394422,-0.9447568759310225,-0.9313874137969156,-0.006160886914497645,-0.940512822085533,-0.9254912992009817,8
-0.53285492229594,-0.4824800390639346,-0.8252170276708785,-0.7397028602987756,-0.6166231311322041,-0.7443704414273168,-0.9254912992009817,7
-0.53285492229594,-0.5832459952224374,-0.8252170276708785,-0.9344462098633752,-0.9094647981001077,-0.9450742727985147,-0.8967562180870615,9
-0.53285492229594,-0.4320970609846832,-0.3470576346303012,-0.7142128930782783,-0.6909598619779028,-0.6941944835845174,-0.7027944205680999,8
-0.4912204919768143,-0.6840119513809395,-0.705677179410734,-0.9844065456155501,-0.9770436443234701,-0.981565878502369,-0.9039399883655416,11
-0.44958606165768905,-0.4320970609846832,-0.9447568759310225,-0.8518587160689639,-0.8306228108395184,-0.8675296106778246,-0.7458970422389801,8
-0.44958606165768905,-0.532863017143186,0.9678806962312858,-0.7111540970118186,-0.6932124901853483,-0.6896330328715357,-0.6345486029225392,8
-0.44958606165768905,-0.532863017143186,-0.4665974828904456,-0.88856426886648,-0.8666648621586449,-0.8401609063999341,-0.8895724478085815,8
-0.4079516313385633,-0.532863017143186,-0.9447568759310225,-0.6632329586372837,-0.4769601822705886,-0.8173536528350253,-0.7099781908465798,8
-0.4079516313385633,-0.2809481267469291,-0.4665974828904456,-0.7906827947397703,-0.8148544133874005,-0.8401609063999341,-0.6345486029225392,8
-0.4079516313385633,-0.4824800390639346,-0.705677179410734,-0.6866837284801411,-0.6684335799034486,-0.6440185257417179,-0.6381404880617793,8
-0.3663172010194376,-0.38171408290543185,-0.3470576346303012,-0.5816650635316922,-0.5197601182120515,-0.7261246385753897,-0.5303839338845783,9
-0.3663172010194376,-0.532863017143186,-0.5861373311505896,-0.7264480773441171,-0.6887072337704574,-0.6257727228897908,-0.7674483530744204,8
-0.3663172010194376,-0.4320970609846832,-0.9447568759310225,-0.7498988471869745,-0.6256336439619858,-0.8857754135297518,-0.7458970422389801,8
-0.24141391006206045,-0.532863017143186,-0.4665974828904456,-0.6775073402807621,-0.6549178106587762,-0.6941944835845174,-0.6417323732010194,8
-0.24141391006206045,-0.2809481267469291,-0.22751778637015682,-0.6448801822385256,-0.6346441567917674,-0.5892811171859366,-0.5663027852769786,7
-0.24141391006206045,-0.12979919250917502,-0.4665974828904456,-0.5622926884441141,-0.609865246509868,-0.39313873652772036,-0.5160163933276181,8
-0.19977947974293475,-0.2809481267469291,-0.10797793811001244,-0.478685595960883,-0.292244669260065,-0.6987559342974992,-0.5914459812516588,9
-0.19977947974293475,0.12211569788708126,-0.10797793811001244,-0.31045181230560054,-0.2584552461483837,-0.3566471308238664,-0.2322574673276557,9
-0.19977947974293475,-0.3313311048261805,0.1311017584102757,-0.5082539579366598,-0.5422864002865057,-0.39313873652772036,-0.38670852831497704,9
-0.19977947974293475,0.021349741728578526,0.011561910150131954,-0.3410397729701974,-0.4544339001961345,-0.16506620087863186,-0.30768705525169626,9
-0.19977947974293475,-0.3313311048261805,-0.3470576346303012,-0.5286459317130577,-0.45218127198868907,-0.5162979057782283,-0.5878540961124188,7
-0.19977947974293475,-0.12979919250917502,0.011561910150131954,-0.4226076680757887,-0.3012551820898466,-0.5482280607691007,-0.3148708255301763,9
-0.15814504942380903,-0.029033236350672283,-0.22751778637015682,-0.46339161562858444,-0.26070787435582915,-0.6440185257417179,-0.4226273797073774,8
-0.15814504942380903,-0.2809481267469291,-0.4665974828904456,-0.478685595960883,-0.4499286437812437,-0.33840132797193934,-0.4226273797073774,7
-0.15814504942380903,-0.12979919250917502,-0.8252170276708785,-0.5663710831993937,-0.5017390925524882,-0.7078788357234628,-0.4872813122136978,8
-0.0748761887855576,-0.2809481267469291,-0.4665974828904456,-0.41547047725404956,-0.14807646398355848,-0.46612194793542877,-0.5663027852769786,7
-0.0748761887855576,0.12211569788708126,-0.10797793811001244,-0.24009950277702796,-0.10077127162720478,-0.33383987725895753,-0.2430331227453758,13
-0.0748761887855576,-0.07941621442992365,-0.10797793811001244,-0.2696678647528048,-0.17736063068034885,-0.502613553639283,-0.4585462310997777,9
-0.03324175846643189,-0.07941621442992365,-0.22751778637015682,-0.5021363658037404,-0.5693179387758505,-0.4022616379536839,-0.4226273797073774,10
-0.03324175846643189,-0.12979919250917502,-0.3470576346303012,-0.3379809769037376,-0.26521313077072,-0.45243759579648346,-0.34719779178333665,9
0.008392671852693824,-0.07941621442992365,-0.3470576346303012,-0.2696678647528048,0.04339693364930146,-0.3840158351017568,-0.5375677041630583,9
0.008392671852693824,0.12211569788708126,0.3701814549305645,0.0270353536937841,0.30920706212786003,-0.3566471308238664,-0.24662500788461586,9
0.05002710217181954,0.07173271980782989,-0.22751778637015682,-0.27476585819690436,0.14025994656945426,-0.6348956243157543,-0.5160163933276181,9
0.05002710217181954,0.12211569788708126,0.3701814549305645,-0.03821896239068891,0.5096909725905017,-0.6348956243157543,-0.3364221363656165,10
0.05002710217181954,0.07173271980782989,-0.705677179410734,-0.5184499448248587,-0.4814654386854795,-0.5208593564912101,-0.3579734472010567,9
0.05002710217181954,0.17249867596633262,-0.22751778637015682,-0.12488485094038003,0.2686597543938426,-0.5482280607691007,-0.20711427135297547,9
0.09166153249094526,-0.07941621442992365,-0.10797793811001244,-0.4613524182509447,-0.3147709513345191,-0.5436666100561189,-0.609405406947859,9
0.09166153249094526,0.07173271980782989,0.25064160667042007,-0.5143715500695791,0.0005969977078385963,-0.4159459900926292,-0.09935771717577441,8
0.09166153249094526,0.021349741728578526,-0.22751778637015682,-0.2329623119552886,-0.10978178445698643,-0.33383987725895753,-0.22507369704917565,9
0.09166153249094526,0.27326463212483537,0.25064160667042007,-0.22786431851118924,-0.053466079270851334,-0.3292784265459758,-0.3220545958086564,9
0.13329596281007097,0.12211569788708126,0.1311017584102757,0.07495649206831924,0.3249754595799779,-0.16050475016565008,-0.15323599426437493,10
0.13329596281007097,0.12211569788708126,0.011561910150131954,-0.20849194342361113,-0.17510800247290342,-0.3292784265459758,-0.07062263606185412,9
0.17493039312919667,0.27326463212483537,-0.10797793811001244,-0.11672806142982087,0.056912702893973946,-0.29734827155510335,-0.08499017661881426,8
0.17493039312919667,0.3740305882833381,0.25064160667042007,-0.05861093616708679,-0.02643454078150637,-0.16050475016565008,-0.22866558218841568,9
0.17493039312919667,0.222881654045584,0.25064160667042007,-0.20441354866833156,-0.2584552461483837,-0.44787614508350165,0.11256350603938747,10
0.17493039312919667,-0.029033236350672283,-0.10797793811001244,-0.477665997272063,-0.40262345142489,-0.5664738636210278,-0.38670852831497704,8
0.2165648234483224,0.222881654045584,0.1311017584102757,-0.08002250863230469,0.06817584393120102,-0.08752153875794168,-0.11372525773273455,11
0.2165648234483224,-0.029033236350672283,-0.3470576346303012,-0.3624513454354151,-0.2832341564302833,-0.39770018724070216,-0.27895197413777595,9
0.2165648234483224,0.222881654045584,0.25064160667042007,0.09330926846707734,0.24162821590449762,0.0903750390483473,0.06586899922926702,9
0.2165648234483224,0.27326463212483537,0.011561910150131954,-0.15343361422733706,-0.13906595115377682,-0.22892651086037671,-0.045479440087173875,10
0.2165648234483224,0.17249867596633262,-0.10797793811001244,-0.20033515391305198,-0.1210449254942135,-0.23804941228634027,-0.1711954199605751,9
0.2581992537674481,0.3236476102040867,0.011561910150131954,0.08515247895651819,0.21459667741515268,-0.22436506014739493,0.11615539117862751,9
0.2581992537674481,0.222881654045584,0.3701814549305645,-0.18198237751429389,-0.20664479737713923,-0.33840132797193934,0.29574964814062926,10
0.2581992537674481,0.222881654045584,0.011561910150131954,-0.12692404831801982,-0.08275024596764147,-0.142258947313723,-0.06343886578337406,9
0.2581992537674481,0.17249867596633262,0.1311017584102757,-0.07798331125466489,-0.04896082285596051,-0.03734558091514241,-0.09935771717577441,9
0.29983368408657385,0.17249867596633262,-0.10797793811001244,-0.016807389925471237,0.05466007468652853,0.04019908120554777,-0.02033624411249383,9
0.29983368408657385,0.17249867596633262,0.1311017584102757,-0.2870010424627431,-0.22466582303670254,-0.4569990465094652,-0.160419764542855,9
0.29983368408657385,0.3740305882833381,0.3701814549305645,0.8060087519521826,0.8881325114413309,1.2945980272755349,0.22032006021658854,10
0.29983368408657385,0.47479654444184083,0.1311017584102757,0.29620940754223596,0.8453325754998683,-0.17418910230459542,-0.0275200143909739,9
0.34146811440569863,0.3236476102040867,0.8483408479711414,0.09127007108943755,0.24613347231938845,0.2682716168546363,-0.20711427135297547,11
0.34146811440569863,0.4244135663625895,0.1311017584102757,0.042329334026082625,0.2799228954310697,-0.11032879232285056,-0.09935771717577441,8
0.34146811440569863,0.3740305882833381,0.25064160667042007,-0.06676772567764594,0.01861802336740191,0.031076179779584222,-0.14246033884665482,8
0.34146811440569863,-0.1801821705884264,-0.3470576346303012,-0.17280598931491495,-0.03319242540384261,-0.461560497222447,-0.505240737909898,11
0.38310254472482436,0.4244135663625895,0.1311017584102757,-0.15853160767143643,-0.3463077462387549,0.35493918040129,-0.12450091315045465,10
0.38310254472482436,0.4244135663625895,-0.10797793811001244,-0.07084612043292551,0.09971263883543681,-0.3566471308238664,0.044317688393826805,8
0.38310254472482436,0.5251795225210922,-0.10797793811001244,0.3074249931192549,0.16954411326624463,0.655994927458087,0.19158497910266825,9
0.38310254472482436,0.27326463212483537,0.7288009997109977,0.09025047240061755,0.10196526704288222,0.02195327835362067,0.22750383049506862,10
0.38310254472482436,0.3236476102040867,-0.22751778637015682,-0.12692404831801982,-0.05571870747829675,-0.019099778063215306,-0.26458443358081585,10
0.38310254472482436,0.27326463212483537,-0.3470576346303012,0.13817161077515247,0.10647052345777305,0.026514729066602447,0.2598307967482289,9
0.42473697504395,0.12211569788708126,-0.10797793811001244,0.05762331435838093,0.45788052381925737,-0.3064711729810669,-0.1891548456567753,10
0.42473697504395,0.7267114348380971,0.6092611514508532,0.508285934816774,0.6831433445637985,0.2637101661416545,0.4825276753811107,9
0.42473697504395,0.5251795225210922,0.3701814549305645,0.12899522257577353,0.3700280237288862,-0.04190703162812418,-0.13527656856817477,10
0.46637140536307575,0.5251795225210922,0.3701814549305645,1.2454557868335567,1.4062369991537755,0.8430144066903397,0.40709808745707,10
0.46637140536307575,0.47479654444184083,-0.10797793811001244,-0.06778732436646595,0.20558616458537127,-0.12401314446179589,-0.2502168930238559,10
0.46637140536307575,0.3740305882833381,0.25064160667042007,0.05966251173602072,0.18305988251091712,-0.22436506014739493,0.10178785062166737,8
0.5080058356822015,0.5755625006003435,0.3701814549305645,0.17487716357266866,0.4331016135373578,0.1451124476041286,-0.0275200143909739,9
0.5080058356822015,0.8274773909965999,1.0874205444914302,0.697931290937274,0.7327011651275976,0.6651178288840505,0.6908570134570328,10
0.5080058356822015,0.6763284567588458,0.4897213031907089,0.4522080069316797,0.5434803957021829,0.4872212510777615,0.33166849953302924,10
0.5080058356822015,0.5251795225210922,0.6092611514508532,0.5806774417229861,1.0052691782284924,0.491782701790743,0.25264702646974885,10
0.5080058356822015,0.6259454786795944,0.6092611514508532,1.1832602668155432,1.9851624484672468,0.44160674394794375,0.40350620231782997,10
0.5080058356822015,0.6763284567588458,0.25064160667042007,0.48177636890745645,0.7755011010690602,0.16791970116903748,0.35681169550770947,10
0.5080058356822015,0.4244135663625895,0.9678806962312858,-0.059630534855906796,-0.1052765280420956,0.04476053191852955,-0.01315247383401376,8
0.5496402660013272,0.3740305882833381,-0.10797793811001244,-0.11672806142982087,-0.14131857936122222,-0.055591383767069506,-0.06343886578337406,9
0.5496402660013272,0.6259454786795944,0.9678806962312858,0.7305584489795107,1.0773532808667456,0.42336094109601663,0.511262756495031,9
0.5496402660013272,0.47479654444184083,0.3701814549305645,0.11574043962111479,0.1289968055322272,0.06756778548343842,0.2598307967482289,10
0.5912746963204529,0.5755625006003435,0.25064160667042007,0.3084445918080747,0.2348703312821614,0.14055099689114683,-0.09576583203653437,10
0.5912746963204529,0.5755625006003435,0.3701814549305645,0.40224767117950494,0.47364892127137526,-0.6257727228897908,0.47534390510263064,12
0.6329091266395787,0.6763284567588458,0.7288009997109977,0.6173829945205023,0.669627575319126,0.8338915052643762,0.5040789862165509,10
0.6329091266395787,0.7267114348380971,0.3701814549305645,0.3777773026478275,0.4128279596703491,0.0721292361964202,0.619019310672232,11
0.6329091266395787,0.6763284567588458,0.25064160667042007,0.5939322246776451,0.9264271909679027,0.6012575189023056,0.22391194535582856,10
0.6329091266395787,0.5755625006003435,0.3701814549305645,0.430796434466462,0.5232067418351741,0.6331876738931781,0.29574964814062926,11
0.6329091266395787,0.47479654444184083,0.1311017584102757,0.12389722913167395,0.2686597543938426,-0.08296008804495991,0.2167281750773485,10
0.6329091266395787,0.5251795225210922,0.3701814549305645,0.2666410455664591,0.38804904938844953,0.07669068690940198,0.40350620231782997,11
0.6745435569587044,0.7770944129173485,0.25064160667042007,0.8345575152391397,1.2260267425581426,0.41423803967005307,0.6549381620646324,11
0.6745435569587044,0.8274773909965999,0.011561910150131954,0.29926820360869577,0.2686597543938426,0.2317800111507821,0.5471816078874313,10
0.6745435569587044,0.27326463212483537,-0.22751778637015682,0.1504067950409912,0.32722808778742335,-0.060152834480051286,0.15207424257102786,11
0.6745435569587044,0.6763284567588458,0.8483408479711414,0.5042075400614944,0.466891036649039,0.35493918040129,0.6908570134570328,9
0.6745435569587044,0.6259454786795944,0.4897213031907089,0.5195015203937925,0.8160484088030776,0.3731849832532171,0.2598307967482289,12
0.71617798727783,0.4244135663625895,0.25064160667042007,0.08617207764533796,0.21459667741515268,0.026514729066602447,0.08023653978622716,10
0.71617798727783,0.7267114348380971,0.6092611514508532,0.8467926995049784,1.239542511802815,0.697047983874923,0.47534390510263064,12
0.71617798727783,0.6763284567588458,0.7288009997109977,0.40326726986832473,0.34074385703209586,0.48265980036477973,0.46456824968491056,10
0.71617798727783,0.5755625006003435,0.25064160667042007,0.2686802429440989,0.40607007504801285,-0.0738371866189966,0.3388522698115093,9
0.71617798727783,0.7267114348380971,0.7288009997109977,0.6285985800975212,0.4376068699522486,0.9981037309317196,0.7770622567987933,10
0.71617798727783,0.5251795225210922,0.4897213031907089,0.34922853936087045,0.6065539855106544,0.14967389831711037,0.2598307967482289,10
0.7578124175969557,0.6763284567588458,0.3701814549305645,0.3573853288714296,0.3970595622182312,0.11318229261325617,0.3639954657861896,10
0.7578124175969557,0.6259454786795944,0.6092611514508532,0.6102458036987629,0.39255430580334033,0.35493918040129,0.7267758648494331,10
0.7578124175969557,0.9282433471551026,0.7288009997109977,0.45934519775341903,0.5637540495691915,0.4324838425219802,0.40350620231782997,10
0.7578124175969557,0.6763284567588458,0.6092611514508532,0.39613007904658537,0.5907855880585365,0.13598954617816505,0.46456824968491056,12
0.7578124175969557,0.6763284567588458,0.7288009997109977,0.6122850010764029,0.5412277674947374,1.1075785480432823,0.4394250537102303,10
0.7578124175969557,0.7267114348380971,0.8483408479711414,0.5898538299223655,0.39030167759589496,1.2672293229976443,0.4394250537102303,9
0.7578124175969557,0.6763284567588458,0.3701814549305645,0.5837362377894459,0.5615014213617462,0.2819559689935816,0.8345324190266338,10
0.7994468479160814,1.0290093033136054,0.8483408479711414,0.9232626011664706,0.9557113576646933,0.5282743074945973,1.0859643787734363,10
0.7994468479160814,0.8778603690758512,0.9678806962312858,0.870243469347836,0.9782376397391475,0.6696792795970322,0.8345324190266338,12
0.7994468479160814,0.9282433471551026,0.25064160667042007,0.9467133710093278,1.0660901398295184,1.212491914441863,0.8273486487481537,10
0.7994468479160814,0.6763284567588458,0.4897213031907089,0.6133045997652228,0.466891036649039,0.8019613502735037,0.6549381620646324,10
0.8410812782352072,0.47479654444184083,0.7288009997109977,0.5164427243273331,0.6133118701329907,0.491782701790743,0.5471816078874313,9
0.8410812782352072,0.978626325234354,0.8483408479711414,0.6551081460068383,0.8475852037073135,0.6879250824489593,0.4717520199633906,11
0.8410812782352072,1.0793922813928567,0.4897213031907089,0.8875766470577742,0.9557113576646933,1.3265281822664075,0.5902842295583117,9
0.8410812782352072,0.7267114348380971,0.3701814549305645,0.764205205710567,1.0232902038880558,0.532835758207579,0.5723248038621116,12
0.8827157085543329,0.7770944129173485,0.7288009997109977,1.002791298894422,1.0593322552071824,1.4998633093597142,0.762694716241833,9
0.8827157085543329,0.978626325234354,0.9678806962312858,0.9038902260788925,1.095374306526309,1.0437182380615373,0.5471816078874313,11
0.8827157085543329,0.7770944129173485,0.1311017584102757,0.47565877677453733,0.6628696906967895,-0.019099778063215306,0.7016326688747528,12
0.8827157085543329,0.6763284567588458,0.1311017584102757,0.47259998070807757,0.7079222548456978,0.35493918040129,0.29574964814062926,10
0.8827157085543329,0.8778603690758512,0.4897213031907089,0.5388738954813705,0.6200697547553269,0.36862353254023533,0.5471816078874313,12
0.9243501388734586,0.8274773909965999,0.4897213031907089,0.5551874745024888,0.7867642421062875,0.053883433344493095,0.7662866013810731,10
0.9243501388734586,0.9282433471551026,0.6092611514508532,1.2862397343863525,1.557163089052618,0.7654697445696496,1.0859643787734363,9
0.9243501388734586,0.8778603690758512,0.8483408479711414,0.7794991860428656,1.5661736018823997,0.8384529559773579,0.6046517701152719,9
0.9243501388734586,0.6763284567588458,0.7288009997109977,0.7438132319341692,0.7259432805052611,0.8110842516994673,0.9171457772291546,10
0.9243501388734586,1.0290093033136054,0.3701814549305645,0.3206797760739134,0.20558616458537127,0.4096765889570713,0.511262756495031,10
0.9659845691925844,1.5832220621853692,2.1632791788327292,1.4116503731111991,1.2823424477442782,1.7461816478607302,1.2009047032291174,15
0.9659845691925844,1.1801582375513595,0.9678806962312858,0.9885169172509434,0.5727645623989732,1.0847712944783734,1.211680358646837,10
1.00761899951171,1.0290093033136054,0.4897213031907089,0.7234212581577713,0.8858798832338858,0.5282743074945973,0.762694716241833,11
1.00761899951171,0.9282433471551026,1.326500241011719,1.166946687794425,1.1584478963347806,1.5591621686284773,0.960248398900035,10
1.00761899951171,1.1801582375513595,0.4897213031907089,1.3841212085130623,1.739625973855697,0.5875731667633602,1.391274615608839,11
1.0492534298308358,0.978626325234354,0.6092611514508532,0.6755001197832362,0.5367225110798466,0.8521373081163033,0.7914297973557534,11
1.0492534298308358,1.8351369525816261,1.9241994823124402,1.6991772033584092,1.850004756020522,1.8009190564165114,1.409234041305039,11
1.0492534298308358,1.1801582375513595,0.8483408479711414,1.443257932464616,1.473815845377138,1.6230224786102223,1.1937209329506373,11
1.0492534298308358,1.0290093033136054,1.2069603927515746,1.4544735180416348,1.604468281408972,1.7598659999996755,0.9782078245962352,9
1.0492534298308358,1.0290093033136054,0.7288009997109977,1.5054534524826293,1.6450155891429894,1.5363549150635685,1.0931481490519164,10
1.0908878601499614,1.1801582375513595,1.2069603927515746,1.0823199966223735,0.9219219345530119,1.2854751258495714,1.1470264261405168,10
1.0908878601499614,1.280924193709862,1.565579937532007,1.6634912492497131,1.6720471276323343,1.6321453800361858,1.5888282982670408,13
1.0908878601499614,1.129775259472108,1.2069603927515746,1.2760437474981534,1.0841111654890816,1.8784637185372017,1.0356779868240757,10
1.0908878601499614,0.8274773909965999,0.8483408479711414,1.080280799244734,1.262068793877269,1.0345953366355738,0.9063701218114345,10
1.1325222904690873,0.8778603690758512,1.6851197857921514,1.4667087023074736,1.6427629609355439,1.568285070054441,1.1039238044696364,10
1.1325222904690873,1.0793922813928567,0.7288009997109977,1.0364380556254784,1.151690011712444,1.2033690130158994,0.8524918447228339,10
1.1741567207882129,1.2305412156306108,0.9678806962312858,1.350474451782006,1.239542511802815,1.4724946050818242,1.409234041305039,10
1.2157911511073387,1.2305412156306108,2.043739330572585,1.494237866905611,1.2192688579358064,2.7953153118465375,0.960248398900035,11
1.2157911511073387,0.978626325234354,0.8483408479711414,0.3787969013366473,0.3520069980693229,0.8247686038384127,0.9746159394569952,10
1.2574255814264643,1.381690149868365,1.0874205444914302,1.8531366053702132,2.3275619359989492,1.212491914441863,1.653482230773361,13
1.3406944420647158,1.381690149868365,1.565579937532007,1.9652924611404015,2.0504886664831634,2.147589310603126,1.5960120685455208,9
1.4239633027029663,1.5832220621853692,1.2069603927515746,1.9061557371888478,1.7441312302705876,1.992499986361746,1.8582196837100429,11
1.465597733022092,1.381690149868365,-0.22751778637015682,1.483022281328592,1.4107422555686664,1.7644274507126574,-0.3148708255301763,12
1.5072321633412178,1.5832220621853692,8.977050529660954,2.8166573663050123,3.370528796046174,2.7907538611335556,1.9623843527480043,10
1.5072321633412178,1.4824561060268677,1.8046596340522958,2.6759527472478672,3.0957081547378342,1.8465335635463294,2.0773246772036855,11
1.5072321633412178,1.6336050402646205,0.9678806962312858,1.4391795377093364,2.706003474849778,2.1795194655939985,1.3733151899126386,12
1.5488665936603434,1.4320731279476162,0.7288009997109977,1.6012957292316996,1.7283628328184695,1.4998633093597142,1.51699059548224,11
1.6321354542985949,1.683988018343872,0.7288009997109977,2.2528192913876115,2.4942564233499094,1.9012709721021106,1.9480168121910442,13
1.6321354542985949,1.683988018343872,1.8046596340522958,2.7412070633323404,2.667708795323206,3.4977787216457297,2.1383867245707657,12
1.6737698846177205,1.9359029087401287,1.4460400892718634,1.8521170066813935,1.5211210377334914,1.6230224786102223,2.5586372858618494,11
1.7154043149368463,1.7343709964231233,1.2069603927515746,1.8531366053702132,1.4377737940580113,2.3163629869834517,2.0198545149758447,11
1.757038745255972,1.5832220621853692,1.565579937532007,2.64842358264973,2.6564456542859793,2.548996973345522,2.3431241775074474,12
1.8403076058942234,1.6336050402646205,1.8046596340522958,2.898225261410604,3.5912863603758254,2.4212763533820323,2.2928377855580875,9
1.8819420362133492,2.0366688648986315,2.2828190270928728,3.425357783530489,3.931433219700082,3.087248157477371,2.6807613805960107,14
2.4231896303619824,2.4397326895326423,2.641438571873306,2.9084212482988026,2.3928881540148663,2.1840809163069803,4.013350767254062,14
-3.1974584627199834,-3.052011921105752,-2.4987749033128983,-1.6614200749919592,-1.594263773163513,-1.6247304290327986,-1.6869709487198685,3
-2.4480387169757214,-2.447416184154736,-1.901075662012177,-1.5849501733304672,-1.5334428115624867,-1.5152556119212361,-1.4570902998085065,4
-1.323909098359328,-1.4397566225697094,-0.10797793811001244,-1.2382866191317035,-1.1459907598818762,-1.2187613155774213,-1.281087927985745,7
-1.323909098359328,-1.5405225787282122,-1.4229162689715997,-1.2851881588174185,-1.2653800548764826,-1.3327975834019654,-1.3349662050743456,5
-1.2822746680402024,-1.389373644490458,-1.064296724191167,-1.2168750466664857,-1.0220962084723784,-1.2734987241332023,-1.273904157707265,6
-1.2406402377210768,-1.2886076883319553,-1.3033764207114553,-1.0466020656335635,-0.7765597338608284,-1.2278842170033848,-1.2343934211756247,7
-1.1573713770828253,-1.0870757760149505,-1.1838365724513114,-1.1862870860018888,-1.0671487726212865,-1.2461300198553118,-1.2308015360363844,5
-1.0741025164445739,-1.1374587540942018,-1.1838365724513114,-1.0731116315428808,-0.9747910161160247,-1.040864737771132,-1.1661476035300642,5
-1.032468086125448,-1.1878417321734531,-0.705677179410734,-1.0190729010354265,-0.7720544774459376,-1.2324456677163664,-1.1230449818591837,6
-1.032468086125448,-1.0870757760149505,-1.1838365724513114,-1.1159347764733163,-1.08516979828085,-1.0910406956139316,-1.1410044075553838,7
-0.9908336558063224,-0.9863098198564477,-1.064296724191167,-0.9915437364372892,-0.8148544133874005,-1.0636719913360408,-1.1014936710237435,8
-0.9908336558063224,-1.1878417321734531,-1.1838365724513114,-1.1138955790956766,-1.1144539649776402,-0.9633200756504419,-1.1302287521376637,7
-0.9908336558063224,-1.0870757760149505,-0.8252170276708785,-1.070052835476421,-0.9635278750787977,-1.0910406956139316,-1.1374125224161438,6
-0.9491992254871972,-0.885543863697945,-1.064296724191167,-1.0975820000745582,-0.9838015289458064,-1.0727948927620043,-1.1912907995047444,5
-0.9075647951680714,-0.9359268417771963,-0.5861373311505896,-0.8957014596882192,-0.7112335158449115,-1.0545490899100773,-0.9757776911503422,9
-0.82429593452982,-0.6840119513809395,-0.8252170276708785,-0.8967210583770392,-0.7112335158449115,-0.821915103548007,-1.0835342453275434,6
-0.7826615042106942,-0.6840119513809395,-0.8252170276708785,-0.7917023934285902,-0.5445390284939511,-0.9678815263634236,-0.943450724897182,6
-0.6993926435724429,-0.6840119513809395,-0.8252170276708785,-0.937505005929835,-0.8801806314033174,-0.9177055685206241,-0.9865533465680624,5
-0.6993926435724429,-0.885543863697945,-0.4665974828904456,-0.7590752353863536,-0.5220127464194969,-0.8082307514090616,-0.9793695762895822,8
-0.6993926435724429,-0.4320970609846832,-0.705677179410734,-0.7794672091627515,-0.659423067073667,-0.8355994556869523,-0.9003481032263014,9
-0.6161237829341915,-0.7343949294601909,-0.3470576346303012,-0.7774280117851117,-0.6436546696215492,-0.4980521029263012,-0.9254912992009817,6
-0.5744893526150657,-0.7343949294601909,-0.10797793811001244,-0.668330952081383,-0.38460242576532666,-0.739808990714335,-0.950634495175662,7
-0.53285492229594,-0.532863017143186,-0.705677179410734,-0.8008787816279692,-0.7292545415044748,-0.7717391457052074,-0.8177347450237809,8
-0.44958606165768905,-0.6336289733016887,0.011561910150131954,-0.7488792484981547,-0.5873389644354138,-0.639457075028736,-0.8823886775301014,9
-0.44958606165768905,-0.5832459952224374,-0.3470576346303012,-0.8100551698273483,-0.763043964616156,-0.5847196664729548,-0.8716130221123815,6
-0.44958606165768905,-0.532863017143186,-0.4665974828904456,-0.9385246046186548,-1.0513803751691686,-0.8857754135297518,-0.73512138682126,6
-0.4079516313385633,-0.38171408290543185,-0.3470576346303012,-0.3665297401906946,-0.05571870747829675,-0.4068230886666657,-0.6956106502896199,8
-0.4079516313385633,-0.4320970609846832,-0.5861373311505896,-0.7539772419422541,-0.6391494132066583,-0.7991078499830981,-0.8787967923908614,7
-0.4079516313385633,-0.4320970609846832,-0.5861373311505896,-0.5357831225347971,-0.3530656308610909,-0.5801582157599731,-0.7566726976567003,7
-0.3663172010194376,-0.4824800390639346,-0.3470576346303012,-0.5847238595981518,-0.3598235154834271,-0.7124402864364445,-0.6596917988972195,7
-0.3246827707003119,-0.2809481267469291,-0.4665974828904456,-0.7264480773441171,-0.6842019773555665,-0.6668257793066268,-0.6596917988972195,6
-0.3246827707003119,-0.1801821705884264,-1.3033764207114553,-0.3777453257677136,-0.292244669260065,-0.7078788357234628,-0.2933195146947361,8
-0.3246827707003119,-0.38171408290543185,-0.22751778637015682,-0.6173510176403884,-0.4994864643450428,-0.6896330328715357,-0.5986297515301389,6
-0.24141391006206045,-0.2809481267469291,-0.4665974828904456,-0.5215087408913186,-0.4228971052918987,-0.47524484936139233,-0.6812431097326598,7
-0.15814504942380903,-0.23056514866767774,-0.8252170276708785,-0.5633122871329341,-0.5422864002865057,-0.5117364550652466,-0.5986297515301389,9
-0.15814504942380903,-0.2809481267469291,-0.10797793811001244,-0.29209903590684244,0.007354882330174838,-0.21980360943441316,-0.5591190149984985,9
-0.0748761887855576,-0.12979919250917502,-0.3470576346303012,-0.5561750963111948,-0.4048760796323354,-0.7717391457052074,-0.4944650824921779,8
-0.0748761887855576,0.17249867596633262,0.1311017584102757,0.219739505880744,0.6200697547553269,0.00370747550169357,-0.14605222398589487,8
-0.0748761887855576,-0.07941621442992365,-0.3470576346303012,-0.5429203133565362,-0.49272857972270656,-0.5117364550652466,-0.4944650824921779,7
-0.03324175846643189,-0.07941621442992365,-0.3470576346303012,-0.5500575041782754,-0.47470755406314324,-0.37945438438877505,-0.6453242583402594,8
0.008392671852693824,-0.07941621442992365,0.011561910150131954,-0.22072712768944985,0.041144305441856044,-0.32471697583299397,-0.46932188651749784,8
0.05002710217181954,0.222881654045584,-0.22751778637015682,-0.2533542857316865,-0.06022396389318758,-0.3566471308238664,-0.3579734472010567,9
0.05002710217181954,-0.07941621442992365,-0.3470576346303012,-0.1452768247167779,0.17404936968113546,-0.2699795672772127,-0.4585462310997777,8
0.17493039312919667,0.021349741728578526,0.011561910150131954,-0.17994318013665409,-0.012918771536833887,-0.028222679489178858,-0.25740066330233574,9
0.2165648234483224,0.222881654045584,0.011561910150131954,0.022956958938504524,0.07042847213864642,0.3412548282623447,-0.31846271066941634,8
0.2165648234483224,0.17249867596633262,0.4897213031907089,-0.07288531781056531,-0.07373973313785981,0.2089727575858732,-0.1711954199605751,9
0.29983368408657385,0.222881654045584,0.25064160667042007,0.09330926846707734,0.42183847250013073,-0.1787505530175772,-0.13527656856817477,8
0.29983368408657385,0.27326463212483537,0.25064160667042007,0.08719167633415797,0.5232067418351741,0.026514729066602447,-0.3974841837326971,9
0.38310254472482436,0.3740305882833381,0.25064160667042007,0.3237385721403732,0.6516065496595627,0.24090291257674562,0.07305276950774708,8
0.42473697504395,0.5755625006003435,0.25064160667042007,0.5123643295720536,1.0615848834146275,0.23634146186376384,-0.005968703555533689,9
0.42473697504395,0.5251795225210922,0.6092611514508532,0.17691636095030844,0.18531251071836252,0.6012575189023056,-0.002376818416293654,8
0.46637140536307575,0.5251795225210922,0.8483408479711414,0.6856961066714353,1.309373986233623,0.3640620818272536,0.47893579024187066,9
0.46637140536307575,0.27326463212483537,0.011561910150131954,0.2533862626118004,0.5209541136277287,0.32757047612339935,-0.2107061564922155,9
0.5080058356822015,0.47479654444184083,0.25064160667042007,0.15754398586273055,0.22585981845237973,0.4507296453739073,-0.03829566980869381,8
0.5496402660013272,0.3236476102040867,0.25064160667042007,0.08923087371179776,0.12449154911733636,0.31388612398445404,0.044317688393826805,8
0.5496402660013272,0.5755625006003435,0.25064160667042007,0.6571473433844783,1.1426794988826625,0.532835758207579,0.09101219520394727,9
0.5496402660013272,0.5251795225210922,0.1311017584102757,0.32985616427329256,0.42183847250013073,0.3640620818272536,0.2598307967482289,8
0.5912746963204529,0.47479654444184083,0.4897213031907089,0.430796434466462,0.41733321608523993,0.7745926459956131,0.35321981036846944,9
0.6329091266395787,0.47479654444184083,0.3701814549305645,0.2370726835906821,0.3475017416544321,0.25458726471569093,0.08023653978622716,8
0.6329091266395787,0.5755625006003435,1.4460400892718634,0.8773806601695749,1.2665740502921599,0.1633582504560557,0.8488999595835939,9
0.6745435569587044,0.7770944129173485,0.6092611514508532,0.2503274665453408,0.42409110070757616,0.11318229261325617,0.27060645216594903,11
0.6745435569587044,0.7770944129173485,0.4897213031907089,0.7591072122664677,0.25964924156406094,0.9752964773668107,1.0141266759886356,9
0.6745435569587044,1.0793922813928567,0.7288009997109977,0.9385565814987686,1.0841111654890816,1.0391567873485554,0.6657138174823525,9
0.71617798727783,0.7770944129173485,0.7288009997109977,0.5541678758136691,0.6899012291861345,0.44160674394794375,0.47534390510263064,11
0.7578124175969557,0.6763284567588458,-0.22751778637015682,0.02805495238260411,-0.028687168988951784,0.09949794047431085,0.08742031006470723,8
0.7994468479160814,0.7770944129173485,0.3701814549305645,0.44914921086521986,0.46238578023414817,0.45985254679987086,0.08023653978622716,10
0.7994468479160814,0.27326463212483537,0.3701814549305645,0.3736989078925479,0.5299646264575103,0.5054670539296884,0.2598307967482289,8
0.7994468479160814,0.7267114348380971,0.6092611514508532,0.497070349239755,0.550238280324519,0.49634415250372477,0.5256302970519912,9
0.8410812782352072,1.129775259472108,0.8483408479711414,1.186319062882003,1.4940894992441465,1.2900365765625532,0.7734703716595531,10
0.8410812782352072,0.6259454786795944,0.9678806962312858,0.6265593827198812,0.4128279596703491,1.312843830127462,0.47534390510263064,11
0.8827157085543329,0.6259454786795944,0.1311017584102757,0.5541678758136691,0.7236906522978159,0.7244166881528136,0.267014567026709,9
0.8827157085543329,0.9282433471551026,0.8483408479711414,0.574559849590067,0.48491206230860234,0.7973998995605219,0.6477543917861524,10
0.8827157085543329,0.47479654444184083,0.25064160667042007,0.6173829945205023,0.5479856521170736,0.856698758829285,0.47534390510263064,9
0.8827157085543329,0.7267114348380971,0.25064160667042007,0.9018510287012524,1.3566791785899766,0.5647659131984514,0.511262756495031,11
0.8827157085543329,0.8274773909965999,2.043739330572585,1.034398858247839,1.446784306887793,0.71529378672685,0.615427425532992,10
0.9243501388734586,0.978626325234354,0.1311017584102757,0.6235005866534219,0.6561118060744535,0.7745926459956131,0.5471816078874313,10
0.9243501388734586,1.0290093033136054,1.0874205444914302,0.9773013316739249,0.8318168062551958,1.253544970858699,0.9925753651531953,8
0.9659845691925844,1.0793922813928567,1.565579937532007,1.437140340331697,1.370194947834649,1.4040728443870976,1.1757615072544372,9
1.00761899951171,1.0793922813928567,0.8483408479711414,1.462630307552194,1.550405204430282,1.6823213378789854,1.2655586357354376,10
1.00761899951171,1.0290093033136054,0.3701814549305645,1.4483559259087153,1.2665740502921599,1.6230224786102223,1.3733151899126386,11
1.00761899951171,0.978626325234354,0.6092611514508532,0.9976933054503228,0.8588483447445407,1.1030170973303004,0.6908570134570328,11
1.0492534298308358,1.381690149868365,0.8483408479711414,1.4187875639329386,1.0390586013401735,1.3265281822664075,1.840260258013843,10
1.0492534298308358,1.0793922813928567,0.8483408479711414,1.299494517341011,1.4310159094356754,1.1303858016081911,1.157802081558237,10
1.0492534298308358,0.9282433471551026,0.4897213031907089,1.129221536308089,1.5436473198079457,1.1258243508952093,0.5795085741405916,9
1.0492534298308358,0.7770944129173485,0.011561910150131954,0.7060880804478332,0.5209541136277287,0.573888814624415,-0.1711954199605751,8
1.0908878601499614,1.3313071717891136,1.8046596340522958,1.482002682639772,1.51211052490371,1.0528411394875008,1.4738879738113597,11
1.0908878601499614,1.0290093033136054,1.8046596340522958,1.9469396847416436,2.3838776411850846,2.088290451334363,1.297885601988598,11
1.1325222904690873,0.978626325234354,0.6092611514508532,1.111888358598151,1.0345533449252826,1.5546007179154957,0.762694716241833,10
1.1741567207882129,1.0793922813928567,0.9678806962312858,1.1424763192627474,1.0593322552071824,1.3082823794144802,1.1218832301658366,10
1.2157911511073387,1.381690149868365,1.4460400892718634,1.7817646971528205,2.1338359101586435,1.7644274507126574,1.2296397843430373,11
1.2157911511073387,1.0290093033136054,0.8483408479711414,1.422865958688218,1.313879242648514,2.434960705520978,0.762694716241833,10
1.2157911511073387,0.9282433471551026,1.2069603927515746,1.4075719783559195,1.1561952681273349,1.892148070676147,1.2655586357354376,10
1.29906001174559,0.9282433471551026,1.0874205444914302,1.8602737961919527,1.8342363585684038,1.3219667315534256,1.6498903456341214,12
1.29906001174559,1.0793922813928567,0.7288009997109977,1.5961977357875998,2.172130589685216,1.1440701537471363,1.1218832301658366,11
1.3823288723838405,1.1801582375513595,1.4460400892718634,1.9449004873640034,2.5100248208020277,1.3858270415351706,1.5960120685455208,12
1.465597733022092,1.4320731279476162,0.7288009997109977,1.7440395456664843,1.775668025174823,1.331089632979389,0.5831004592798317,11
1.465597733022092,1.4824561060268677,1.4460400892718634,2.0988598893758077,1.6697944994248888,1.6960056900179306,2.5586372858618494,11
1.5072321633412178,1.532839084106119,0.6092611514508532,1.7256867692677265,1.9716466792225742,2.088290451334363,1.071596838216476,10
1.6321354542985949,1.5832220621853692,1.4460400892718634,2.603561240341655,2.9628030904985545,1.6640755350270582,1.833076487735363,12
1.6737698846177205,1.683988018343872,2.402358875353017,2.8166573663050123,4.46755873307209,2.120220606325235,1.886954764823963,13
1.7986731755750978,1.6336050402646205,0.9678806962312858,2.1284282513515844,2.487498538727573,2.247941226288725,1.4882555143683198,10
1.8819420362133492,1.4320731279476162,0.9678806962312858,2.1702317975932,2.624908859381743,1.9742541835098188,1.4810717440898398,11
-2.6145764382522243,-2.3970332060754846,-2.25969520679261,-1.5931069628410264,-1.5334428115624867,-1.5471857669121085,-1.622317016213548,5
-1.9900599834653392,-1.9939693814414743,-2.0206155102723216,-1.4840099031372977,-1.4320745422274435,-1.4924483583563273,-1.4750497255047068,5
-1.9067911228270877,-1.9435864033622228,-1.6619959654918883,-1.443225955584502,-1.4072956319455439,-1.5061327104952724,-1.4247633335553462,6
-1.865156692507962,-1.7924374691244687,-1.3033764207114553,-1.4513827450950612,-1.3937798627008713,-1.4878869076433454,-1.4175795632768662,6
-1.8235222621888363,-1.8428204472037202,-1.1838365724513114,-1.3912264224546875,-1.3352115293072906,-1.337359034114947,-1.4175795632768662,6
-1.573715680274082,-1.5405225787282122,-1.4229162689715997,-1.347383678835432,-1.2631274266690373,-1.3236746819760017,-1.3565175159097855,5
-1.4488123893167053,-1.490139600648961,-1.5424561172317441,-1.3229133103037547,-1.2135696061052381,-1.424026597661601,-1.3205986645173855,5
-1.4071779589975795,-1.389373644490458,-1.5424561172317441,-1.328011303747854,-1.2631274266690373,-1.360166287679856,-1.3277824347958656,6
-1.4071779589975795,-1.490139600648961,-1.1838365724513114,-1.2851881588174185,-1.2969168497807186,-1.1959540620125122,-1.2990473536819451,7
-1.3655435286784539,-1.389373644490458,-1.064296724191167,-1.282129362750959,-1.2901589651583822,-1.1366552027437493,-1.277496042846505,8
-1.3655435286784539,-1.3389906664112068,-1.5424561172317441,-1.2403258165093431,-1.1752749265786664,-1.2461300198553118,-1.2415771914541047,7
-1.3655435286784539,-1.4397566225697094,-1.5424561172317441,-1.3137369221043755,-1.2451064010094741,-1.3145517805500382,-1.3205986645173855,7
-1.323909098359328,-1.389373644490458,-1.3033764207114553,-1.2362474217540635,-1.1978012086531207,-1.1685853577346217,-1.2415771914541047,7
-1.2822746680402024,-1.389373644490458,-1.064296724191167,-1.2464434086422627,-1.1820328112010023,-1.2278842170033848,-1.2487609617325848,6
-1.2406402377210768,-1.2886076883319553,-1.4229162689715997,-1.2484826060199024,-1.1978012086531207,-0.8036693006960799,-1.2128421103401843,7
-1.199005807401951,-1.2382247102527046,-1.064296724191167,-1.194443875512448,-1.2158222343126839,-1.040864737771132,-1.1769232589477843,7
-1.199005807401951,-1.1878417321734531,-0.9447568759310225,-1.2066790597782868,-1.1324749906372036,-1.2871830762721475,-1.1266368669984237,6
-1.1573713770828253,-1.1878417321734531,-1.1838365724513114,-1.2076986584671068,-1.16851704195633,-1.1868311605865487,-1.1697394886693042,8
-1.1573713770828253,-1.2886076883319553,-1.064296724191167,-1.165895112225491,-1.0829171700734044,-1.1092864984658586,-1.2128421103401843,7
-1.1573713770828253,-1.0870757760149505,-1.1838365724513114,-1.0618960459658617,-0.9319910801745619,-1.1366552027437493,-1.1158612115807036,8
-1.1157369467636995,-1.0870757760149505,-1.1838365724513114,-1.17609109911369,-1.1392328752595398,-1.1640239070216398,-1.1410044075553838,7
-1.1157369467636995,-1.2382247102527046,-0.9447568759310225,-1.116954375162136,-1.0446224905468324,-1.0819177941879679,-1.1625557183908242,7
-1.1157369467636995,-1.1878417321734531,-0.9447568759310225,-1.2362474217540635,-1.191043324030784,-1.223322766290403,-1.1912907995047444,7
-0.9491992254871972,-1.0870757760149505,-1.1838365724513114,-1.070052835476421,-1.0378646059244963,-0.9998116813542961,-1.0296559682389428,8
-0.9491992254871972,-1.0870757760149505,-1.1838365724513114,-1.118993572539776,-0.9838015289458064,-1.122970850604804,-1.1769232589477843,8
-0.9075647951680714,-0.8351608856186936,-0.9447568759310225,-1.051700059077663,-0.9928120417755879,-1.0773563434749862,-1.0224721979604627,7
-0.82429593452982,-0.8351608856186936,-0.705677179410734,-1.0435432695671039,-1.0108330674351513,-1.2096384141514576,-1.069166704770583,8
-0.82429593452982,-0.9359268417771963,-1.4229162689715997,-1.072092032854061,-1.0288540930947145,-1.1138479491788404,-1.0332478533781828,7
-0.7410270738915685,-0.7343949294601909,-0.9447568759310225,-1.0180533023466065,-1.0378646059244963,-1.0089345827802596,-0.9254912992009817,7
-0.7410270738915685,-0.8351608856186936,-0.705677179410734,-0.9415834006851145,-0.9004542852703261,-0.9177055685206241,-0.9614101505933821,6
-0.6161237829341915,-0.6840119513809395,-1.064296724191167,-1.0282492892348054,-0.9950646699830333,-1.0636719913360408,-0.9614101505933821,8
-0.6161237829341915,-0.7343949294601909,-0.705677179410734,-0.8345255383590258,-0.8035912723501734,-0.8720910613908064,-0.7494889273782201,7
-0.5744893526150657,-0.4824800390639346,-0.5861373311505896,-0.7580556366975336,-0.6796967209406758,-0.8675296106778246,-0.6596917988972195,10
-0.53285492229594,-0.5832459952224374,-0.705677179410734,-0.8742898872230015,-0.8261175544246275,-0.8903368642427335,-0.8500617112769412,7
-0.53285492229594,-0.532863017143186,-0.705677179410734,-0.822290354093187,-0.7112335158449115,-0.9085826670946606,-0.7818158936313805,7
-0.4912204919768143,-0.38171408290543185,-0.4665974828904456,-0.7998591829391494,-0.7720544774459376,-0.9040212163816789,-0.6596917988972195,9
-0.4912204919768143,-0.6336289733016887,-0.705677179410734,-0.88856426886648,-0.7968333877278372,-0.9770044277893872,-0.8536535964161812,8
-0.44958606165768905,-0.532863017143186,-0.3470576346303012,-0.6724093468366626,-0.6729388363183395,-0.7489318921402985,-0.602221636669379,8
-0.4079516313385633,-0.4824800390639346,0.1311017584102757,-0.4001764969217512,-0.3463077462387549,-0.39770018724070216,-0.3507896769225767,8
-0.4079516313385633,-0.4824800390639346,-0.9447568759310225,-0.8161727619602677,-0.7337597979193655,-0.7443704414273168,-0.9111237586440216,7
-0.4079516313385633,-0.4824800390639346,-0.3470576346303012,-0.6897425245466009,-0.6954651183927937,-0.4569990465094652,-0.8177347450237809,8
-0.3663172010194376,-0.38171408290543185,-0.3470576346303012,-0.7233892812776573,-0.8126017851799551,-0.7033173850104809,-0.4585462310997777,9
-0.3663172010194376,-0.38171408290543185,-0.4665974828904456,-0.5969590438639905,-0.4882233233078157,-0.6075269200378637,-0.6381404880617793,8
-0.3663172010194376,-0.532863017143186,0.4897213031907089,-0.7437812550540551,-0.6233810157545404,-0.680510131445572,0.0012150667229463817,8
-0.3246827707003119,-0.3313311048261805,-0.22751778637015682,-0.4613524182509447,-0.2967499256749558,-0.47524484936139233,-0.5663027852769786,7
-0.2830483403811862,-0.3313311048261805,-0.5861373311505896,-0.7488792484981547,-0.6999703748076845,-0.7854234978441528,-0.6884268800111398,8
-0.2830483403811862,-0.07941621442992365,-0.10797793811001244,-0.4175096746316893,-0.2516973615260475,-0.47524484936139233,-0.501648852770658,8
-0.24141391006206045,-0.38171408290543185,-0.3470576346303012,-0.7284872747217569,-0.6842019773555665,-0.8173536528350253,-0.6381404880617793,8
-0.24141391006206045,-0.07941621442992365,-0.8252170276708785,-0.4623720169397647,-0.49047595151526113,-0.49349065221331945,-0.3507896769225767,8
-0.19977947974293475,-0.07941621442992365,-0.4665974828904456,-0.43382325365280766,-0.4431707591589074,-0.3429627786849211,-0.32564648094789644,8
-0.19977947974293475,-0.1801821705884264,-0.4665974828904456,-0.4756267998944232,-0.5130022335897153,-0.3064711729810669,-0.47291377165673787,8
-0.19977947974293475,-0.3313311048261805,0.011561910150131954,-0.5500575041782754,-0.5490442849088419,-0.4159459900926292,-0.501648852770658,9
-0.11651061910468331,-0.12979919250917502,-0.22751778637015682,-0.4613524182509447,-0.3530656308610909,-0.3429627786849211,-0.5519352447200184,7
-0.0748761887855576,-0.3313311048261805,-0.705677179410734,-0.45319562874038555,-0.26521313077072,-0.45243759579648346,-0.6381404880617793,6
-0.0748761887855576,-0.4824800390639346,-0.3470576346303012,-0.7264480773441171,-0.801338644142728,-0.5071750043522647,-0.72434573140354,9
-0.0748761887855576,-0.5832459952224374,-0.8252170276708785,-0.7223696825888375,-0.659423067073667,-0.5254208072041918,-0.7997753193275807,10
-0.0748761887855576,-0.12979919250917502,-0.3470576346303012,-0.3369613782149178,-0.17736063068034885,-0.3703314829628115,-0.4944650824921779,8
-0.0748761887855576,-0.1801821705884264,-0.3470576346303012,-0.5266067343354179,-0.5467916567013965,-0.49349065221331945,-0.38670852831497704,8
-0.03324175846643189,0.021349741728578526,0.1311017584102757,-0.37264733232361397,-0.2832341564302833,-0.1924349051565225,-0.5303839338845783,9
-0.03324175846643189,-0.1801821705884264,-0.22751778637015682,-0.5592338923776545,-0.5580547977386235,-0.6485799764546997,-0.3543815620618167,7
0.008392671852693824,0.07173271980782989,0.1311017584102757,0.033152945826703466,-0.0309397971963972,-0.1559432994526683,0.3496279252292294,8
0.008392671852693824,-0.1801821705884264,-0.4665974828904456,-0.3359417795260978,-0.21565531020692089,-0.3064711729810669,-0.4369949202643375,9
0.008392671852693824,-0.2809481267469291,-0.10797793811001244,-0.4358624510304474,-0.4431707591589074,-0.19699635586950429,-0.4585462310997777,8
0.008392671852693824,-0.07941621442992365,0.011561910150131954,-0.35633375330249567,-0.24493947690371126,-0.18787345444354073,-0.501648852770658,7
0.008392671852693824,-0.07941621442992365,0.3701814549305645,-0.2482562922875871,-0.3485603744462003,-0.18331200373055898,-0.09935771717577441,9
0.05002710217181954,0.12211569788708126,-0.4665974828904456,-0.4735876025167834,-0.46794966944080696,-0.3612085815368482,-0.4441786905428176,7
0.05002710217181954,0.222881654045584,-0.10797793811001244,-0.4144508785652298,-0.5152548617971606,-0.3201555251200122,-0.1819710753782952,10
0.05002710217181954,-0.07941621442992365,0.1311017584102757,-0.5582142936888345,-0.7472755671640381,-0.4569990465094652,-0.3148708255301763,9
0.05002710217181954,0.12211569788708126,-0.22751778637015682,0.015819768116765377,0.06817584393120102,-0.12401314446179589,0.07305276950774708,11
0.09166153249094526,-0.07941621442992365,-0.22751778637015682,-0.3502161611695763,-0.3418024898238641,-0.16962765159161364,-0.4585462310997777,7
0.13329596281007097,0.222881654045584,0.7288009997109977,0.01480016942794537,0.059165331101419354,0.008268926214675345,0.008398837001426452,9
0.13329596281007097,0.17249867596633262,0.011561910150131954,-0.17688438407019452,-0.17736063068034885,-0.3748929336757933,0.08023653978622716,9
0.13329596281007097,0.222881654045584,0.011561910150131954,-0.018846587303111027,0.15377571581412675,-0.0738371866189966,-0.0670307509226141,9
0.13329596281007097,0.47479654444184083,0.011561910150131954,0.29213101278695636,0.2686597543938426,0.6788021810229958,0.2167281750773485,10
0.13329596281007097,0.12211569788708126,0.011561910150131954,-0.4103724838099502,-0.49047595151526113,-0.5755967650469914,-0.0275200143909739,9
0.13329596281007097,0.17249867596633262,-0.22751778637015682,-0.22072712768944985,-0.2877394128451741,-0.10576734160986878,-0.09935771717577441,10
0.13329596281007097,0.17249867596633262,-0.10797793811001244,-0.29107943721802243,-0.053466079270851334,-0.23804941228634027,-0.18556296051753526,8
0.17493039312919667,-0.07941621442992365,-0.22751778637015682,-0.29107943721802243,-0.13906595115377682,-0.3201555251200122,-0.4226273797073774,9
0.17493039312919667,-0.3313311048261805,-0.4665974828904456,-0.582684662220512,-0.5490442849088419,-0.5938425678989183,-0.4765056567959779,8
0.17493039312919667,0.12211569788708126,-0.3470576346303012,-0.22786431851118924,-0.006160886914497645,-0.6257727228897908,-0.13527656856817477,8
0.2165648234483224,0.27326463212483537,0.011561910150131954,-0.13508083782857896,-0.14582383577611305,-0.11032879232285056,0.14489047229254778,10
0.2165648234483224,0.17249867596633262,0.25064160667042007,-0.3869217139670925,-0.40712870783978083,-0.42050744080561103,-0.15682787940361498,9
0.2165648234483224,0.12211569788708126,-0.10797793811001244,-0.0259837781248504,0.1808072543034717,-0.29278682084212154,-0.06343886578337406,12
0.2165648234483224,0.07173271980782989,0.1311017584102757,-0.09633608765342298,0.06141795930886477,-0.18787345444354073,-0.12450091315045465,8
0.2165648234483224,0.17249867596633262,0.25064160667042007,-0.12692404831801982,-0.09176075879742313,-0.04190703162812418,-0.20711427135297547,8
0.2581992537674481,-0.12979919250917502,-0.22751778637015682,-0.5510771028670953,-0.6188757593396496,-0.5117364550652466,-0.4944650824921779,9
0.2581992537674481,0.27326463212483537,0.011561910150131954,-0.12998284438447938,0.15828097222901757,-0.27910246870317623,-0.23584935246689576,8
0.2581992537674481,0.5251795225210922,0.1311017584102757,0.14632840028571162,0.11322840808010928,-0.20611925729546784,0.27060645216594903,11
0.29983368408657385,0.3740305882833381,0.25064160667042007,-0.012728995170191661,0.041144305441856044,0.058444884057474875,-0.02033624411249383,10
0.29983368408657385,0.3236476102040867,-0.22751778637015682,-0.2146095355565305,-0.0467081946485151,-0.2882253701291398,-0.27895197413777595,8
0.29983368408657385,0.17249867596633262,-0.10797793811001244,0.04130973533726262,-0.14807646398355848,0.36862353254023533,0.18440120882418817,10
0.34146811440569863,0.12211569788708126,0.3701814549305645,-0.17484518669255472,-0.22241319482925712,0.04932198263151132,-0.056255095504893986,9
0.34146811440569863,0.3236476102040867,0.25064160667042007,0.06985849862421965,0.34074385703209586,-0.2882253701291398,0.22391194535582856,9
0.34146811440569863,0.3236476102040867,-0.3470576346303012,-0.05453254141180721,0.0005969977078385963,0.017391827640638895,-0.1711954199605751,9
0.34146811440569863,0.222881654045584,0.25064160667042007,0.004604182539746428,0.29343866467574214,-0.06471428519303306,-0.14246033884665482,10
0.38310254472482436,0.4244135663625895,-0.10797793811001244,-0.09837528503106278,-0.11203441266443184,0.04019908120554777,-0.20711427135297547,8
0.38310254472482436,0.4244135663625895,0.011561910150131954,-0.06880692305528573,-0.09401338700486854,-0.29734827155510335,0.044317688393826805,9
0.38310254472482436,0.27326463212483537,0.7288009997109977,0.039270537959622834,0.18305988251091712,-0.13313604588775943,0.08023653978622716,9
0.38310254472482436,0.222881654045584,0.1311017584102757,0.008682577295026006,-0.024181912574060955,-0.33383987725895753,0.306525303558349,10
0.38310254472482436,0.3740305882833381,0.3701814549305645,0.07801528813477882,0.0501548182716377,-0.09208298947092346,0.29574964814062926,9
0.38310254472482436,0.3740305882833381,0.1311017584102757,-0.17994318013665409,-0.24043422048882043,-0.07839863733197838,-0.4046679540111772,12
0.42473697504395,0.47479654444184083,0.6092611514508532,0.07801528813477882,0.07718635676098266,-0.0008539752112882052,0.20954440479886843,8
0.42473697504395,0.17249867596633262,-0.10797793811001244,-0.06574812698882616,0.02087065157484732,0.14055099689114683,0.0012150667229463817,10
0.42473697504395,0.6259454786795944,0.3701814549305645,0.585775435167086,0.6741328317340168,0.5237128567816154,0.7267758648494331,10
0.42473697504395,0.4244135663625895,-0.3470576346303012,-0.09939488371988256,-0.14357120756866765,0.06756778548343842,-0.0275200143909739,9
0.42473697504395,0.6259454786795944,1.0874205444914302,0.3186405786962736,0.06817584393120102,0.3366933775493629,0.8345324190266338,10
0.42473697504395,0.5755625006003435,1.326500241011719,0.3420913485391313,0.25964924156406094,0.6058189696152874,1.660666001051841,8
0.42473697504395,0.3740305882833381,0.7288009997109977,-0.05555214010062722,-0.053466079270851334,-0.31103262369404866,0.08023653978622716,9
0.42473697504395,0.4244135663625895,-0.10797793811001244,-0.04433655452360827,0.009607510537620252,-0.04190703162812418,0.10897162090014745,10
0.42473697504395,0.27326463212483537,0.25064160667042007,0.4114240593788839,0.45562789561181194,0.3412548282623447,0.8704512704190341,8
0.42473697504395,0.3740305882833381,0.4897213031907089,0.020917761560864737,0.18531251071836252,0.15879679974307392,0.0012150667229463817,9
0.42473697504395,0.3236476102040867,0.4897213031907089,0.2707194403217387,0.5569961649468553,-0.13313604588775943,0.2598307967482289,13
0.46637140536307575,0.27326463212483537,0.25064160667042007,0.010721774672665793,0.30920706212786003,-0.2654181165642309,-0.06343886578337406,8
0.46637140536307575,0.5251795225210922,0.3701814549305645,0.4175416515118035,0.4939225751383837,0.38230788467918064,0.40350620231782997,10
0.46637140536307575,0.222881654045584,-0.22751778637015682,-0.06268933092236637,0.02537590798973815,-0.06927573590601484,-0.07421452120109416,10
0.46637140536307575,0.3740305882833381,-0.3470576346303012,-0.24315829884348752,-0.2539499897334929,-0.36577003224982974,-0.0275200143909739,9
0.5080058356822015,0.3740305882833381,0.011561910150131954,0.17181836750620907,0.3204702031650871,0.3640620818272536,0.10178785062166737,10
0.5496402660013272,0.8274773909965999,0.6092611514508532,0.7713423965323064,0.8993956524785582,0.49634415250372477,0.5040789862165509,10
0.5496402660013272,0.4244135663625895,0.1311017584102757,0.3940908816689458,0.30920706212786003,0.7973998995605219,0.18799309396342823,10
0.5496402660013272,0.5251795225210922,0.1311017584102757,0.1483675976633514,0.2686597543938426,-0.019099778063215306,0.15207424257102786,11
0.5912746963204529,0.27326463212483537,0.25064160667042007,0.14530880159689183,0.26190186977150637,-0.09664444018390524,0.18799309396342823,8
0.5912746963204529,0.4244135663625895,0.011561910150131954,0.018878564183224946,0.16729148505879923,0.12230519403921973,-0.15682787940361498,10
0.5912746963204529,0.4244135663625895,0.1311017584102757,0.2656214468776391,0.466891036649039,0.23634146186376384,0.10537973576090741,10
0.5912746963204529,0.5251795225210922,0.25064160667042007,0.009702175983846012,0.07943898496842808,0.1086208419002744,-0.0275200143909739,8
0.6329091266395787,0.5251795225210922,0.3701814549305645,0.29518980885341617,0.30470180571296923,0.21809565901183675,0.4394250537102303,8
0.6329091266395787,0.6763284567588458,0.25064160667042007,0.6143241984540425,0.971479755116811,0.14055099689114683,0.47534390510263064,9
0.6329091266395787,0.7267114348380971,0.6092611514508532,0.17895555832794824,0.24388084411194305,0.1451124476041286,0.24187137105202874,9
0.6329091266395787,0.7267114348380971,0.7288009997109977,0.180994755705588,0.09295475421310057,0.38230788467918064,0.3675873509254296,8
0.6329091266395787,0.7267114348380971,0.9678806962312858,0.4807567702186367,0.40607007504801285,0.5921346174763421,0.619019310672232,10
0.6329091266395787,0.6259454786795944,0.6092611514508532,0.46954118464161776,0.6516065496595627,0.5510815610595061,0.2598307967482289,9
0.6329091266395787,0.6259454786795944,0.4897213031907089,0.744832830622989,0.9151640499306759,1.1303858016081911,0.17721743854570812,10
0.6745435569587044,0.47479654444184083,0.1311017584102757,0.3033465983639753,0.48941731872349314,-0.028222679489178858,0.2598307967482289,9
0.6745435569587044,0.6763284567588458,0.1311017584102757,0.11268164355465522,0.10872315166521847,0.0903750390483473,0.22391194535582856,8
0.6745435569587044,0.6259454786795944,0.1311017584102757,-0.05351294272298743,0.08844949779820974,0.4187994903830349,-0.13527656856817477,9
0.6745435569587044,0.7267114348380971,0.011561910150131954,0.33087576296211235,0.5141962290053924,0.491782701790743,0.008398837001426452,8
0.6745435569587044,0.6259454786795944,0.3701814549305645,0.29620940754223596,0.15152308760668132,0.395992236818126,0.6872651283177927,9
0.6745435569587044,0.978626325234354,0.9678806962312858,1.2342402012565377,1.6630366148025528,0.7609082938566678,1.3804989601911188,11
0.71617798727783,0.6763284567588458,0.3701814549305645,0.31456218394099406,0.4376068699522486,0.4324838425219802,0.19517686424190828,10
0.71617798727783,0.5755625006003435,0.4897213031907089,0.497070349239755,0.5592487931543008,0.6468720260321233,0.29574964814062926,10
0.71617798727783,0.7770944129173485,0.25064160667042007,0.839655508683239,1.095374306526309,1.011788083070665,0.5004871010773109,12
0.71617798727783,0.6259454786795944,0.4897213031907089,0.3940908816689458,0.4038174468405674,0.491782701790743,0.3999143171785899,9
0.71617798727783,0.6763284567588458,0.4897213031907089,0.5847558364782657,0.10872315166521847,0.38686933539216245,1.0069429057101555,10
0.71617798727783,0.5755625006003435,-0.3470576346303012,0.19119074259378696,0.34524911344698667,0.08581358833536552,0.15207424257102786,9
0.71617798727783,0.6259454786795944,0.7288009997109977,0.5908734286111853,0.7349537933350427,0.5465201103465244,0.511262756495031,9
0.71617798727783,0.7770944129173485,0.9678806962312858,0.919184206411191,0.964721870494475,0.9570506745148836,0.8345324190266338,7
0.7578124175969557,0.6259454786795944,0.4897213031907089,0.38491449346956685,0.5119436007979471,0.5373972089205608,0.29574964814062926,10
0.7578124175969557,0.6763284567588458,0.8483408479711414,0.8060087519521826,1.0998795629411997,0.7335395895787771,0.5184465267735111,9
0.7994468479160814,0.7770944129173485,0.9678806962312858,0.6632649355173974,0.604301357303209,0.6879250824489593,0.5471816078874313,12
0.7994468479160814,1.0793922813928567,0.3701814549305645,1.0129872857826208,1.3927212299091032,0.7289781388657953,0.6908570134570328,12
0.7994468479160814,1.0793922813928567,0.8483408479711414,0.7998911598192635,0.7912694985211783,0.5510815610595061,1.1218832301658366,13
0.7994468479160814,1.3313071717891136,0.6092611514508532,0.6326769748528008,0.631332895792554,0.573888814624415,0.8488999595835939,11
0.7994468479160814,0.8274773909965999,0.4897213031907089,0.4838155662850965,0.39030167759589496,0.5966960681893239,0.47534390510263064,11
0.7994468479160814,0.7267114348380971,0.9678806962312858,0.8009107585080832,1.0030165500210468,0.8110842516994673,0.5328140673304712,12
0.7994468479160814,0.6259454786795944,0.011561910150131954,0.05660371566956115,0.0005969977078385963,-0.18787345444354073,0.40350620231782997,9
0.7994468479160814,0.4244135663625895,-0.10797793811001244,0.19424953866024675,-0.006160886914497645,0.4187994903830349,0.41428185773555004,10
0.7994468479160814,0.7267114348380971,0.25064160667042007,0.8916550418130538,1.21251097331347,0.7016094345879047,0.5040789862165509,12
0.7994468479160814,0.7267114348380971,0.8483408479711414,0.4318160331552818,0.4713962930639298,0.38230788467918064,0.4394250537102303,9
0.8410812782352072,0.8274773909965999,0.6092611514508532,0.5867950338559057,0.5862803316436457,0.7381010402917588,0.6728975877608326,11
0.8410812782352072,0.6763284567588458,0.4897213031907089,0.5215407177714325,0.6358381522074446,0.5009056032167065,0.5148546416342711,10
0.8410812782352072,0.9282433471551026,0.7288009997109977,0.5500894810583895,0.47364892127137526,0.3595006311142718,0.8273486487481537,9
0.8410812782352072,0.6259454786795944,0.3701814549305645,0.7478916266894488,1.2778371913293873,0.2272185604378003,0.5435897227481913,12
0.8410812782352072,0.7770944129173485,0.8483408479711414,1.0874179900664733,1.4287632812282298,0.7381010402917588,0.9458808583430749,10
0.8410812782352072,0.7770944129173485,0.25064160667042007,0.43895322397702113,0.3542596262767683,0.9661735759408472,0.28138210758366916,9
0.8827157085543329,0.978626325234354,0.7288009997109977,0.5358150994149108,0.4601331520267028,0.7791540967085948,0.4394250537102303,9
0.8827157085543329,0.9282433471551026,0.9678806962312858,0.7499308240670883,0.696659113808471,0.4735368989388162,1.154210196418997,8
0.8827157085543329,0.8274773909965999,0.7288009997109977,0.7050684817590135,0.7484695625797152,0.8430144066903397,0.7195920945709531,11
0.8827157085543329,0.7770944129173485,0.6092611514508532,0.8243615283509409,1.3386581529304131,0.4644139975128526,0.46456824968491056,10
0.8827157085543329,0.8778603690758512,0.8483408479711414,0.8987922326347931,1.1066374475635359,0.8247686038384127,0.6405706215076723,11
0.9243501388734586,0.9282433471551026,0.6092611514508532,1.3463960570267264,1.6022156532015264,1.4953018586467326,0.8812269258367542,13
0.9243501388734586,0.9282433471551026,0.7288009997109977,1.235259799945358,1.1336689860528808,1.171438858025027,1.2871099465708777,12
0.9243501388734586,0.8274773909965999,0.8483408479711414,0.8457731008161586,0.9962586653987108,1.2079304637288812,0.47534390510263064,10
0.9243501388734586,0.8274773909965999,0.7288009997109977,0.8824786536136748,0.807037895973296,0.7837155474215767,1.0141266759886356,9
0.9659845691925844,0.978626325234354,0.6092611514508532,0.8049891532633628,0.7304485369201519,0.8110842516994673,0.8704512704190341,10
0.9659845691925844,1.0793922813928567,0.9678806962312858,0.852910291637898,0.8475852037073135,1.0209109844966284,0.9315133177861147,10
0.9659845691925844,1.1801582375513595,1.0874205444914302,1.7909410853521999,1.8184679611162862,2.1886423670199617,1.4702960886721197,11
1.00761899951171,0.978626325234354,0.25064160667042007,0.6765197184720564,0.7191853958829251,0.7381010402917588,0.6908570134570328,10
1.00761899951171,0.9282433471551026,0.8483408479711414,0.9324389893658495,0.9241745627604575,0.9798579280797924,1.057229297659516,12
1.00761899951171,0.9282433471551026,1.2069603927515746,1.4901594721503313,1.7193523199886878,1.7416201971477485,1.0464536422417958,14
1.00761899951171,1.0290093033136054,1.2069603927515746,1.316827695050949,1.1066374475635359,1.4998633093597142,1.7325037038366418,9
1.00761899951171,1.0290093033136054,1.326500241011719,0.8100871467074622,1.0323007167178373,0.3731849832532171,0.9746159394569952,10
1.00761899951171,1.0290093033136054,0.4897213031907089,1.0221636739820001,1.3837107170793215,1.171438858025027,0.5615491484443915,9
1.00761899951171,1.0290093033136054,0.4897213031907089,0.841694706060879,1.0007639218136015,0.8703831109682304,0.5471816078874313,9
1.00761899951171,0.9282433471551026,0.8483408479711414,1.0374576543142984,0.8768693704041041,1.1623159565990635,1.2655586357354376,10
1.00761899951171,1.0290093033136054,1.2069603927515746,1.089457187444113,0.9624692422870293,1.6549526336010947,0.8704512704190341,10
1.00761899951171,0.7770944129173485,0.25064160667042007,0.8009107585080832,0.9467008448349117,0.8475758574033215,0.6549381620646324,9
1.00761899951171,0.7267114348380971,1.2069603927515746,1.1057707664652312,1.5008473838664829,1.0026651816447014,0.7986135676342334,12
1.0492534298308358,0.8778603690758512,0.3701814549305645,1.0364380556254784,1.151690011712444,1.2672293229976443,0.6908570134570328,9
1.0492534298308358,0.978626325234354,1.2069603927515746,0.9079686208341721,1.0390586013401735,0.4507296453739073,1.0931481490519164,11
1.0492534298308358,1.1801582375513595,1.0874205444914302,1.3443568596490862,1.3769528324569855,1.4268800979520064,0.9997591354316754,11
1.0492534298308358,1.0290093033136054,0.4897213031907089,1.1312607336857285,1.2575635374623784,1.0026651816447014,0.9171457772291546,9
1.0908878601499614,1.4320731279476162,0.9678806962312858,0.9079686208341721,1.02103757568061,0.9159976180980481,0.9063701218114345,10
1.0908878601499614,1.0290093033136054,0.25064160667042007,0.4369140265993811,0.5412277674947374,0.38686933539216245,0.47534390510263064,9
1.0908878601499614,0.978626325234354,1.2069603927515746,1.059888825468336,1.0548269987922916,0.856698758829285,1.3373963385202383,12
1.0908878601499614,0.978626325234354,1.326500241011719,1.2474949842111962,1.480573729999474,1.8237263099814203,0.8920025812544743,11
1.1325222904690873,0.9282433471551026,0.6092611514508532,1.0007521015167822,1.385963345286767,0.8065228009864855,0.7339596351279132,9
1.1325222904690873,1.280924193709862,0.8483408479711414,1.4045131822894603,1.584194627541963,1.2033690130158994,1.2655586357354376,12
1.1325222904690873,1.2305412156306108,1.326500241011719,1.471806695751573,1.3116266144410682,1.3584583372572798,1.840260258013843,10
1.1325222904690873,1.0290093033136054,0.6092611514508532,1.6492168676062344,1.8432468713981853,1.586530872906368,1.1039238044696364,14
1.1741567207882129,1.1801582375513595,0.8483408479711414,1.252592977655296,1.370194947834649,1.8602179156852745,0.8201648784696737,11
1.1741567207882129,0.978626325234354,0.4897213031907089,0.9385565814987686,1.149437383504999,0.6605563781710687,0.9171457772291546,11
1.1741567207882129,0.978626325234354,0.4897213031907089,0.9436545749428684,1.2237741143506973,1.0209109844966284,0.5831004592798317,11
1.1741567207882129,1.129775259472108,0.8483408479711414,1.108829562531691,1.1111427039784267,1.271790773710626,1.1218832301658366,12
1.1741567207882129,0.9282433471551026,0.8483408479711414,0.9558897592087072,1.1179005886007631,1.2170533651548447,0.5471816078874313,9
1.2157911511073387,0.978626325234354,0.4897213031907089,0.8763610614807552,1.1989952040687974,1.189684660876954,0.49689521593807084,12
1.2157911511073387,1.129775259472108,0.6092611514508532,1.144515516640387,1.584194627541963,0.9661735759408472,0.4394250537102303,11
1.2157911511073387,1.129775259472108,1.2069603927515746,1.0017717002056024,0.7394590497499336,1.1760003087380089,1.3553557642164384,13
1.2157911511073387,1.4320731279476162,0.3701814549305645,1.5034142551049898,2.2464673205309142,1.4451259008039334,0.8273486487481537,10
1.2157911511073387,1.3313071717891136,1.326500241011719,1.6114917161198985,1.7148470635737971,1.3675812386832433,1.6247471496594412,11
1.2574255814264643,1.1801582375513595,0.4897213031907089,0.9273409959217501,0.9579639858721385,0.8658216602552485,0.8309405338873938,13
1.2574255814264643,1.0290093033136054,1.326500241011719,1.1282019376192687,1.1043848193560906,1.2489835201457171,1.1326588855835567,10
1.29906001174559,1.129775259472108,1.326500241011719,1.2740045501205137,1.048069114169955,1.9195167749540376,1.2475992100392375,10
1.29906001174559,1.0290093033136054,1.4460400892718634,1.5880409462770406,1.5977103967866355,1.4451259008039334,1.664257886191081,11
1.3406944420647158,1.129775259472108,0.25064160667042007,1.1108687599093308,1.6179840506536445,1.0254724352096103,0.5831004592798317,11
1.3406944420647158,1.5832220621853692,0.8483408479711414,1.6502364662950542,1.8837941791322028,1.773550352138621,1.4307853521404792,11
1.3823288723838405,1.4320731279476162,1.4460400892718634,1.509531847237909,1.4760684735845837,1.7051285914438943,1.5888282982670408,12
1.465597733022092,1.5832220621853692,0.8483408479711414,2.0958010933093476,2.1856463589298882,1.9423240285189465,2.163529920545446,10
1.465597733022092,1.280924193709862,0.8483408479711414,1.9255281122764254,1.446784306887793,2.7314550018647927,1.9623843527480043,15
1.5072321633412178,1.381690149868365,0.7288009997109977,1.5319630183919468,1.2800898195368324,2.5170668183546496,0.18799309396342823,11
1.5488665936603434,1.683988018343872,1.8046596340522958,2.406778693399415,2.8389085390890574,2.434960705520978,1.8905466499632035,11
1.5488665936603434,1.6336050402646205,1.326500241011719,2.348661568136681,2.8524243083337306,2.845491269689337,1.7325037038366418,12
1.5488665936603434,1.3313071717891136,1.565579937532007,1.5329826170807666,1.9941729612970283,0.9707350266538289,1.409234041305039,10
1.5488665936603434,1.532839084106119,1.9241994823124402,2.4190138776652543,2.5325511028764813,2.4942595647897408,2.3503079477859274,11
1.6321354542985949,1.6336050402646205,1.4460400892718634,2.0366643693577937,2.5212879618392545,1.691444239304949,1.7684225552290422,10
1.6321354542985949,1.4320731279476162,1.565579937532007,2.6433255892056304,3.5417285398120257,2.38934619839116,1.9552005824695242,13
1.6321354542985949,1.1801582375513595,0.9678806962312858,1.2566713724105756,1.2237741143506973,1.2854751258495714,1.409234041305039,7
1.6737698846177205,1.5832220621853692,1.6851197857921514,2.679011543314327,3.021371423892136,2.7953153118465375,1.8977304202416836,14
1.7154043149368463,1.532839084106119,1.2069603927515746,2.2711720677863694,1.980657192052356,3.0918096081903523,2.3467160626466876,11
1.757038745255972,1.8351369525816261,1.8046596340522958,1.8725089804577912,1.658531358387662,2.0289915920656,2.2856540152796074,11
1.7986731755750978,1.5832220621853692,1.565579937532007,2.6310904049397923,2.7307823851316777,3.0826867067643886,1.7468712443936019,12
1.8819420362133492,1.5832220621853692,1.8046596340522958,2.2619956795869904,1.8657731534726396,2.7542622554297016,2.414961880292248,11
1.8819420362133492,1.8855199306608774,1.565579937532007,2.83806893877023,3.2601500138813493,2.1932038177329436,2.810069245608652,12
2.048479757489852,2.137434821057134,1.326500241011719,3.439632165173967,3.406570847365301,4.204803582157904,2.8962744889504126,12
2.0901141878089775,2.238200777215637,2.641438571873306,3.977980272870871,4.456295592034863,5.285867401134586,2.436513191127688,12
-2.07332884410359,-2.3466502279962334,-1.1838365724513114,-1.2178946453553054,-1.1865380676158932,-1.1275323013177856,-1.2092502252009445,5
-1.2406402377210768,-1.641288534886715,-0.9447568759310225,-0.8865250714888402,-0.8711701185735357,-0.8173536528350253,-0.9075318735047816,6
-1.2406402377210768,-1.389373644490458,-0.10797793811001244,-0.4725680038279636,-0.3936129385951083,-0.45243759579648346,-0.512424508188378,7
-1.1157369467636995,-1.2886076883319553,-0.3470576346303012,-0.5398615172900767,-0.2516973615260475,-0.7763005964181893,-0.6884268800111398,7
-0.7410270738915685,-1.0870757760149505,-0.4665974828904456,-0.4735876025167834,-0.45218127198868907,-0.37945438438877505,-0.5339758190238183,8
-0.6577582132533172,-0.885543863697945,-0.4665974828904456,-0.8457411239360446,-0.7224966568821385,-0.8264765542609888,-0.8752049072516214,7
-0.5744893526150657,-0.7343949294601909,-0.8252170276708785,-0.8294275449149263,-0.5873389644354138,-0.8584067092518612,-0.9973290019857824,6
-0.5744893526150657,-0.8351608856186936,-0.10797793811001244,-0.017826988614291245,0.18531251071836252,-0.08296008804495991,-0.1999305010744954,8
-0.5744893526150657,-0.6336289733016887,-0.705677179410734,-0.8049571763832488,-0.686454605563012,-0.8675296106778246,-0.8428779409984611,8
-0.4912204919768143,-0.8351608856186936,0.011561910150131954,-0.13712003520621877,0.011860138745065666,-0.2471723137123038,-0.21429804163145555,10
-0.4912204919768143,-0.4824800390639346,-0.5861373311505896,-0.5082539579366598,-0.28999204105261955,-0.3748929336757933,-0.8536535964161812,7
-0.3246827707003119,-0.4320970609846832,-0.8252170276708785,-0.6285666032174073,-0.7405176825417018,-0.5254208072041918,-0.40825983915041725,8
-0.3246827707003119,-0.38171408290543185,0.3701814549305645,0.2839742232763972,0.2686597543938426,0.5921346174763421,-0.016744358973253794,9
-0.3246827707003119,-0.6336289733016887,0.4897213031907089,0.08209368289005839,-0.22917107945159337,0.04019908120554777,0.5759166890013516,9
-0.2830483403811862,-0.532863017143186,0.4897213031907089,0.10350525535527606,-0.04896082285596051,0.31388612398445404,0.31370907383682906,8
-0.19977947974293475,-0.38171408290543185,0.25064160667042007,0.47463917808571754,0.6065539855106544,0.38686933539216245,0.41068997259631,9
-0.0748761887855576,-0.5832459952224374,0.3701814549305645,0.19119074259378696,0.26640712618639717,0.15879679974307392,0.24546325619126877,9
-0.0748761887855576,-0.12979919250917502,-0.10797793811001244,0.3635029210043487,0.5074383443830562,0.6286262231801962,0.0946040803431873,8
0.008392671852693824,-0.4320970609846832,0.7288009997109977,0.2686802429440989,0.3542596262767683,0.38230788467918064,0.267014567026709,10
0.008392671852693824,-0.2809481267469291,-0.3470576346303012,-0.3644905428130548,-0.2539499897334929,-0.2334879615733585,-0.5734865555554587,7
0.05002710217181954,0.021349741728578526,0.011561910150131954,-0.1513944168496973,-0.04445556644106968,-0.08296008804495991,-0.20352238621373542,8
0.09166153249094526,0.17249867596633262,-0.10797793811001244,-0.11774766011864066,0.07718635676098266,0.008268926214675345,-0.42621926484661743,8
0.09166153249094526,-0.23056514866767774,0.9678806962312858,0.5195015203937925,0.6133118701329907,0.4461681946609255,0.4681601348241506,8
0.17493039312919667,0.12211569788708126,0.6092611514508532,0.1320540186422331,0.28893340826085134,0.35493918040129,-0.0778064063403342,8
0.17493039312919667,0.07173271980782989,1.4460400892718634,1.0792612005559143,0.9354377037976843,1.253544970858699,1.1793533923936772,10
0.17493039312919667,-0.23056514866767774,0.25064160667042007,0.5908734286111853,0.8250589216328593,0.5830117160503785,0.3280766143937892,9
0.2165648234483224,-0.2809481267469291,0.6092611514508532,0.7672640017770269,0.827311549840305,1.0345953366355738,0.6872651283177927,10
0.2165648234483224,0.12211569788708126,0.4897213031907089,1.0435752464472179,1.2305319989730332,1.189684660876954,0.755510945963353,10
0.38310254472482436,0.47479654444184083,0.8483408479711414,0.39001248691366625,0.5457330239096283,0.3093246732714723,0.3675873509254296,9
0.42473697504395,0.3236476102040867,1.0874205444914302,0.4002084738018649,0.6673749471116803,0.40055368753110776,0.06946088436850706,10
0.42473697504395,0.4244135663625895,-0.22751778637015682,-0.02904257419130997,0.1965756517555896,-0.08296008804495991,-0.18556296051753526,10
0.46637140536307575,0.222881654045584,0.7288009997109977,1.328043280627968,1.3251423836857408,1.3082823794144802,1.2691505208746776,10
0.5080058356822015,0.47479654444184083,0.1311017584102757,0.2533862626118004,0.15828097222901757,0.8019613502735037,0.13770670201406773,10
0.5080058356822015,0.4244135663625895,0.25064160667042007,0.12797562388695352,0.17179674147369006,0.2089727575858732,0.10178785062166737,8
0.6329091266395787,0.8778603690758512,0.8483408479711414,0.9620073513416263,1.171963665579453,0.9433663223759382,0.6441625066469123,11
0.6329091266395787,0.5755625006003435,0.6092611514508532,0.42671803971118244,0.6223223829627723,0.3640620818272536,0.08742031006470723,9
0.6745435569587044,0.6763284567588458,0.8483408479711414,0.8641258772149165,0.8926377678562217,1.1395087030341546,0.7483271756848733,9
0.6745435569587044,0.6763284567588458,0.25064160667042007,0.6551081460068383,0.971479755116811,0.46897544822583437,0.41787374287479007,10
0.71617798727783,0.6763284567588458,0.25064160667042007,0.5806774417229861,0.7214380240903703,0.7016094345879047,0.4430169388494703,11
0.7578124175969557,0.47479654444184083,0.1311017584102757,0.5847558364782657,0.6538591778670079,0.5237128567816154,0.5471816078874313,10
0.7994468479160814,0.6259454786795944,0.1311017584102757,0.525619112526712,0.6831433445637985,0.8293300545513944,0.12693104659634763,10
0.8410812782352072,0.8778603690758512,0.8483408479711414,0.8671846732813763,1.0007639218136015,0.9616121252278653,0.5723248038621116,9
0.8410812782352072,0.8274773909965999,1.0874205444914302,0.6938528961819945,0.7574800754094969,0.6651178288840505,0.755510945963353,11
0.9243501388734586,0.8778603690758512,1.326500241011719,0.6999704883149136,0.3857964211810041,1.1942461115899359,0.7806541419380333,11
0.9243501388734586,0.6763284567588458,0.25064160667042007,0.7254604555354113,0.7822589856913967,1.1531930551731,0.37477112120390965,10
0.9659845691925844,0.6763284567588458,0.011561910150131954,0.497070349239755,0.5862803316436457,0.4461681946609255,0.511262756495031,8
1.00761899951171,0.9282433471551026,0.4897213031907089,1.127182338930449,1.4084896273612213,1.3265281822664075,0.5471816078874313,9
1.0492534298308358,1.1801582375513595,1.2069603927515746,1.59823693316524,1.8815415509247577,1.7142514928698578,1.1326588855835567,11
1.0492534298308358,0.7770944129173485,0.4897213031907089,1.8572150001254928,0.9557113576646933,0.8931903645331393,0.4933033307988308,10
1.0908878601499614,1.129775259472108,1.4460400892718634,1.465689103618654,1.5932051403717447,1.2170533651548447,1.6319309199379213,9
1.0908878601499614,1.381690149868365,1.2069603927515746,1.21486782616896,1.2305319989730332,1.3903884922481522,0.9997591354316754,10
1.1741567207882129,1.0793922813928567,1.0874205444914302,1.0435752464472179,0.9016482806860033,1.0254724352096103,1.4271934670012392,11
1.2574255814264643,1.2305412156306108,0.8483408479711414,1.259730168477035,1.4332685376431205,1.3630197879702617,1.0787806084949563,10
1.3406944420647158,1.280924193709862,0.8483408479711414,1.5411394065913258,1.6134787942387536,1.7963576057035298,1.3122531425455581,9
1.4239633027029663,1.4320731279476162,1.0874205444914302,1.7338435587782857,2.007688730541701,2.015307239926655,1.1326588855835567,10
1.4239633027029663,1.2305412156306108,1.2069603927515746,1.8296858355273555,1.8162153329088404,2.330047339122397,1.5529094468746405,11
1.5072321633412178,1.381690149868365,0.9678806962312858,1.4493755245975355,1.1179005886007631,1.7051285914438943,1.6211552645202012,13
1.6321354542985949,1.4320731279476162,1.326500241011719,2.5372873255683617,3.2083395651101045,2.243379775575743,1.886954764823963,9
1.6321354542985949,1.532839084106119,0.9678806962312858,1.5452178013466054,1.4940894992441465,1.773550352138621,1.4631123183936396,11
1.7154043149368463,1.683988018343872,1.6851197857921514,2.5291305360578025,2.5640878977807176,2.083729000621381,2.9034582592288927,11
-2.8227485898478526,-2.7497140526302437,-2.379235055052754,-1.634910509082642,-1.5717374910890587,-1.5973617247549081,-1.6510520973274683,5
-2.36476985633747,-2.296267249916982,-2.0206155102723216,-1.576793383819908,-1.513169157695478,-1.5289399640601813,-1.5863981648211478,4
-1.7818878318697104,-1.9435864033622228,-1.5424561172317441,-1.4299711726298436,-1.364495696004081,-1.3966578933837102,-1.4570902998085065,7
-1.5320812499549563,-1.490139600648961,-1.3033764207114553,-1.3055801325938163,-1.2518642856318103,-1.341920484827929,-1.284679813124985,6
-1.4488123893167053,-1.4397566225697094,-1.4229162689715997,-1.282129362750959,-1.2135696061052381,-1.2643758227072386,-1.284679813124985,7
-1.323909098359328,-1.389373644490458,-1.3033764207114553,-1.2882469548838782,-1.2518642856318103,-1.3510433862538924,-1.2487609617325848,6
-1.323909098359328,-1.3389906664112068,-1.3033764207114553,-1.2352278230652438,-1.1775275547861117,-1.3054288791240747,-1.1769232589477843,7
-1.323909098359328,-1.389373644490458,-1.5424561172317441,-1.2382866191317035,-1.191043324030784,-1.2415685691423302,-1.2128421103401843,6
-1.1157369467636995,-0.9863098198564477,-0.8252170276708785,-1.1465227371379132,-1.08516979828085,-1.1685853577346217,-1.1338206372769037,8
-0.9908336558063224,-1.0870757760149505,-1.1838365724513114,-1.1414247436938136,-1.1550012727116576,-1.0363032870581501,-0.9254912992009817,6
-0.9491992254871972,-0.9359268417771963,-1.064296724191167,-1.1179739738509562,-1.1054434521478587,-1.3327975834019654,-0.9254912992009817,7
-0.9491992254871972,-0.7343949294601909,-0.8252170276708785,-1.0160141049689666,-0.9860541571532516,-1.0636719913360408,-0.9614101505933821,7
-0.9075647951680714,-0.9863098198564477,-1.1838365724513114,-1.1159347764733163,-1.058138259791505,-1.0864792449009497,-1.1050855561629835,6
-0.9075647951680714,-0.9863098198564477,-0.9447568759310225,-1.1179739738509562,-1.1054434521478587,-1.1320937520307675,-1.0152884276819827,6
-0.9075647951680714,-0.9863098198564477,-1.064296724191167,-1.0557784538329427,-1.1122013367701948,-1.0773563434749862,-0.8895724478085815,8
-0.8659303648489457,-0.8351608856186936,-0.9447568759310225,-0.9395442033074748,-0.8644122339511995,-1.0773563434749862,-0.9003481032263014,11
-0.7826615042106942,-0.6840119513809395,-0.9447568759310225,-0.9956221311925688,-0.9905594135681425,-1.040864737771132,-0.8536535964161812,8
-0.7410270738915685,-0.7343949294601909,-0.9447568759310225,-1.0282492892348054,-1.0108330674351513,-0.9313899206595695,-1.0116965425427427,7
-0.7410270738915685,-0.7847779075394422,-0.705677179410734,-0.9150738347757973,-0.9364963365894526,-0.7854234978441528,-0.9254912992009817,7
-0.7410270738915685,-0.7847779075394422,-0.8252170276708785,-1.0068377167695877,-0.916222682722444,-1.141216653456731,-0.9614101505933821,8
-0.7410270738915685,-0.6336289733016887,-0.4665974828904456,-1.0343668813677247,-1.0333593495096054,-1.1366552027437493,-0.8644292518339013,7
-0.6577582132533172,-0.7847779075394422,-0.705677179410734,-0.9599361770838726,-0.9319910801745619,-1.0363032870581501,-0.8644292518339013,8
-0.4912204919768143,-0.38171408290543185,-0.705677179410734,-0.7825260052292111,-0.8824332596107628,-0.7717391457052074,-0.5232001636060982,7
-0.44958606165768905,-0.3313311048261805,-0.4665974828904456,-0.6968797153683401,-0.736012426126811,-0.7443704414273168,-0.7458970422389801,8
-0.4079516313385633,-0.6840119513809395,-0.8252170276708785,-0.765192827519273,-0.7044756312225752,-0.9177055685206241,-0.6632836840364595,9
-0.3246827707003119,-0.23056514866767774,-0.22751778637015682,-0.5317047277795175,-0.49047595151526113,-0.02366122877619708,-0.609405406947859,7
-0.3246827707003119,-0.4824800390639346,-0.4665974828904456,-0.6387625901056063,-0.5084969771748244,-0.7124402864364445,-0.6596917988972195,8
-0.3246827707003119,-0.38171408290543185,-0.5861373311505896,-0.7580556366975336,-0.7698018492384922,-0.7671776949922257,-0.6381404880617793,9
-0.24141391006206045,-0.2809481267469291,-0.10797793811001244,-0.650997774371445,-0.6887072337704574,-0.5847196664729548,-0.5303839338845783,8
-0.24141391006206045,-0.2809481267469291,0.1311017584102757,-0.6703701494590228,-0.6954651183927937,-0.29734827155510335,-0.6345486029225392,8
-0.24141391006206045,-0.3313311048261805,0.011561910150131954,-0.6826053337248617,-0.8035912723501734,-0.7580547935662622,-0.3436059066440966,8
-0.19977947974293475,-0.2809481267469291,-0.705677179410734,-0.5469987081118158,-0.3575708872759817,-0.680510131445572,-0.6381404880617793,9
-0.15814504942380903,-0.029033236350672283,-0.22751778637015682,-0.46848960907268405,-0.6076126183024225,-0.5755967650469914,-0.09935771717577441,11
-0.15814504942380903,-0.07941621442992365,0.1311017584102757,-0.2533542857316865,-0.11428704087187726,-0.3475242293979029,-0.22866558218841568,8
-0.11651061910468331,-0.07941621442992365,-0.4665974828904456,-0.26151107524224565,-0.05571870747829675,-0.639457075028736,-0.3148708255301763,10
-0.0748761887855576,0.07173271980782989,-0.10797793811001244,-0.23704070671056818,-0.33504460520152785,-0.2608566658512491,0.044317688393826805,10
-0.0748761887855576,0.12211569788708126,0.25064160667042007,-0.3186086018161597,-0.46794966944080696,-0.4296303422315746,-0.0275200143909739,10
-0.0748761887855576,-0.23056514866767774,-0.705677179410734,-0.5102931553142996,-0.47921281047803405,-0.18787345444354073,-0.7099781908465798,8
-0.03324175846643189,0.021349741728578526,-0.705677179410734,-0.6326449979726869,-0.6436546696215492,-0.8127922021220434,-0.3938922985934571,8
-0.03324175846643189,0.07173271980782989,0.011561910150131954,-0.38998051003355233,-0.23142370765903877,-0.4296303422315746,-0.508832623049138,9
-0.03324175846643189,-0.12979919250917502,-0.3470576346303012,-0.50621476055902,-0.517507490004606,-0.31559407440703047,-0.5303839338845783,9
-0.03324175846643189,-0.2809481267469291,-0.5861373311505896,-0.33492218083727804,-0.13906595115377682,-0.09664444018390524,-0.6920187651503799,7
-0.03324175846643189,-0.23056514866767774,-0.5861373311505896,-0.5051951618702002,-0.46794966944080696,-0.22436506014739493,-0.6884268800111398,10
0.008392671852693824,0.07173271980782989,-0.4665974828904456,-0.4746072012056034,-0.3553182590685363,-0.5527895114820826,-0.49805696763141794,9
0.008392671852693824,-0.029033236350672283,0.1311017584102757,-0.2696678647528048,-0.2471921051111567,-0.2471723137123038,-0.20711427135297547,8
0.008392671852693824,-0.07941621442992365,0.1311017584102757,-0.44707803660746614,-0.5017390925524882,-0.19699635586950429,-0.4585462310997777,9
0.05002710217181954,0.222881654045584,0.011561910150131954,-0.3094322136167805,-0.27647627180794704,-0.7671776949922257,-0.06343886578337406,8
0.05002710217181954,0.222881654045584,0.4897213031907089,-0.2125703381788907,-0.17285537426545802,-0.4843677507873559,0.008398837001426452,9
0.05002710217181954,-0.12979919250917502,-0.22751778637015682,-0.517430346136039,-0.506244348967379,-0.5984040186119002,-0.4010760688719372,9
0.05002710217181954,-0.029033236350672283,-0.4665974828904456,-0.401196095610571,-0.39586556680255375,-0.29734827155510335,-0.36874910261877686,9
0.09166153249094526,0.47479654444184083,0.011561910150131954,0.35228733542733026,0.7687432164467243,-0.03734558091514241,0.037133918115346734,9
0.13329596281007097,0.17249867596633262,0.4897213031907089,0.2380922822795021,0.036639049026965215,0.1816040533079828,0.40350620231782997,9
0.13329596281007097,-0.12979919250917502,-0.10797793811001244,-0.35327495723603614,-0.40037082321744455,-0.2334879615733585,-0.3364221363656165,9
0.13329596281007097,-0.1801821705884264,-0.3470576346303012,-0.4144508785652298,-0.4814654386854795,-0.20611925729546784,-0.3507896769225767,8
0.17493039312919667,0.17249867596633262,0.011561910150131954,-0.02904257419130997,-0.24493947690371126,0.45985254679987086,0.037133918115346734,10
0.17493039312919667,0.222881654045584,0.011561910150131954,-0.2890402398403827,-0.44091813095146204,-0.36577003224982974,0.08023653978622716,9
0.2165648234483224,0.27326463212483537,0.011561910150131954,-0.059630534855906796,-0.28999204105261955,0.0903750390483473,-0.005968703555533689,10
0.2165648234483224,0.4244135663625895,-0.22751778637015682,-0.050454146656527636,-0.09851864341975937,-0.36577003224982974,-0.06343886578337406,6
0.2581992537674481,0.27326463212483537,0.011561910150131954,-0.161590403737896,-0.08275024596764147,-0.14682039802670477,-0.17837919023905519,8
0.2581992537674481,0.021349741728578526,-0.3470576346303012,-0.46848960907268405,-0.5625600541535144,-0.31103262369404866,-0.3220545958086564,8
0.2581992537674481,-0.07941621442992365,-0.22751778637015682,-0.2472366935987671,-0.12329755370165892,-0.20155780658248607,-0.4226273797073774,7
0.2581992537674481,0.4244135663625895,0.8483408479711414,-0.18504117358075367,-0.2494447333186021,-0.046468482341105954,-0.13527656856817477,9
0.2581992537674481,0.47479654444184083,-0.10797793811001244,0.01683936680558516,0.10196526704288222,-0.08752153875794168,-0.0275200143909739,9
0.29983368408657385,0.3740305882833381,0.6092611514508532,0.006643379917386216,-0.06247659210063299,-0.014538327350233532,0.2885658778621492,9
0.34146811440569863,0.3740305882833381,-0.3470576346303012,0.003584583850926647,-0.20664479737713923,-0.019099778063215306,-0.06343886578337406,11
0.34146811440569863,0.07173271980782989,-0.3470576346303012,-0.3298241873931784,-0.2584552461483837,-0.23804941228634027,-0.38670852831497704,7
0.34146811440569863,0.47479654444184083,0.3701814549305645,0.2177003085031042,0.27767026722362426,0.02195327835362067,0.15207424257102786,11
0.34146811440569863,0.27326463212483537,0.1311017584102757,0.03213334713788368,0.17179674147369006,-0.20611925729546784,0.11615539117862751,9
0.34146811440569863,0.4244135663625895,0.4897213031907089,0.13511281470869288,0.2506387287342793,0.13142809546518328,0.05150145867230688,9
0.34146811440569863,0.5251795225210922,0.3701814549305645,0.08719167633415797,0.07268110034609183,0.31388612398445404,0.08023653978622716,10
0.38310254472482436,0.5251795225210922,0.3701814549305645,0.35024813804969024,0.4263437289150216,0.22265710972481853,0.18799309396342823,11
0.38310254472482436,0.47479654444184083,0.3701814549305645,0.006643379917386216,-0.003908258707052231,-0.060152834480051286,0.27419833730518905,11
0.38310254472482436,0.3236476102040867,0.8483408479711414,0.22993549276894296,0.09520738242054598,0.43704529323496194,0.3173009589760691,9
0.38310254472482436,0.07173271980782989,-0.22751778637015682,0.10452485404409606,0.3069544339204146,0.13598954617816505,-0.005968703555533689,13
0.38310254472482436,0.3236476102040867,-0.4665974828904456,-0.05249334403416742,0.10196526704288222,-0.25629521513826736,-0.03470378466945377,9
0.42473697504395,0.4244135663625895,-0.22751778637015682,-0.08919889683168361,-0.1863711435101305,0.11318229261325617,-0.0885820617580543,9
0.42473697504395,0.4244135663625895,0.3701814549305645,0.3013074009863355,0.6110592419255453,0.3093246732714723,-0.0275200143909739,9
0.42473697504395,0.27326463212483537,-0.10797793811001244,0.33291496033975215,0.32722808778742335,0.38230788467918064,0.0012150667229463817,10
0.42473697504395,0.47479654444184083,0.3701814549305645,0.3757381052701875,0.4916699469309386,0.25458726471569093,0.40350620231782997,11
0.42473697504395,0.3740305882833381,0.1311017584102757,0.09636806453353691,0.09070212600565515,-0.17418910230459542,0.22391194535582856,10
0.42473697504395,0.5755625006003435,0.8483408479711414,0.5511090797472092,0.5141962290053924,0.19528840544692813,0.7986135676342334,9
0.42473697504395,0.4244135663625895,-0.10797793811001244,0.08719167633415797,0.4083227032554583,-0.16962765159161364,-0.09935771717577441,10
0.42473697504395,0.4244135663625895,-0.10797793811001244,-0.008650600414912083,-0.09851864341975937,0.2819559689935816,0.0012150667229463817,11
0.42473697504395,0.222881654045584,0.3701814549305645,-0.06778732436646595,-0.04896082285596051,0.1086208419002744,-0.13527656856817477,9
0.42473697504395,0.6763284567588458,0.1311017584102757,0.05762331435838093,0.03213379261207439,-0.06927573590601484,0.2167281750773485,9
0.46637140536307575,0.4244135663625895,1.326500241011719,-0.004572205659632507,0.198828279963035,-0.06927573590601484,-0.09935771717577441,9
0.46637140536307575,0.9282433471551026,0.6092611514508532,0.19628873603788655,0.04790219006419229,0.04019908120554777,0.4430169388494703,10
0.46637140536307575,0.3236476102040867,0.25064160667042007,0.4440512174211205,0.7146801394680343,0.34581627897532646,0.29215776300138924,10
0.46637140536307575,0.3236476102040867,0.1311017584102757,-0.07798331125466489,-0.0309397971963972,-0.14682039802670477,0.022766377558386595,10
0.46637140536307575,0.3236476102040867,0.4897213031907089,0.0015453864732868584,-0.10302389983465018,0.1816040533079828,0.06946088436850706,9
0.5912746963204529,0.47479654444184083,0.25064160667042007,0.1167600383099348,0.3249754595799779,0.18616550402096457,-0.11372525773273455,10
0.6329091266395787,0.6259454786795944,-0.10797793811001244,0.2880526180316768,0.47815417768626606,0.13598954617816505,0.18080932368494815,11
0.6329091266395787,0.5251795225210922,0.7288009997109977,0.7173036660248522,0.4353542417448032,1.4268800979520064,0.6477543917861524,11
0.6329091266395787,0.6763284567588458,0.25064160667042007,0.32883656558447255,0.11998629270244553,0.35493918040129,0.5148546416342711,10
0.6329091266395787,0.5755625006003435,0.4897213031907089,0.6204417905869621,0.4804068058937115,0.9844193787927742,0.4250575131532702,11
0.6745435569587044,0.8274773909965999,0.6092611514508532,0.4940115531732952,0.5524909085319645,0.11774374332623795,0.8129811081911935,10
0.6745435569587044,0.47479654444184083,0.1311017584102757,0.06781930124657987,-0.11428704087187726,0.1633582504560557,0.4394250537102303,9
0.6745435569587044,0.6259454786795944,0.9678806962312858,0.5847558364782657,0.538975139287292,0.6924865331619411,0.5902842295583117,10
0.71617798727783,0.7267114348380971,0.011561910150131954,0.41244365806770367,0.3520069980693229,0.7381010402917588,0.22391194535582856,8
0.71617798727783,0.5251795225210922,0.1311017584102757,0.5908734286111853,0.5344698828724012,1.0391567873485554,0.4286493982925102,10
0.71617798727783,0.5251795225210922,0.3701814549305645,0.26154305212235957,0.297943921090633,0.15423534903009214,0.18799309396342823,8
0.71617798727783,0.6259454786795944,0.6092611514508532,0.7132252712695726,0.9309324473827936,0.8931903645331393,0.39632243203934986,11
0.7578124175969557,0.6259454786795944,0.1311017584102757,0.40734566462360433,0.37903853655866787,0.929681970236993,0.33166849953302924,11
0.7578124175969557,0.6259454786795944,0.25064160667042007,0.5276583099043516,0.6223223829627723,0.9342434209499747,0.21313628993810846,9
0.7578124175969557,0.8778603690758512,0.4897213031907089,0.8692238706590159,1.0007639218136015,1.2672293229976443,0.6010598849760319,12
0.7578124175969557,0.8778603690758512,1.4460400892718634,0.7958127650639839,0.9219219345530119,0.42336094109601663,1.0751887233557162,10
0.7994468479160814,0.8274773909965999,0.4897213031907089,0.4206004475782628,0.36327013910655,0.655994927458087,0.33166849953302924,11
0.7994468479160814,0.8274773909965999,0.25064160667042007,0.746872028000629,0.45562789561181194,1.1075785480432823,0.8345324190266338,9
0.7994468479160814,0.8778603690758512,0.7288009997109977,0.47565877677453733,0.056912702893973946,0.2956403211325269,0.7267758648494331,11
0.7994468479160814,0.8778603690758512,1.326500241011719,1.3983955901565406,0.9895007807763743,1.508986210785678,2.0162626298366044,15
0.7994468479160814,0.6259454786795944,0.25064160667042007,0.9793405290515644,1.025542832095501,2.3711003955392327,0.619019310672232,9
0.7994468479160814,0.7770944129173485,0.3701814549305645,0.40938486200124435,0.2956912928831876,0.4644139975128526,0.6908570134570328,12
0.8410812782352072,0.8778603690758512,0.3701814549305645,0.44812961217640007,0.5750171906064186,0.28651741970656336,0.5938761146975519,11
0.8410812782352072,1.0793922813928567,0.7288009997109977,1.0242028713596398,0.9602166140795841,1.093894195904337,0.8776350406975142,9
0.8410812782352072,0.978626325234354,1.0874205444914302,0.6683629289614973,0.7236906522978159,0.5465201103465244,0.8237567636089137,10
0.8410812782352072,0.3740305882833381,0.4897213031907089,0.5327563033484514,0.4533752674043665,1.0574025902004827,0.4681601348241506,11
0.8410812782352072,1.129775259472108,0.9678806962312858,1.0711044110453551,0.5637540495691915,1.5546007179154957,0.9782078245962352,11
0.8410812782352072,0.6259454786795944,0.1311017584102757,0.31660138131863386,0.5209541136277287,0.17704260259500104,0.18799309396342823,11
0.8827157085543329,0.8274773909965999,0.3701814549305645,0.8641258772149165,1.2192688579358064,0.5966960681893239,0.3604035806469495,9
0.9243501388734586,0.7770944129173485,0.6092611514508532,0.8987922326347931,0.9196693063455667,1.1486316044601181,0.7231839797101931,11
0.9243501388734586,1.129775259472108,0.6092611514508532,1.0435752464472179,0.6628696906967895,1.0528411394875008,1.2440073248999974,11
0.9243501388734586,0.978626325234354,0.3701814549305645,0.9395761801875889,1.0570796269997367,1.2170533651548447,0.762694716241833,11
0.9243501388734586,1.1801582375513595,0.4897213031907089,0.746872028000629,0.8295641780477502,0.5966960681893239,0.6908570134570328,12
0.9243501388734586,0.9282433471551026,0.6092611514508532,0.905929423456532,1.3251423836857408,0.2956403211325269,0.9063701218114345,12
0.9243501388734586,1.0793922813928567,0.6092611514508532,0.8162047388403818,0.6583644342818987,1.0665254916264462,0.8237567636089137,10
0.9659845691925844,1.2305412156306108,0.6092611514508532,0.7356564424236101,0.527711998250065,1.089332745191355,0.7986135676342334,11
0.9659845691925844,0.7267114348380971,0.1311017584102757,0.5827166391006261,0.669627575319126,0.5419586596335425,0.7267758648494331,10
0.9659845691925844,1.0793922813928567,0.6092611514508532,0.9844385224956642,0.6088066137180999,0.6833636317359776,1.2296397843430373,10
0.9659845691925844,0.8274773909965999,-0.10797793811001244,0.5531482771248493,0.5795224470213095,0.6377491246061598,0.3855467766216298,10
0.9659845691925844,0.8274773909965999,0.3701814549305645,0.6112654023875832,0.5299646264575103,0.8065228009864855,0.7267758648494331,9
0.9659845691925844,0.7770944129173485,1.0874205444914302,1.204671839280761,1.4152475119835572,1.5135476614986596,0.6226111958114721,11
1.00761899951171,1.0290093033136054,0.9678806962312858,1.6125113148087182,1.9018152047917662,1.2900365765625532,1.6427065753556414,12
1.00761899951171,0.8274773909965999,0.8483408479711414,1.0017717002056024,1.32063712727085,0.5191514060686336,0.716000209431713,11
1.00761899951171,1.129775259472108,1.6851197857921514,1.4779242878844925,1.1561952681273349,1.686882788591967,1.6894010821657615,16
1.0492534298308358,1.129775259472108,0.25064160667042007,0.8345575152391397,0.8565957165370951,1.0528411394875008,0.6585300472038724,10
1.0492534298308358,1.0290093033136054,0.3701814549305645,0.7346368437347902,0.5569961649468553,0.8886289138201574,0.9027782366721945,13
1.0492534298308358,1.0290093033136054,1.0874205444914302,1.1139275559757904,0.773248472861615,1.8556564649722929,1.1470264261405168,10
1.0908878601499614,1.0793922813928567,0.9678806962312858,1.1893778589484625,1.171963665579453,0.6195033217542327,1.8546277985708033,11
1.0908878601499614,1.1801582375513595,0.8483408479711414,1.0588692267795163,1.018784947473165,0.7289781388657953,1.1146994598873565,10
1.0908878601499614,1.129775259472108,0.7288009997109977,0.6438925604298198,0.7687432164467243,0.38686933539216245,0.7842460270772733,9
1.1325222904690873,1.280924193709862,1.565579937532007,1.2495341815888363,1.0503217423774007,0.8840674631071757,1.8043414066214427,10
1.1325222904690873,1.0290093033136054,0.8483408479711414,0.7937735676863439,0.6583644342818987,1.1167014494692458,0.9422889732038349,11
1.1741567207882129,0.9282433471551026,0.25064160667042007,0.8539298903267177,0.4646384084415936,1.0482796887745192,0.8668593852797941,10
1.1741567207882129,1.0793922813928567,1.4460400892718634,0.8987922326347931,0.6853959727712436,0.7928384488475402,1.416417811583519,12
1.1741567207882129,1.1801582375513595,0.9678806962312858,1.224044214368339,1.4062369991537755,0.9981037309317196,1.157802081558237,12
1.2157911511073387,1.2305412156306108,1.565579937532007,1.1679662864832447,1.2778371913293873,0.6012575189023056,1.2727424060139176,12
1.2574255814264643,1.0793922813928567,0.25064160667042007,0.9854581211844841,0.8858798832338858,0.9479277730889201,1.2404154397607574,11
1.2574255814264643,1.0290093033136054,1.0874205444914302,1.3137688989844898,1.2170162297283609,1.112139998756264,1.3338044533809983,11
1.29906001174559,1.3313071717891136,1.2069603927515746,1.6196485056304575,1.6089735378238628,1.5819694221933862,1.671441656469561,12
1.29906001174559,1.3313071717891136,0.3701814549305645,1.4381599390205166,1.4039843709463304,1.8100419578424751,1.0428617571025558,10
1.3406944420647158,1.280924193709862,0.3701814549305645,1.1332999310633685,1.3611844350048674,0.3093246732714723,1.211680358646837,10
1.3823288723838405,1.4320731279476162,0.9678806962312858,1.759333525998783,1.3792054606644306,2.019868690639637,1.8761791094062434,11
1.4239633027029663,1.381690149868365,1.0874205444914302,1.5146298406820082,1.3747002042495398,1.851095014259311,1.52058248062148,13
1.465597733022092,1.683988018343872,1.565579937532007,1.9255281122764254,1.1066374475635359,2.430399254807996,2.149162379988486,13
1.465597733022092,1.4320731279476162,0.8483408479711414,1.2474949842111962,1.3386581529304131,1.0756483930524097,0.9782078245962352,12
1.465597733022092,1.4320731279476162,1.326500241011719,1.6227073016969173,1.4220053966058936,1.5181091122116415,2.127611069153046,13
1.5072321633412178,1.280924193709862,1.9241994823124402,2.115173468396926,2.5663405259881626,1.851095014259311,1.4415610075581993,10
1.6321354542985949,1.683988018343872,0.9678806962312858,1.7165103810683475,1.6788050122546705,1.6412682814621493,1.8833628796847235,12
1.6321354542985949,1.5832220621853692,1.2069603927515746,2.5536009045894796,3.2533921292590127,2.279871381279597,1.8977304202416836,11
1.6737698846177205,1.6336050402646205,1.565579937532007,1.6125113148087182,1.7328680892333603,1.2261762665808082,1.7899738660644824,11
1.8819420362133492,1.4320731279476162,1.326500241011719,2.046860356245993,2.120320140913971,1.691444239304949,1.4451528926974393,11
1.9652108968516004,1.9862858868193802,1.8046596340522958,2.7412070633323404,1.9896677048821376,2.8363683682633734,2.925009570064333,13
-3.239092893039109,-2.8000970307094954,-2.379235055052754,-1.6308321143273623,-1.5627269782592772,-1.5882388233289444,-1.6582358676059483,4
-3.0309207414434804,-3.0016289430265006,-2.737854599833187,-1.6502044894149404,-1.5852532603337313,-1.6019231754678898,-1.6726034081629084,4
-2.6145764382522243,-2.5985651183924903,-2.0206155102723216,-1.595146160218666,-1.5424533243922685,-1.538062865486145,-1.607949475656588,5
-2.0316944137844644,-1.9939693814414743,-1.5424561172317441,-1.4462847516509618,-1.380264093456199,-1.4057807948096737,-1.500192921479387,6
-2.0316944137844644,-2.094735337599977,-1.7815358137520325,-1.5074606729801552,-1.4568534525093428,-1.4787640062173821,-1.500192921479387,7
-1.9900599834653392,-1.9435864033622228,-1.901075662012177,-1.4993038834695962,-1.4793797345837971,-1.437710949800546,-1.500192921479387,6
-1.9484255531462134,-1.9939693814414743,-1.6619959654918883,-1.46259833067208,-1.402790375530653,-1.4605182033654551,-1.500192921479387,5
-1.9484255531462134,-1.9939693814414743,-1.901075662012177,-1.4462847516509618,-1.3667483242115264,-1.4331494990875644,-1.500192921479387,6
-1.9484255531462134,-1.9939693814414743,-1.7815358137520325,-1.492166692647857,-1.4500955678870067,-1.4468338512265098,-1.500192921479387,6
-1.698618971231459,-1.6916715129659663,-1.6619959654918883,-1.4187555870528246,-1.3554851831742993,-1.4149036962356372,-1.4211714484161062,6
-1.6569845409123334,-1.5909055568074635,-1.6619959654918883,-1.3341288958807735,-1.2248327471424656,-1.3236746819760017,-1.4283552186945863,7
-1.573715680274082,-1.5909055568074635,-1.4229162689715997,-1.3443248827689724,-1.3059273626105001,-1.2461300198553118,-1.3601094010490256,6
-1.4488123893167053,-1.7420544910452176,-1.4229162689715997,-1.3433052840801525,-1.2924115933658278,-1.223322766290403,-1.3601094010490256,7
-1.4488123893167053,-1.5909055568074635,-1.6619959654918883,-1.3626776591677305,-1.2969168497807186,-1.341920484827929,-1.385252597023706,6
-1.4071779589975795,-1.389373644490458,-0.8252170276708785,-1.137346348938534,-0.9770436443234701,-1.1685853577346217,-1.1876989143655043,9
-1.3655435286784539,-1.389373644490458,-1.3033764207114553,-1.2444042112646228,-1.1392328752595398,-1.3008674284110928,-1.270312272568025,6
-1.3655435286784539,-1.389373644490458,-1.3033764207114553,-1.290286152261518,-1.211316977897793,-1.337359034114947,-1.3349662050743456,7
-1.2406402377210768,-1.2886076883319553,-1.4229162689715997,-1.2291102309323245,-1.1459907598818762,-1.2187613155774213,-1.2487609617325848,6
-1.2406402377210768,-1.3389906664112068,-1.3033764207114553,-1.241345415198163,-1.1279697342223127,-1.1913926112995306,-1.281087927985745,7
-1.0741025164445739,-1.1878417321734531,-1.064296724191167,-1.0782096249869801,-0.9072121698926623,-1.0271803856321866,-1.155371948112344,7
-0.9908336558063224,-1.5909055568074635,-1.1838365724513114,-1.1036995922074775,-1.042369862339387,-1.0727948927620043,-1.1374125224161438,7
-0.9075647951680714,-0.8351608856186936,-0.705677179410734,-1.0455824669447435,-0.9950646699830333,-0.9222670192336059,-1.051207279074383,8
-0.82429593452982,-0.9359268417771963,-1.064296724191167,-0.9405638019962946,-0.7788123620682739,-1.0317418363451685,-1.0081046574035026,7
-0.7826615042106942,-0.885543863697945,-0.705677179410734,-0.9405638019962946,-0.8644122339511995,-0.7170017371494263,-0.9614101505933821,8
-0.7410270738915685,-0.8351608856186936,-0.4665974828904456,-0.9844065456155501,-0.9027069134777714,-0.8812139628167699,-1.0332478533781828,7
-0.6161237829341915,-0.7847779075394422,-0.8252170276708785,-0.6795465376584019,-0.45893915661102536,-0.899459765668697,-0.7889996639098605,8
-0.53285492229594,-0.5832459952224374,-0.705677179410734,-0.7366440642323159,-0.6616756952811125,-0.7443704414273168,-0.72793761654278,7
-0.44958606165768905,-0.4320970609846832,-0.10797793811001244,-0.6255078071509476,-0.5400337720790602,-0.25629521513826736,-0.6740593394541796,10
-0.44958606165768905,-0.3313311048261805,-0.8252170276708785,-0.7906827947397703,-0.8666648621586449,-0.8584067092518612,-0.6740593394541796,10
-0.4079516313385633,-0.4320970609846832,-0.4665974828904456,-0.6326449979726869,-0.41163396425467164,-0.6485799764546997,-0.73512138682126,8
-0.15814504942380903,-0.1801821705884264,-0.4665974828904456,-0.35837295068013547,-0.12555018190910433,-0.3840158351017568,-0.5160163933276181,9
-0.15814504942380903,-0.12979919250917502,-0.10797793811001244,-0.48378358940498234,-0.32152883595685533,-0.44787614508350165,-0.38670852831497704,12
-0.15814504942380903,-0.23056514866767774,-0.5861373311505896,-0.7060561035677192,-0.6729388363183395,-0.7033173850104809,-0.6129972920870991,10
-0.11651061910468331,0.47479654444184083,-0.10797793811001244,-0.29209903590684244,-0.32378146416430076,-0.24261086299932205,-0.25380877816309594,9
-0.0748761887855576,-0.07941621442992365,0.011561910150131954,-0.3981372995441115,-0.32152883595685533,-0.32471697583299397,-0.508832623049138,9
0.008392671852693824,0.021349741728578526,-0.22751778637015682,-0.2880206411515629,-0.0714871049304144,-0.28366391941615804,-0.44777057568205764,9
0.05002710217181954,0.222881654045584,0.25064160667042007,-0.17892358144783432,-0.1548343486058947,0.04476053191852955,-0.30768705525169626,9
0.05002710217181954,-0.029033236350672283,-0.22751778637015682,-0.3940589047888319,-0.4319076181216804,-0.21980360943441316,-0.38670852831497704,9
0.17493039312919667,0.3236476102040867,0.011561910150131954,0.021937360249684745,-0.0151713997442793,0.0903750390483473,-0.002376818416293654,11
0.2165648234483224,0.6259454786795944,0.25064160667042007,0.1871123478385074,0.0974600106279914,0.573888814624415,0.2059525196596284,10
0.29983368408657385,0.021349741728578526,0.4897213031907089,-0.01476819254783145,-0.07824498955275064,0.031076179779584222,0.10178785062166737,9
0.34146811440569863,0.3740305882833381,0.1311017584102757,0.19730833472670634,0.33849122882465044,0.28651741970656336,0.06227711409002698,9
0.38310254472482436,0.27326463212483537,0.25064160667042007,0.0015453864732868584,0.12674417732478177,-0.22436506014739493,0.044317688393826805,10
0.46637140536307575,0.5251795225210922,0.4897213031907089,0.4776979741521769,0.6921538573935802,0.8202071531254308,0.17003366826722804,9
0.5496402660013272,0.5755625006003435,0.6092611514508532,0.5837362377894459,0.7079222548456978,0.8430144066903397,0.2598307967482289,10
0.6329091266395787,0.4244135663625895,0.011561910150131954,0.01683936680558516,0.04790219006419229,-0.03278413020216063,0.02635826269762663,10
0.6745435569587044,0.3740305882833381,0.011561910150131954,0.31252298656335425,0.31596494675019626,0.25458726471569093,0.40350620231782997,12
0.71617798727783,0.8274773909965999,0.4897213031907089,0.5776186456565268,0.4759015494788207,0.4324838425219802,0.7339596351279132,10
0.8410812782352072,1.0793922813928567,0.9678806962312858,1.059888825468336,0.7484695625797152,0.6514334767451051,1.1039238044696364,14
1.1325222904690873,1.0793922813928567,1.326500241011719,1.5023946564161696,1.6900681532918977,1.5728465207674227,1.057229297659516,9
-2.239866565380093,-2.1955012937584795,-1.901075662012177,-1.5145978638018947,-1.4388324268497796,-1.4787640062173821,-1.5361117728717872,5
-2.1149632744227156,-2.145118315679228,-1.7815358137520325,-1.472794317560279,-1.4050430037380983,-1.442272400513528,-1.510968576897107,5
-2.0316944137844644,-1.9435864033622228,-1.4229162689715997,-1.4207947844304645,-1.294664221573273,-1.4468338512265098,-1.4786416106439468,5
-1.9900599834653392,-1.9435864033622228,-1.6619959654918883,-1.470755120182639,-1.3892746062859804,-1.442272400513528,-1.5217442323148271,6
-1.698618971231459,-1.5405225787282122,-1.3033764207114553,-1.3341288958807735,-1.294664221573273,-1.3464819355409106,-1.3062311239604252,8
-1.6569845409123334,-1.6916715129659663,-1.6619959654918883,-1.3800108368776687,-1.364495696004081,-1.3692891891058194,-1.3277824347958656,8
-1.1573713770828253,-1.2886076883319553,-0.9447568759310225,-1.1281699607391549,-1.0311067213021599,-1.0910406956139316,-1.1948826846439844,8
-1.0741025164445739,-1.1374587540942018,-0.9447568759310225,-1.0924840066304589,-0.988306785360697,-1.0819177941879679,-1.1266368669984237,7
-1.032468086125448,-1.036692797935699,0.4897213031907089,-0.9395442033074748,-0.8396333236693,-1.004373132067278,-0.9614101505933821,7
-0.9908336558063224,-0.9863098198564477,-1.1838365724513114,-1.0537392564553028,-0.9973172981904788,-1.100163597039895,-1.0907180156060234,8
-0.9075647951680714,-1.036692797935699,-0.4665974828904456,-1.0047985193919478,-0.8756753749884265,-0.9541971742244784,-1.1374125224161438,7
-0.8659303648489457,-0.9359268417771963,-0.5861373311505896,-0.966053769216792,-0.7652965928236014,-1.0545490899100773,-1.0907180156060234,6
-0.6993926435724429,-1.036692797935699,-0.5861373311505896,-0.9171130321534371,-0.889191144233099,-0.8173536528350253,-0.9254912992009817,9
-0.6577582132533172,-0.885543863697945,-0.4665974828904456,-0.9191522295310769,-0.9342437083820073,-0.8948983149557153,-0.8536535964161812,8
-0.6161237829341915,-0.5832459952224374,-0.22751778637015682,-0.7407224589875955,-0.6842019773555665,-0.6941944835845174,-0.7458970422389801,8
-0.5744893526150657,-0.532863017143186,23.680451865658696,-0.478685595960883,-0.12329755370165892,-0.5892811171859366,-0.7566726976567003,8
-0.53285492229594,-0.6336289733016887,-0.4665974828904456,-0.6836249324136815,-0.5220127464194969,-0.5755967650469914,-0.7674483530744204,8
-0.53285492229594,-0.6336289733016887,-0.705677179410734,-0.7529576432534342,-0.560307425946069,-0.8401609063999341,-0.8823886775301014,7
-0.4912204919768143,-0.4824800390639346,-0.705677179410734,-0.6795465376584019,-0.41839184887700787,-0.8720910613908064,-0.8464698261377012,7
-0.4912204919768143,-0.532863017143186,-1.1838365724513114,-0.8080159724497085,-0.7157387722598023,-0.9724429770764055,-0.7997753193275807,9
-0.4079516313385633,-0.2809481267469291,0.011561910150131954,-0.2849618450851033,-0.19312902813246674,-0.44787614508350165,-0.3112789403909363,7
-0.3663172010194376,-0.5832459952224374,-0.10797793811001244,-0.5755474713987728,-0.3868550539727721,-0.739808990714335,-0.5806703258339387,8
-0.3246827707003119,-0.1801821705884264,-0.10797793811001244,-0.43178405627516786,-0.49272857972270656,-0.42050744080561103,-0.5411595893022983,8
-0.2830483403811862,-0.38171408290543185,-0.705677179410734,-0.592880649108711,-0.3981181950099992,-0.7033173850104809,-0.7171619611250599,8
-0.19977947974293475,-0.1801821705884264,-0.10797793811001244,-0.09633608765342298,0.007354882330174838,-0.21068070800844962,-0.002376818416293654,9
-0.19977947974293475,-0.2809481267469291,0.011561910150131954,-0.3940589047888319,-0.3710866565206542,-0.3429627786849211,-0.4334030351250975,8
-0.15814504942380903,-0.23056514866767774,-0.22751778637015682,-0.3777453257677136,-0.20664479737713923,-0.2882253701291398,-0.6273648326440592,7
0.008392671852693824,-0.23056514866767774,-0.9447568759310225,-0.6469193796161654,-0.5107496053822699,-0.7306860892883715,-0.6704674543149396,8
0.09166153249094526,0.12211569788708126,-0.3470576346303012,-0.18504117358075367,-0.01967665615917013,0.08125213762238374,-0.42621926484661743,8
0.09166153249094526,0.12211569788708126,-0.22751778637015682,-0.2645698713087054,-0.21115005379203006,-0.21980360943441316,-0.25380877816309594,8
0.13329596281007097,-0.23056514866767774,0.011561910150131954,-0.12896324569565962,-0.14807646398355848,-0.5892811171859366,-0.016744358973253794,10
0.13329596281007097,0.12211569788708126,-0.22751778637015682,-0.15955120636025644,0.03889167723441063,-0.1194516937488141,-0.39030041345421707,9
0.17493039312919667,0.222881654045584,0.4897213031907089,0.03111374844906368,0.15828097222901757,0.04476053191852955,-0.056255095504893986,9
0.2165648234483224,0.021349741728578526,-0.22751778637015682,0.08515247895651819,0.38804904938844953,0.2819559689935816,-0.18556296051753526,9
0.2165648234483224,0.12211569788708126,-0.5861373311505896,-0.3277849900155386,-0.3012551820898466,-0.39770018724070216,-0.21429804163145555,11
0.34146811440569863,0.3236476102040867,-0.10797793811001244,0.0025649851621066394,0.15152308760668132,-0.06471428519303306,-0.005968703555533689,9
0.46637140536307575,0.4244135663625895,-0.4665974828904456,0.08107408420123861,0.26415449797895174,-0.3019097222680851,0.1556661277102679,8
0.46637140536307575,0.27326463212483537,0.25064160667042007,0.020917761560864737,-0.04896082285596051,0.24090291257674562,-0.3364221363656165,7
0.5080058356822015,0.7770944129173485,0.25064160667042007,0.5103251321944136,0.24838610052683388,0.2819559689935816,0.8417161893051138,11
0.5912746963204529,0.5755625006003435,0.25064160667042007,0.18405355177204782,0.3339859724097596,-0.03734558091514241,0.16644178312798802,9
0.6329091266395787,0.6259454786795944,1.2069603927515746,0.6235005866534219,0.5975434726808728,0.7198552374398318,0.7088164391532329,10
0.71617798727783,0.222881654045584,0.011561910150131954,0.16366157799564993,0.3542596262767683,0.17704260259500104,-0.13527656856817477,8
0.71617798727783,0.7267114348380971,0.6092611514508532,0.8457731008161586,0.8926377678562217,0.7928384488475402,0.956656513760795,8
0.7994468479160814,0.8274773909965999,0.4897213031907089,0.46342359250869863,0.6020487290957636,0.5784502653373967,0.24187137105202874,9
1.00761899951171,0.8778603690758512,0.25064160667042007,0.7764403899764059,1.0976269347337542,0.38230788467918064,0.7195920945709531,9
1.0492534298308358,0.9282433471551026,0.011561910150131954,0.8345575152391397,1.1584478963347806,0.5009056032167065,0.5831004592798317,8
1.1741567207882129,1.1801582375513595,1.6851197857921514,1.662471650560893,2.0662570639352813,1.4496873515169153,1.3553557642164384,10
1.3406944420647158,1.4320731279476162,1.4460400892718634,1.9245085135876057,2.043730781860827,1.8830251692501834,1.8043414066214427,11
1.3823288723838405,1.3313071717891136,1.326500241011719,0.8641258772149165,1.6697944994248888,1.9788156342228007,1.6031958388240009,12
1.5072321633412178,1.6336050402646205,1.0874205444914302,1.901057743744748,1.746383858478033,1.750743098573712,1.7899738660644824,10
1.5488665936603434,0.9282433471551026,0.25064160667042007,0.994634509383863,1.4603000761324656,0.9205590688110293,0.29574964814062926,10
1.6321354542985949,1.7847539745023746,1.9241994823124402,2.213054942523635,2.505519564387136,2.4395221562339597,1.7253199335581617,11
1.6321354542985949,1.683988018343872,1.8046596340522958,2.592345654764636,2.239709435908578,2.7542622554297016,2.6089236778112097,12
1.7154043149368463,1.4824561060268677,0.9678806962312858,1.7552551312435034,1.3341528965155223,0.1451124476041286,1.8294846025961227,10
2.0901141878089775,1.6336050402646205,1.9241994823124402,2.45368023308513,1.6923207814993428,2.690401945447957,3.0148066985453332,17
-0.15814504942380903,-0.1801821705884264,-0.5861373311505896,-0.344098569036657,-0.2471921051111567,-0.22892651086037671,-0.4585462310997777,8
0.05002710217181954,0.17249867596633262,-0.22751778637015682,-0.16974719324845514,-0.2697183871856108,-0.4113845393796475,0.044317688393826805,10
-0.15814504942380903,-0.23056514866767774,-0.5861373311505896,-0.43382325365280766,-0.5242653746269423,-0.6668257793066268,-0.20711427135297547,11
-0.9908336558063224,-1.036692797935699,-1.1838365724513114,-1.1138955790956766,-1.1054434521478587,-1.122970850604804,-1.0332478533781828,7
-0.9075647951680714,-1.0870757760149505,-0.9447568759310225,-1.0058181180807677,-0.9229805673447802,-1.0226189349192047,-1.0332478533781828,7
-0.19977947974293475,-0.1801821705884264,0.1311017584102757,-0.3624513454354151,-0.3891076821802175,-0.4433146943705199,-0.13527656856817477,11
-0.82429593452982,-0.7847779075394422,-1.4229162689715997,-0.9538185849509533,-1.015338323850042,-0.8948983149557153,-0.8177347450237809,7
-0.44958606165768905,-0.5832459952224374,-0.9447568759310225,-0.7162520904559181,-0.7698018492384922,-0.8401609063999341,-0.4585462310997777,8
-1.032468086125448,-0.9863098198564477,-0.5861373311505896,-0.9833869469267302,-0.954517362249016,-1.0134960334932412,-0.8895724478085815,10
-1.2822746680402024,-1.1878417321734531,-0.9447568759310225,-1.1801694938689695,-1.1572539009191032,-1.1868311605865487,-1.1050855561629835,10
-0.19977947974293475,-0.2809481267469291,0.3701814549305645,-0.344098569036657,-0.4228971052918987,-0.4022616379536839,-0.1711954199605751,19
-0.9491992254871972,-0.9863098198564477,-0.705677179410734,-1.0476216643223835,-1.0603908879989503,-0.899459765668697,-1.0332478533781828,9
-1.2406402377210768,-1.1878417321734531,-0.9447568759310225,-1.1271503620503351,-1.0896750546957408,-1.1320937520307675,-1.1050855561629835,9
-0.2830483403811862,-0.23056514866767774,-0.3470576346303012,-0.5898218530422513,-0.6391494132066583,-0.4798063000743741,-0.5303839338845783,11
0.5080058356822015,0.7267114348380971,1.0874205444914302,0.430796434466462,0.336238600617205,0.7700311952826313,0.33166849953302924,10
0.5912746963204529,0.47479654444184083,0.3701814549305645,0.43283563184410156,0.25514398514917014,0.27283306756761805,0.9063701218114345,14
1.2574255814264643,1.4320731279476162,0.9678806962312858,1.7532159338658633,0.9129114217232307,1.7324972957217848,2.5945561372542496,15
1.1741567207882129,1.280924193709862,2.043739330572585,2.762618635797558,1.775668025174823,1.9195167749540376,4.641930666621068,27
0.7994468479160814,0.8274773909965999,0.7288009997109977,0.7784795873540453,0.7169327676754794,0.6833636317359776,0.6908570134570328,13
-1.6569845409123334,-1.5909055568074635,-2.0206155102723216,-1.3514620735907115,-1.27664319591371,-1.182269709873567,-1.392436367302186,5
-0.5744893526150657,-0.532863017143186,-1.4229162689715997,-0.7682516235857326,-0.6436546696215492,-0.739808990714335,-0.8177347450237809,9
0.008392671852693824,-0.029033236350672283,-0.22751778637015682,-0.22480552244472943,-0.14807646398355848,0.15423534903009214,-0.4585462310997777,8
-1.1573713770828253,-1.1878417321734531,-1.1838365724513114,-1.2168750466664857,-1.2338432599722469,-1.1959540620125122,-1.1410044075553838,7
-3.280727323358235,-3.152777877264254,-2.4987749033128983,-1.6685572658136985,-1.5965164013709583,-1.5882388233289444,-1.6905628338591085,4
-2.864383020166978,-2.8000970307094954,-2.25969520679261,-1.6338909103938222,-1.5627269782592772,-1.556308668338072,-1.6510520973274683,3
-1.7818878318697104,-1.8428204472037202,-2.1401553585324655,-1.3953048172099671,-1.3149378754402818,-1.2963059776981112,-1.392436367302186,6
-1.2406402377210768,-1.1878417321734531,-1.4229162689715997,-1.1149151777844963,-0.9860541571532516,-0.9861273292153507,-1.1410044075553838,7
-0.3663172010194376,-0.2809481267469291,-0.4665974828904456,-0.45013683267392596,-0.40037082321744455,-0.36577003224982974,-0.38670852831497704,8
-0.5744893526150657,-0.38171408290543185,-0.3470576346303012,-0.8069963737608886,-0.7134861440523569,-0.49349065221331945,-0.6740593394541796,9
-0.82429593452982,-0.8351608856186936,-0.9447568759310225,-1.0180533023466065,-1.004075182812815,-0.9861273292153507,-0.9254912992009817,7
-0.4079516313385633,-0.4824800390639346,-0.705677179410734,-0.7611144327639934,-0.8216122980097367,-0.7671776949922257,-0.6740593394541796,9
-0.7410270738915685,-0.5832459952224374,-0.4665974828904456,-0.754996840631074,-0.7540334517863743,-0.7352475400013533,-0.7818158936313805,11
-1.9484255531462134,-1.9939693814414743,-1.5424561172317441,-1.1291895594279748,-1.1099487085627495,-1.0317418363451685,-1.4642740700869867,6
-1.1573713770828253,-1.1374587540942018,-1.064296724191167,-1.0068377167695877,-0.9567699904564614,-0.7899849485571345,-1.069166704770583,7
-0.44958606165768905,-0.3313311048261805,-0.5861373311505896,-0.8202511567155473,-0.8599069775363086,-0.9587586249374601,-0.6381404880617793,8
-0.19977947974293475,-0.07941621442992365,-0.3470576346303012,-0.5143715500695791,-0.5400337720790602,-0.4980521029263012,-0.38670852831497704,10
-1.032468086125448,-0.9863098198564477,-0.9447568759310225,-1.4309907713186634,-1.1414855034669853,-0.9998116813542961,-1.1050855561629835,7
0.7994468479160814,1.0290093033136054,0.8483408479711414,0.6561277446956585,0.3520069980693229,0.4187994903830349,1.157802081558237,12
0.5912746963204529,0.6259454786795944,0.25064160667042007,0.12797562388695352,-0.0016556304996068175,0.27283306756761805,0.044317688393826805,12
0.5080058356822015,0.47479654444184083,0.011561910150131954,0.2880526180316768,0.46238578023414817,0.04019908120554777,0.40350620231782997,9
-1.698618971231459,-1.6916715129659663,-1.4229162689715997,-1.3229133103037547,-1.2586221702541465,-1.2963059776981112,-1.3205986645173855,6
-0.03324175846643189,0.021349741728578526,-0.3470576346303012,-0.2655894699975252,-0.292244669260065,-0.16506620087863186,-0.1711954199605751,10
-0.6993926435724429,-0.5832459952224374,-0.705677179410734,-0.754996840631074,-0.7179914004672476,-0.8401609063999341,-0.7818158936313805,9
-0.6993926435724429,-0.7847779075394422,-0.5861373311505896,-0.8732702885341816,-0.9747910161160247,-0.6166498214638272,-0.8536535964161812,8
0.34146811440569863,0.17249867596633262,-0.9447568759310225,-0.2329623119552886,-0.24268684869626586,-0.13313604588775943,-0.4226273797073774,12
0.29983368408657385,0.17249867596633262,-0.3470576346303012,0.21056311768136507,0.007354882330174838,0.2956403211325269,0.6908570134570328,9
0.5496402660013272,0.47479654444184083,0.8483408479711414,0.27989582852111766,0.14251257477689966,0.5921346174763421,0.511262756495031,10
0.38310254472482436,0.5755625006003435,0.9678806962312858,0.34820894067205066,0.20558616458537127,0.8795060123941939,0.40350620231782997,16
1.29906001174559,1.2305412156306108,1.565579937532007,1.3606704386702047,1.0052691782284924,1.4268800979520064,1.6247471496594412,14
-0.6161237829341915,-0.4824800390639346,-0.3470576346303012,-0.6571153665043644,-0.6188757593396496,-0.6896330328715357,-0.5663027852769786,10
-1.698618971231459,-1.6916715129659663,-1.5424561172317441,-1.3361680932584132,-1.27664319591371,-1.3236746819760017,-1.3565175159097855,7
-0.53285492229594,-0.5832459952224374,-0.705677179410734,-0.8855054728000203,-0.8599069775363086,-0.8584067092518612,-0.8177347450237809,9
-0.44958606165768905,-0.38171408290543185,-0.8252170276708785,-0.7386832616099557,-0.7067282594300206,-0.7215631878624079,-0.602221636669379,10
-0.5744893526150657,-0.5832459952224374,-0.8252170276708785,-0.8722506898453617,-0.9094647981001077,-0.8903368642427335,-0.7458970422389801,9
-0.9075647951680714,-0.8351608856186936,-0.5861373311505896,-0.9854261443043699,-0.9860541571532516,-0.9496357235114966,-0.9254912992009817,9
-0.4912204919768143,-0.5832459952224374,-0.4665974828904456,-0.6285666032174073,-0.7112335158449115,-0.16506620087863186,-0.38670852831497704,11
-0.53285492229594,-0.3313311048261805,-0.10797793811001244,-0.6836249324136815,-0.7810649902757193,-0.8766525121037881,-0.4944650824921779,12
-0.9075647951680714,-0.9863098198564477,-1.1838365724513114,-1.0282492892348054,-1.0311067213021599,-0.9770044277893872,-0.8895724478085815,8
-2.1149632744227156,-2.145118315679228,-1.6619959654918883,-1.4738139162490989,-1.4095482601529892,-1.483325456930364,-1.4570902998085065,7
-0.6577582132533172,-0.532863017143186,-0.705677179410734,-0.7896631960509504,-0.8058439005576188,-0.7033173850104809,-0.6345486029225392,10
1.8403076058942234,1.7847539745023746,1.2069603927515746,2.3190932061609044,2.1811411025149976,2.3391702405483605,2.490391468216289,18
-1.032468086125448,-1.0870757760149505,-0.5861373311505896,-1.0731116315428808,-1.0175909520574875,-1.223322766290403,-1.0440235087959029,8
-2.0316944137844644,-2.094735337599977,-1.5424561172317441,-1.4401671595180423,-1.3735062088338625,-1.5426243161991267,-1.4642740700869867,5
0.2165648234483224,0.3236476102040867,-0.10797793811001244,0.10248565666645627,0.03889167723441063,0.2637101661416545,0.18799309396342823,10
0.46637140536307575,0.5251795225210922,0.6092611514508532,0.813145942773922,0.5119436007979471,0.1451124476041286,1.409234041305039,16
0.71617798727783,0.9282433471551026,0.6092611514508532,0.9028706273900727,0.5952908444734274,0.04019908120554777,1.8043414066214427,12
0.7994468479160814,0.8778603690758512,0.8483408479711414,1.9928216257385387,1.2778371913293873,1.3493354358313163,3.4925274220642577,17
0.29983368408657385,0.12211569788708126,1.326500241011719,-0.0412777584571487,-0.25620261794093835,-0.009976876637251756,0.33166849953302924,14
0.9659845691925844,1.0290093033136054,1.4460400892718634,1.1455351153292073,1.12916372963799,1.3767041401092068,1.2296397843430373,12
1.3823288723838405,1.4320731279476162,1.4460400892718634,2.07540911953295,1.6788050122546705,2.6584717904570843,2.3790430288998476,19
1.590501023979469,1.5832220621853692,2.402358875353017,2.7952457938397948,1.6450155891429894,2.59461148047534,4.641930666621068,17
1.5488665936603434,1.5832220621853692,1.326500241011719,2.015252796892576,1.9175836022438844,2.840929818976355,1.8043414066214427,11
0.2165648234483224,0.6259454786795944,0.25064160667042007,0.13919120946397248,0.07943898496842808,0.031076179779584222,0.3675873509254296,9
-1.2406402377210768,-1.036692797935699,-1.1838365724513114,-1.0282492892348054,-0.9905594135681425,-1.1320937520307675,-1.0332478533781828,5
0.71617798727783,0.4244135663625895,0.4897213031907089,0.6265593827198812,0.24613347231938845,1.189684660876954,0.4394250537102303,9
-1.199005807401951,-1.2886076883319553,-1.3033764207114553,-1.1322483554944345,-1.1009381957329678,-1.0910406956139316,-1.1050855561629835,6
-1.2822746680402024,-1.3389906664112068,-1.3033764207114553,-1.1995418689565476,-1.1504960162967668,-1.1594624563086582,-1.2128421103401843,5
-1.573715680274082,-1.7420544910452176,-1.3033764207114553,-1.3749128434335693,-1.321695760062618,-1.3327975834019654,-1.392436367302186,6
-2.989286311124355,-2.9512459649472493,-2.9769342963534755,-1.6604004763031395,-1.594263773163513,-1.620168978319817,-1.6797871784413885,4
-1.9900599834653392,-1.9939693814414743,-1.5424561172317441,-1.4483239490286013,-1.3712535806264172,-1.3875349919577467,-1.4283552186945863,7
-2.7811141595287268,-2.8000970307094954,-2.6183147515730427,-1.6298125156385426,-1.5492112090146046,-1.5106941612082543,-1.6438683270489882,6
-2.5729420079330985,-2.5985651183924903,-2.6183147515730427,-1.6114597392397845,-1.567232234674168,-1.6019231754678898,-1.6438683270489882,5
0.5912746963204529,0.5755625006003435,-0.3470576346303012,-0.06065013354472658,-0.15708697681334013,0.17704260259500104,-0.06343886578337406,10
1.00761899951171,0.9282433471551026,0.7288009997109977,0.7254604555354113,0.5457330239096283,0.8521373081163033,0.8345324190266338,13
0.42473697504395,0.4244135663625895,1.0874205444914302,0.19628873603788655,-0.07824498955275064,0.14967389831711037,0.7986135676342334,12
0.38310254472482436,0.4244135663625895,0.7288009997109977,0.5490698823695698,0.24613347231938845,0.058444884057474875,1.1937209329506373,20
0.46637140536307575,0.4244135663625895,2.2828190270928728,0.4940115531732952,-0.2674657589781654,0.2317800111507821,1.1218832301658366,14
0.5912746963204529,0.7267114348380971,1.4460400892718634,0.29824860491987576,-0.006160886914497645,0.2089727575858732,0.7267758648494331,15
0.5912746963204529,0.6259454786795944,2.641438571873306,0.9263213972329299,0.46238578023414817,0.6103804203282692,1.4810717440898398,14
0.8410812782352072,0.12211569788708126,0.6092611514508532,0.470560783330438,-0.006160886914497645,-0.142258947313723,1.4810717440898398,21
0.09166153249094526,0.12211569788708126,0.6092611514508532,0.18507315046086759,-0.10752915624954101,0.1633582504560557,0.15207424257102786,16
0.2165648234483224,0.222881654045584,0.4897213031907089,0.20546512423726548,-0.19087639992502134,-0.06471428519303306,0.8345324190266338,13
-0.24141391006206045,-0.07941621442992365,0.3701814549305645,-0.0412777584571487,-0.5625600541535144,-0.5938425678989183,0.7986135676342334,6
-1.698618971231459,-1.7420544910452176,-1.4229162689715997,-1.387148027699408,-1.3307062728923997,-1.3647277383928378,-1.392436367302186,6
-0.6577582132533172,-0.6840119513809395,-0.4665974828904456,-0.7774280117851117,-0.7495281953714835,-0.7033173850104809,-0.7818158936313805,9
-0.03324175846643189,-0.07941621442992365,-0.3470576346303012,-0.2900598385292027,-0.28999204105261955,-0.08296008804495991,-0.38670852831497704,9
-0.24141391006206045,-0.23056514866767774,-0.10797793811001244,-0.3981372995441115,-0.7179914004672476,-0.5299822579171737,0.15207424257102786,14
-0.44958606165768905,-0.38171408290543185,-0.10797793811001244,-0.5745278727099529,-0.6188757593396496,-0.4387532436575381,-0.4944650824921779,12
-0.2830483403811862,-0.38171408290543185,0.011561910150131954,-0.4970383723596411,-0.5242653746269423,-0.5984040186119002,-0.3148708255301763,10
0.46637140536307575,0.6259454786795944,0.6092611514508532,0.20036713079316612,-0.1706027460580126,0.1633582504560557,0.5471816078874313,11
1.00761899951171,0.8778603690758512,1.0874205444914302,1.3555724452261053,0.752974818994606,0.8931903645331393,1.5529094468746405,15
0.42473697504395,0.7770944129173485,0.6092611514508532,0.4318160331552818,0.2686597543938426,0.7609082938566678,0.4394250537102303,14
-2.5729420079330985,-2.3970332060754846,-2.0206155102723216,-1.566597396931709,-1.5266849269401506,-1.5198170626342178,-1.5720306242641877,6
-0.7826615042106942,-0.8351608856186936,-0.705677179410734,-0.9405638019962946,-1.0085804392277058,-0.7945463992701164,-0.8536535964161812,13
-2.1982321350609673,-1.9435864033622228,-1.4229162689715997,-1.4880882978925773,-1.452348196094452,-1.4149036962356372,-1.392436367302186,5
-1.2822746680402024,-1.2886076883319553,-1.1838365724513114,-1.214835849288846,-1.211316977897793,-1.1503395548826945,-1.2128421103401843,11
-0.9908336558063224,-1.036692797935699,-0.8252170276708785,-0.9507597888844935,-0.9139700545149986,-1.004373132067278,-0.8177347450237809,10
-2.1149632744227156,-2.1955012937584795,-1.4229162689715997,-1.5247938506900935,-1.4996533884508054,-1.4696411047914186,-1.500192921479387,6
1.29906001174559,1.4320731279476162,1.4460400892718634,1.5645901764341834,0.7462169343722701,2.0700446484824355,2.4867995830770484,21
1.0492534298308358,1.0793922813928567,1.326500241011719,1.1659270891056053,0.7214380240903703,1.6367068307491677,1.4451528926974393,13
1.00761899951171,0.8274773909965999,1.8046596340522958,1.1771426746826237,0.3024491775055238,0.43704529323496194,1.9480168121910442,25
0.38310254472482436,-0.029033236350672283,0.4897213031907089,0.19526913734906653,-0.06698184851552381,0.34581627897532646,0.40350620231782997,19
0.7578124175969557,0.7267114348380971,1.2069603927515746,1.083339595311194,0.7709958446541694,0.5191514060686336,1.660666001051841,18
-0.8659303648489457,-0.6336289733016887,-0.8252170276708785,-0.8131139658938079,-0.8306228108395184,-0.7717391457052074,-0.7818158936313805,7
-2.07332884410359,-1.8932034252829715,-1.4229162689715997,-1.4116183962310853,-1.364495696004081,-1.3875349919577467,-1.4139876781376262,6
-1.9484255531462134,-1.8428204472037202,-1.5424561172317441,-1.404481205409346,-1.3870219780785351,-1.4331494990875644,-1.4283552186945863,5
-0.8659303648489457,-0.6840119513809395,-0.5861373311505896,-0.8304471436037462,-0.8306228108395184,-0.7991078499830981,-0.7458970422389801,8
0.8410812782352072,1.1801582375513595,1.8046596340522958,1.5248258275702076,0.6853959727712436,0.7198552374398318,3.0615012053554542,16
0.2165648234483224,0.5755625006003435,0.9678806962312858,0.7825579821093249,-0.15708697681334013,0.22265710972481853,2.0557733663682454,27
1.1325222904690873,0.978626325234354,1.4460400892718634,1.6349424859627562,0.5727645623989732,1.0619640409134645,2.6663938400390506,18
0.34146811440569863,0.6259454786795944,1.326500241011719,0.63879456698572,0.12449154911733636,0.7061708853008865,0.7986135676342334,17
0.5912746963204529,0.8778603690758512,2.2828190270928728,1.0955747795770325,0.6628696906967895,0.3503777296883082,2.0198545149758447,13
0.8827157085543329,1.0290093033136054,2.1632791788327292,1.4483559259087153,0.9196693063455667,0.9205590688110293,2.3790430288998476,17
-0.7826615042106942,-0.8351608856186936,-0.4665974828904456,-0.7825260052292111,-0.8756753749884265,-0.739808990714335,-0.602221636669379,8
-0.5744893526150657,-0.5832459952224374,0.011561910150131954,-0.5225283395801383,-0.7337597979193655,-0.4387532436575381,-0.4585462310997777,10
-1.6153501105932075,-1.490139600648961,-1.4229162689715997,-1.302521336527357,-1.2743905677062644,-1.2963059776981112,-1.2487609617325848,7
-0.0748761887855576,0.07173271980782989,-0.22751778637015682,-0.13202204176211918,-0.375591912935545,0.14055099689114683,0.08023653978622716,13
-0.24141391006206045,-0.1801821705884264,0.25064160667042007,0.049466524847821776,-0.13906595115377682,0.07669068690940198,0.22391194535582856,14
-0.3246827707003119,-0.3313311048261805,0.1311017584102757,-0.48990118153790174,-0.5445390284939511,-0.5938425678989183,-0.3507896769225767,13
0.09166153249094526,0.5251795225210922,0.1311017584102757,-0.08410090338758426,-0.08950813058997771,0.1816040533079828,-0.27895197413777595,8
0.46637140536307575,0.5755625006003435,0.8483408479711414,0.4206004475782628,0.18756513892580795,0.053883433344493095,1.0500455273810358,17
0.8410812782352072,1.1801582375513595,1.326500241011719,1.0670260162900755,0.41057533146290365,0.5830117160503785,2.0916922177606456,13
0.2581992537674481,0.47479654444184083,0.9678806962312858,0.26358224949999937,-0.2854867846377287,0.13142809546518328,1.0859643787734363,14
0.2165648234483224,0.17249867596633262,0.1311017584102757,-0.06472852830000615,-0.2809815282228379,-0.27910246870317623,0.18799309396342823,9
0.5496402660013272,0.6763284567588458,0.3701814549305645,0.05762331435838093,-0.0151713997442793,-0.060152834480051286,0.29574964814062926,13
-1.4071779589975795,-1.2886076883319553,-0.705677179410734,-1.2342082243764239,-1.2518642856318103,-1.1685853577346217,-1.1410044075553838,7
-2.07332884410359,-2.094735337599977,-1.5424561172317441,-1.5145978638018947,-1.4816323627912422,-1.4742025555044003,-1.500192921479387,7
-0.15814504942380903,-0.1801821705884264,0.8483408479711414,-0.27884425295218396,-0.4161392206695625,-0.27910246870317623,-0.1711954199605751,12
-1.2822746680402024,-1.2886076883319553,-1.064296724191167,-1.2362474217540635,-1.2563695420467011,-1.182269709873567,-1.1769232589477843,7
0.2581992537674481,0.222881654045584,0.6092611514508532,-0.1452768247167779,-0.3868550539727721,-0.1559432994526683,0.2598307967482289,13
-0.15814504942380903,-0.07941621442992365,0.6092611514508532,-0.20339394997951177,-0.41388659246211706,-0.2334879615733585,0.08023653978622716,9
0.29983368408657385,0.3740305882833381,0.9678806962312858,0.1514263937298112,-0.00841351512194306,0.21809565901183675,0.40350620231782997,9
0.5912746963204529,0.6763284567588458,0.7288009997109977,0.5460110863031099,0.2686597543938426,0.44160674394794375,0.7986135676342334,17
0.38310254472482436,0.4244135663625895,0.6092611514508532,0.1514263937298112,-0.13005543832399516,0.035637630492566,0.40350620231782997,14
0.6329091266395787,0.7267114348380971,0.8483408479711414,0.8162047388403818,0.23937558769705222,0.8475758574033215,1.2655586357354376,13
0.29983368408657385,0.27326463212483537,1.0874205444914302,0.5653834613906881,0.28217552363851506,0.573888814624415,0.6549381620646324,15
0.5080058356822015,0.5755625006003435,1.2069603927515746,0.697931290937274,0.14025994656945426,0.5009056032167065,1.157802081558237,17
-0.53285492229594,-0.7343949294601909,-0.705677179410734,-0.7845652026068509,-0.6053599900949771,-0.9678815263634236,-0.9254912992009817,8
-0.53285492229594,-0.4824800390639346,-0.5861373311505896,-0.7203304852111977,-0.6706862081108941,-0.6896330328715357,-0.5663027852769786,8
-0.9075647951680714,-0.9359268417771963,-0.3470576346303012,-0.898760255754679,-1.3126852472328365,-0.8264765542609888,-0.8177347450237809,12
-0.7410270738915685,-0.885543863697945,-0.4665974828904456,-0.9181326308422569,-0.9342437083820073,-0.8127922021220434,-0.8177347450237809,11
-0.4079516313385633,-0.2809481267469291,-0.10797793811001244,-0.69891891274598,-0.8373806954618546,-1.0089345827802596,-0.38670852831497704,7
-0.4912204919768143,-0.4824800390639346,-0.22751778637015682,-0.6163314189515686,-0.6706862081108941,-0.5664738636210278,-0.5303839338845783,10
-1.4071779589975795,-1.2886076883319553,-0.9447568759310225,-1.2260514348658647,-1.1978012086531207,-1.2324456677163664,-1.1050855561629835,11
-0.53285492229594,-0.3313311048261805,0.011561910150131954,-0.6489585769938052,-0.7540334517863743,-0.6941944835845174,-0.2430331227453758,9
-1.199005807401951,-0.8351608856186936,-0.705677179410734,-1.0567980525217624,-1.0784119136585137,-0.9724429770764055,-0.9614101505933821,10
-0.44958606165768905,-0.4320970609846832,-0.4665974828904456,-0.582684662220512,-0.5850863362279684,-0.28366391941615804,-0.6381404880617793,9
-1.3655435286784539,-1.389373644490458,-1.1838365724513114,-1.2362474217540635,-1.2451064010094741,-1.1640239070216398,-1.1769232589477843,6
0.5080058356822015,0.47479654444184083,0.6092611514508532,0.3451501446055909,-0.0647292203080784,0.6286262231801962,0.5471816078874313,12
1.0908878601499614,1.8351369525816261,1.4460400892718634,1.4616107088633743,1.3273950118931863,1.7872347042775663,1.2655586357354376,11
0.6329091266395787,0.7770944129173485,0.8483408479711414,0.8947138378795135,0.631332895792554,0.9205590688110293,1.0141266759886356,13
0.38310254472482436,0.5251795225210922,0.7288009997109977,0.5531482771248493,0.23937558769705222,0.3640620818272536,1.0141266759886356,14
1.00761899951171,0.9282433471551026,1.4460400892718634,1.2230246156795193,1.259816165669824,1.1349472523211728,0.8704512704190341,11
1.0492534298308358,0.8778603690758512,0.9678806962312858,1.9663120598292212,1.9874150766746919,1.4451259008039334,2.0916922177606456,14
-0.11651061910468331,-0.12979919250917502,0.1311017584102757,-0.42872526020870805,-0.6459072978289946,-0.3840158351017568,0.008398837001426452,12
-0.03324175846643189,-0.2809481267469291,-0.10797793811001244,-0.5021363658037404,-0.49047595151526113,-0.21980360943441316,-0.4585462310997777,8
-0.24141391006206045,0.07173271980782989,0.6092611514508532,-0.1636296011155358,-0.42965498991423495,-0.4250688915185928,0.33166849953302924,13
-0.7826615042106942,-0.7343949294601909,-0.5861373311505896,-0.8620547029571628,-0.8711701185735357,-0.7945463992701164,-0.7458970422389801,8
0.5496402660013272,0.5755625006003435,0.4897213031907089,0.5541678758136691,0.6606170624893444,0.655994927458087,0.40350620231782997,13
0.2165648234483224,0.5251795225210922,0.8483408479711414,0.08209368289005839,-0.19763428454735757,0.017391827640638895,0.5831004592798317,10
0.5080058356822015,0.222881654045584,0.4897213031907089,0.25746465736707996,0.01411276695251108,-0.04190703162812418,0.22391194535582856,11
0.46637140536307575,0.47479654444184083,0.4897213031907089,0.18915154521614716,-0.21340268199947546,0.14055099689114683,0.4394250537102303,17
0.7994468479160814,1.0290093033136054,0.25064160667042007,1.279102543564613,0.998511293606156,0.9752964773668107,0.5831004592798317,13
0.5496402660013272,0.4244135663625895,0.4897213031907089,0.1310344199534133,-0.38234979755788123,0.34581627897532646,0.762694716241833,14
1.6321354542985949,1.683988018343872,1.8046596340522958,2.8492845243472487,2.41541443608932,2.0472373949175275,2.738231542823851,13
0.9243501388734586,1.0290093033136054,0.8483408479711414,0.7825579821093249,0.964721870494475,0.7335395895787771,0.8704512704190341,14
0.71617798727783,0.7267114348380971,0.8483408479711414,0.48687436235155584,0.14251257477689966,0.3230090254104176,1.301477487127838,15
0.17493039312919667,0.3740305882833381,0.8483408479711414,0.04844692615900199,-0.05797133568574216,0.07669068690940198,0.40350620231782997,13
0.38310254472482436,0.4244135663625895,0.4897213031907089,0.06679970255776009,0.059165331101419354,0.3366933775493629,0.11615539117862751,12
0.6329091266395787,0.6763284567588458,0.9678806962312858,0.6795785145385157,0.6831433445637985,0.7928384488475402,0.5831004592798317,18
-0.03324175846643189,0.021349741728578526,0.7288009997109977,0.08515247895651819,0.06367058751631019,0.3503777296883082,0.08023653978622716,14
0.9243501388734586,1.0290093033136054,1.6851197857921514,1.568668571189463,1.3251423836857408,0.9388048716629565,2.450880731684648,15
1.2157911511073387,1.129775259472108,0.25064160667042007,1.1771426746826237,0.7191853958829251,1.527232013637605,0.9422889732038349,13
1.4239633027029663,1.6336050402646205,1.4460400892718634,2.45571943046277,1.764404884137596,2.2342568741497795,3.2051766109250557,15
1.0908878601499614,1.1801582375513595,1.0874205444914302,0.8773806601695749,0.5750171906064186,0.3731849832532171,1.4810717440898398,20
0.7994468479160814,0.7267114348380971,2.1632791788327292,0.5398934941701904,0.1965756517555896,0.5875731667633602,0.8345324190266338,14
0.6329091266395787,0.6763284567588458,0.9678806962312858,0.7173036660248522,0.33849122882465044,0.6103804203282692,1.3373963385202383,19
-0.11651061910468331,-0.029033236350672283,-0.22751778637015682,-0.22684471982236923,0.059165331101419354,-0.20611925729546784,-0.4944650824921779,9
0.008392671852693824,-0.029033236350672283,-0.10797793811001244,-0.1452768247167779,-0.13005543832399516,0.3230090254104176,-0.3148708255301763,10
-0.6993926435724429,-0.3313311048261805,-0.22751778637015682,-0.6968797153683401,-0.6008547336800862,-0.7671776949922257,-0.602221636669379,9
-0.3246827707003119,0.07173271980782989,0.011561910150131954,-0.5266067343354179,-0.49272857972270656,-0.4250688915185928,-0.38670852831497704,8
-0.24141391006206045,-0.23056514866767774,-0.22751778637015682,-0.2819030490186435,-0.21115005379203006,-0.014538327350233532,-0.4585462310997777,10
-0.7410270738915685,-0.6336289733016887,-0.4665974828904456,-0.7774280117851117,-0.6233810157545404,-0.6257727228897908,-0.8177347450237809,7
-0.9908336558063224,-0.9359268417771963,-0.8252170276708785,-0.9823673482379103,-0.8959490288554353,-0.9313899206595695,-0.9973290019857824,9
-0.8659303648489457,-0.7847779075394422,-0.9447568759310225,-0.9721713613497114,-0.8824332596107628,-0.8355994556869523,-0.9973290019857824,9
-0.19977947974293475,-0.12979919250917502,0.25064160667042007,-0.2329623119552886,-0.16159223322823096,-0.06927573590601484,-0.3148708255301763,9
-1.1573713770828253,-1.036692797935699,-0.8252170276708785,-1.013974907591327,-1.004075182812815,-0.9678815263634236,-0.9973290019857824,7
-1.6153501105932075,-1.4397566225697094,-1.1838365724513114,-1.3229133103037547,-1.3126852472328365,-1.31911323126302,-1.284679813124985,6
0.46637140536307575,0.6763284567588458,0.3701814549305645,0.29620940754223596,0.3204702031650871,0.4507296453739073,0.33166849953302924,10
-1.6569845409123334,-1.389373644490458,-0.9447568759310225,-1.3127173234155556,-1.2586221702541465,-1.2506914705682937,-1.2487609617325848,6
-0.4079516313385633,-0.3313311048261805,-0.4665974828904456,-0.5419007146677164,-0.4814654386854795,-0.5482280607691007,-0.38670852831497704,10
-1.199005807401951,-1.0870757760149505,-1.1838365724513114,-1.0343668813677247,-0.9229805673447802,-0.9633200756504419,-1.0332478533781828,9
-1.5320812499549563,-1.490139600648961,-1.1838365724513114,-1.3249525076813944,-1.27664319591371,-1.1685853577346217,-1.3205986645173855,6
0.008392671852693824,0.17249867596633262,-0.4665974828904456,-0.25845227917578606,-0.11653966907932267,-0.31103262369404866,-0.13527656856817477,12
-0.03324175846643189,0.07173271980782989,0.1311017584102757,-0.049434547967707854,-0.1210449254942135,-0.0738371866189966,0.33166849953302924,10
0.09166153249094526,0.4244135663625895,-0.10797793811001244,-0.043316955834788486,-0.1683501178505672,0.00370747550169357,0.08023653978622716,13
-0.4079516313385633,-0.4824800390639346,-0.4665974828904456,-0.5113127540031196,-0.3463077462387549,-0.5527895114820826,-0.4944650824921779,8
-0.9075647951680714,-0.8351608856186936,-0.9447568759310225,-0.9048778478875983,-0.8666648621586449,-0.9177055685206241,-0.8177347450237809,7
-0.24141391006206045,-0.23056514866767774,-0.3470576346303012,-0.4970383723596411,-0.37784454114299043,-0.5208593564912101,-0.5303839338845783,8
-0.3663172010194376,-0.029033236350672283,-0.22751778637015682,-0.38998051003355233,-0.3710866565206542,-0.3292784265459758,-0.20711427135297547,10
-0.03324175846643189,0.17249867596633262,0.25064160667042007,-0.03210137025776977,0.1154810362875547,0.19072695473394635,-0.06343886578337406,10
-0.53285492229594,-0.3313311048261805,-0.22751778637015682,-0.5204891422024985,-0.49047595151526113,-0.561912412908046,-0.3148708255301763,9
0.46637140536307575,0.47479654444184083,-0.4665974828904456,0.22687669670248314,0.1785546260960263,0.697047983874923,0.18799309396342823,11
0.5496402660013272,0.8274773909965999,-0.10797793811001244,0.36554211838198875,0.28217552363851506,0.40055368753110776,0.33166849953302924,11
0.2165648234483224,0.07173271980782989,-0.10797793811001244,-0.1095908706080815,-0.2584552461483837,-0.014538327350233532,0.15207424257102786,23
1.0492534298308358,0.9282433471551026,0.6092611514508532,0.6438925604298198,0.5660066777766369,0.3412548282623447,0.9063701218114345,12
-0.4912204919768143,-0.3313311048261805,-0.10797793811001244,-0.46645041169504425,-0.6166231311322041,-0.4706833986484105,-0.06343886578337406,16
-0.5744893526150657,-0.532863017143186,-0.22751778637015682,-0.639782188794426,-0.7179914004672476,-0.4843677507873559,-0.4585462310997777,11
-0.44958606165768905,-0.3313311048261805,-0.22751778637015682,-0.5082539579366598,-0.6526651824513308,-0.15138184873968655,-0.3148708255301763,13
-0.7410270738915685,-0.5832459952224374,-0.705677179410734,-0.9069170452652381,-0.9747910161160247,-0.7306860892883715,-0.8177347450237809,13
-1.4488123893167053,-1.4397566225697094,-0.705677179410734,-1.0853468158087194,-1.004075182812815,-1.0727948927620043,-1.1050855561629835,7
-1.7402534015505848,-1.6916715129659663,-1.6619959654918883,-1.4105987975422654,-1.3735062088338625,-1.360166287679856,-1.4283552186945863,8
0.5912746963204529,0.6259454786795944,0.1311017584102757,0.33087576296211235,0.198828279963035,-0.2745410179901945,0.7267758648494331,16
0.46637140536307575,0.6763284567588458,-0.10797793811001244,0.19628873603788655,0.14251257477689966,-0.142258947313723,0.2598307967482289,14
0.42473697504395,0.27326463212483537,0.25064160667042007,-0.04841494927888785,-0.2990025538824012,-0.16506620087863186,0.22391194535582856,17
0.09166153249094526,0.27326463212483537,0.3701814549305645,0.12797562388695352,-0.08049761776019605,-0.03278413020216063,0.08023653978622716,13
-0.0748761887855576,0.12211569788708126,0.011561910150131954,-0.12182605487392023,-0.49047595151526113,-0.24261086299932205,0.3675873509254296,13
-0.15814504942380903,-0.23056514866767774,-0.10797793811001244,-0.42872526020870805,-0.4882233233078157,-0.5755967650469914,-0.27895197413777595,12
-0.15814504942380903,-0.12979919250917502,0.1311017584102757,-0.3614317467465953,-0.4048760796323354,-0.2517337644252856,-0.2430331227453758,15
-1.032468086125448,-0.9863098198564477,-0.9447568759310225,-1.1036995922074775,-1.1031908239404131,-1.0682334420490227,-1.0332478533781828,10
-0.2830483403811862,-0.12979919250917502,-0.10797793811001244,-0.5592338923776545,-0.659423067073667,-0.8036693006960799,-0.1711954199605751,14
0.05002710217181954,0.27326463212483537,-0.10797793811001244,-0.18809996964721323,-0.14357120756866765,-0.44787614508350165,-0.13527656856817477,12
-1.0741025164445739,-0.8351608856186936,-0.8252170276708785,-1.0659744407211413,-1.118959221392531,-0.9770044277893872,-1.0332478533781828,8
1.1741567207882129,1.280924193709862,1.2069603927515746,1.3606704386702047,0.9827428961540383,0.9205590688110293,1.6965848524442415,17
-0.9075647951680714,-1.036692797935699,-0.8252170276708785,-0.9548381836397731,-1.0784119136585137,-0.899459765668697,-0.9973290019857824,10
-0.7826615042106942,-0.6336289733016887,-0.5861373311505896,-1.0690332367876012,-1.2023064650680113,-1.1457781041697128,-0.8536535964161812,11
-0.4079516313385633,-0.12979919250917502,-0.10797793811001244,-0.48276399071616255,-0.5084969771748244,-0.14682039802670477,-0.27895197413777595,13
0.008392671852693824,0.17249867596633262,0.1311017584102757,-0.059630534855906796,-0.11203441266443184,0.25914871542867274,0.008398837001426452,15
-0.3663172010194376,-0.1801821705884264,0.1311017584102757,-0.5021363658037404,-0.5760758233981867,-0.5436666100561189,0.11615539117862751,15
-0.8659303648489457,-0.6336289733016887,-0.5861373311505896,-0.9895045390596494,-0.9364963365894526,-0.9222670192336059,-0.8895724478085815,9
0.5496402660013272,0.5251795225210922,0.3701814549305645,0.15754398586273055,-0.14582383577611305,-0.29278682084212154,0.6908570134570328,15
-0.0748761887855576,0.12211569788708126,-0.10797793811001244,-0.4062940890546706,-0.35081300265364573,-0.48892920150033764,-0.1711954199605751,9
1.4239633027029663,1.4320731279476162,1.9241994823124402,1.473845893129213,0.9309324473827936,1.851095014259311,1.4810717440898398,13
2.2982863394046062,2.238200777215637,1.326500241011719,3.4610437376391845,2.584361551647726,3.734974158720782,2.738231542823851,23
0.71617798727783,0.8274773909965999,0.25064160667042007,0.5592658692577684,0.2956912928831876,0.1998498561599099,0.8704512704190341,23
0.34146811440569863,0.7267114348380971,0.8483408479711414,0.26154305212235957,0.1312494337396726,0.31388612398445404,0.2598307967482289,18
0.29983368408657385,0.47479654444184083,0.6092611514508532,0.06374090649130029,0.18981776713325335,-0.101205890896887,0.044317688393826805,11
1.0908878601499614,0.7770944129173485,1.326500241011719,1.6135309134975384,1.2080057168985792,1.6184610278972404,1.7684225552290422,17
0.9659845691925844,1.129775259472108,1.4460400892718634,1.1791818720602636,0.9309324473827936,1.1258243508952093,1.5529094468746405,17
0.5496402660013272,0.6259454786795944,0.7288009997109977,0.14530880159689183,-0.01967665615917013,0.0903750390483473,0.08023653978622716,11
-1.7818878318697104,-1.6916715129659663,-1.1838365724513114,-1.3932656198323274,-1.3464746703445176,-1.360166287679856,-1.392436367302186,7
-2.239866565380093,-2.2458842718377308,-1.6619959654918883,-1.5370290349559323,-1.4928955038284693,-1.483325456930364,-1.5361117728717872,6
-2.947651880805229,-2.8504800087887467,-2.0206155102723216,-1.6420476999043814,-1.578495375711395,-1.5973617247549081,-1.6582358676059483,6
1.2157911511073387,1.4320731279476162,0.7288009997109977,0.852910291637898,0.5074383443830562,0.5921346174763421,1.157802081558237,21
1.5488665936603434,1.5832220621853692,1.326500241011719,1.8307054342161753,1.255310909254933,1.4223186472390246,2.3431241775074474,17
0.29983368408657385,0.222881654045584,-0.3470576346303012,-0.05351294272298743,-0.20889742558458463,-0.08296008804495991,0.17362555340646807,13
-0.15814504942380903,-0.07941621442992365,-0.22751778637015682,-0.13202204176211918,-0.2516973615260475,0.07669068690940198,-0.15323599426437493,11
0.008392671852693824,0.222881654045584,0.6092611514508532,0.07291729469067945,0.07493372855353725,0.1268666447522015,0.09101219520394727,16
-0.6161237829341915,-0.4824800390639346,-0.8252170276708785,-0.7284872747217569,-0.7022230030151299,-0.7945463992701164,-0.6453242583402594,9
-0.0748761887855576,0.27326463212483537,0.7288009997109977,-0.4032352929882108,-0.37333928472809963,-0.6348956243157543,-0.16401164968209506,12
0.5496402660013272,0.6763284567588458,0.4897213031907089,0.2380922822795021,0.09971263883543681,0.031076179779584222,0.22391194535582856,19
1.465597733022092,1.2305412156306108,1.2069603927515746,0.9987129041391425,0.8498378319147591,0.4780983496517979,1.301477487127838,18
1.6321354542985949,1.532839084106119,0.8483408479711414,1.8307054342161753,1.2508056528400422,1.4679331543688423,2.0557733663682454,17
0.9243501388734586,0.8778603690758512,0.25064160667042007,0.514403526949693,0.5547435367394099,0.5602044624854696,0.511262756495031,11
0.2581992537674481,0.3236476102040867,-0.10797793811001244,0.1504067950409912,0.09520738242054598,0.27283306756761805,0.29574964814062926,13
0.42473697504395,0.6259454786795944,0.25064160667042007,0.6377749682969002,0.4150805878777945,0.21353420829885497,1.157802081558237,13
0.5080058356822015,0.47479654444184083,-0.3470576346303012,0.4042868685571445,0.14251257477689966,0.28651741970656336,0.08023653978622716,17
0.71617798727783,0.7770944129173485,1.6851197857921514,1.051732035957777,0.7912694985211783,0.3640620818272536,1.9839356635834444,20
1.00761899951171,1.1801582375513595,1.4460400892718634,1.2648281619211348,1.0886164219039725,0.6924865331619411,1.9120979607986437,13
0.17493039312919667,0.3236476102040867,0.8483408479711414,-0.1106104692969015,-0.27422364360050167,0.06300633477045665,0.18799309396342823,11
0.2165648234483224,0.4244135663625895,0.3701814549305645,-0.08002250863230469,-0.07373973313785981,-0.19699635586950429,0.08023653978622716,12
1.1325222904690873,1.1801582375513595,1.565579937532007,1.0965943782658523,0.6358381522074446,1.007226632357683,1.2296397843430373,18
0.38310254472482436,0.6763284567588458,1.326500241011719,0.40938486200124435,0.46914366485648445,0.0903750390483473,0.47534390510263064,18
0.6329091266395787,0.6259454786795944,1.4460400892718634,0.41244365806770367,0.1470178311917905,0.2089727575858732,0.3675873509254296,15
0.8827157085543329,0.978626325234354,0.6092611514508532,0.48177636890745645,0.45112263919692114,0.3230090254104176,0.5471816078874313,12
1.4239633027029663,1.6336050402646205,2.1632791788327292,2.1539182185720818,2.284762000057486,2.3209244376964335,1.8761791094062434,19
1.0492534298308358,1.381690149868365,0.4897213031907089,0.8437339034385186,0.5750171906064186,1.0528411394875008,1.7325037038366418,15
1.6321354542985949,1.8855199306608774,2.043739330572585,2.3252107982938237,2.0054361023342553,2.2114496205848706,3.025582353963054,16
0.29983368408657385,0.3236476102040867,0.7288009997109977,0.2360530849018623,-0.021929284366615544,0.3366933775493629,0.4394250537102303,12
-0.8659303648489457,-0.8351608856186936,-0.5861373311505896,-0.9680929665944318,-0.8869385160256535,-1.0636719913360408,-0.9614101505933821,8
-2.864383020166978,-2.8504800087887467,-2.1401553585324655,-1.643067298593201,-1.5807480039188404,-1.5973617247549081,-1.6438683270489882,3
-0.9908336558063224,-0.8351608856186936,-0.705677179410734,-0.9609557757726925,-0.9657805032862431,-0.9861273292153507,-0.9254912992009817,12
-0.19977947974293475,-0.029033236350672283,0.25064160667042007,-0.4735876025167834,-0.47921281047803405,-0.4980521029263012,-0.38670852831497704,12
-0.7410270738915685,-0.7343949294601909,-0.705677179410734,-0.9089562426428779,-0.9184753109298894,-1.0317418363451685,-0.7458970422389801,12
-1.5320812499549563,-1.3389906664112068,-1.1838365724513114,-1.2688745797963001,-1.2924115933658278,-1.2552529212812753,-1.2128421103401843,10
-0.7826615042106942,-0.6840119513809395,-0.705677179410734,-0.9109954400205177,-0.9252331955522256,-0.7763005964181893,-0.9326750694794618,8
0.09166153249094526,0.021349741728578526,0.3701814549305645,-0.402215694299391,-0.38234979755788123,-0.3566471308238664,-0.4118517242896573,12
-0.9075647951680714,-0.8351608856186936,-0.5861373311505896,-1.0200924997242462,-0.9860541571532516,-1.182269709873567,-0.954226380314902,12
-1.3655435286784539,-1.4397566225697094,-1.1838365724513114,-1.2484826060199024,-1.1865380676158932,-1.3099903298370565,-1.1876989143655043,10
-2.906017450486104,-2.7497140526302437,-2.379235055052754,-1.6277733182609029,-1.5694848628816134,-1.579115921902981,-1.6438683270489882,5
-3.0725551717626063,-2.9512459649472493,-2.737854599833187,-1.6410281012155612,-1.578495375711395,-1.6019231754678898,-1.6618277527451883,5
0.008392671852693824,0.222881654045584,0.25064160667042007,-0.18809996964721323,-0.16609748964312177,-0.1787505530175772,-0.1711954199605751,11
0.008392671852693824,-0.1801821705884264,-0.10797793811001244,-0.46543081300622424,-0.5986021054726408,-0.45243759579648346,-0.20711427135297547,16
-0.6993926435724429,-0.6336289733016887,-0.8252170276708785,-0.8161727619602677,-0.8756753749884265,-0.8903368642427335,-0.7674483530744204,11
-0.6161237829341915,-0.6336289733016887,-0.5861373311505896,-0.678526938969582,-0.7607913364087106,-0.5801582157599731,-0.7099781908465798,12
-0.3246827707003119,-0.4320970609846832,0.011561910150131954,-0.42668606283106825,-0.4499286437812437,-0.3292784265459758,-0.4441786905428176,14
-0.44958606165768905,-0.5832459952224374,-0.10797793811001244,-0.5337439251571573,-0.5760758233981867,-0.31103262369404866,-0.6201810623655791,11
-0.0748761887855576,-0.3313311048261805,0.011561910150131954,-0.36347094412423503,-0.49498120793015193,-0.3612085815368482,-0.12450091315045465,10
-0.8659303648489457,-0.6840119513809395,-0.3470576346303012,-0.7733496170298321,-0.8756753749884265,-0.621211272176809,-0.6812431097326598,11
-0.5744893526150657,-0.5832459952224374,-0.3470576346303012,-0.7753888144074719,-0.9049595416852169,-0.7170017371494263,-0.7566726976567003,16
-1.2822746680402024,-1.1878417321734531,-1.1838365724513114,-1.1985222702677276,-1.1234644778074219,-1.2370071184293483,-1.2200258806186643,10
-1.6153501105932075,-1.5909055568074635,-1.1838365724513114,-1.2882469548838782,-1.2360958881796924,-1.2734987241332023,-1.281087927985745,10
-1.865156692507962,-1.8932034252829715,-1.1838365724513114,-1.3993832119652467,-1.3622430677966355,-1.341920484827929,-1.406803907859146,7
0.8410812782352072,0.5251795225210922,0.4897213031907089,0.8376163113055994,0.8588483447445407,0.8430144066903397,1.0141266759886356,14
0.71617798727783,0.6763284567588458,0.7288009997109977,0.4277376384000022,0.37903853655866787,0.5510815610595061,0.5831004592798317,14
0.8410812782352072,0.5755625006003435,0.3701814549305645,0.29213101278695636,0.20108090817048044,0.035637630492566,0.7986135676342334,14
0.9243501388734586,0.978626325234354,1.2069603927515746,1.0252224700484596,0.9962586653987108,0.6514334767451051,1.409234041305039,17
-0.19977947974293475,-0.23056514866767774,0.3701814549305645,-0.13610043651739875,0.09070212600565515,-0.1787505530175772,-0.3507896769225767,14
0.05002710217181954,0.222881654045584,0.7288009997109977,-0.1095908706080815,-0.04220293823362427,-0.2608566658512491,-0.0275200143909739,17
-0.6577582132533172,-0.7847779075394422,-0.9447568759310225,-0.7988395842503294,-0.8846858878182082,-0.9587586249374601,-0.4944650824921779,13
0.5080058356822015,0.07173271980782989,0.3701814549305645,-0.2655894699975252,-0.2674657589781654,-0.31559407440703047,-0.3148708255301763,12
-0.6993926435724429,-0.532863017143186,0.6092611514508532,-0.802917979005609,-0.9027069134777714,-0.6896330328715357,-0.7099781908465798,16
-1.9484255531462134,-1.8428204472037202,-1.4229162689715997,-1.425892777874564,-1.3780114652487534,-1.4103422455226555,-1.392436367302186,10
0.2581992537674481,0.47479654444184083,0.7288009997109977,0.030094149760243896,-0.22691845124414795,0.0903750390483473,0.4394250537102303,15
1.0908878601499614,1.0793922813928567,0.1311017584102757,0.8590278837708172,0.752974818994606,0.9342434209499747,0.5471816078874313,15
0.46637140536307575,0.5251795225210922,1.0874205444914302,0.3838948947807466,-0.035445053611288024,0.17704260259500104,0.5831004592798317,10
0.8410812782352072,0.222881654045584,0.8483408479711414,1.1873386615708228,0.9579639858721385,1.0619640409134645,1.1218832301658366,12
0.7994468479160814,0.7770944129173485,0.7288009997109977,0.773381593909946,0.5457330239096283,1.1303858016081911,0.6549381620646324,15
0.9659845691925844,0.9282433471551026,0.25064160667042007,0.4929919544844754,0.05240744647908312,0.8202071531254308,0.8704512704190341,8
-0.15814504942380903,-0.3313311048261805,-0.5861373311505896,-0.48786198416026194,-0.4319076181216804,-0.5527895114820826,-0.5160163933276181,10
-0.19977947974293475,-0.12979919250917502,-0.4665974828904456,-0.5949198464863507,-0.6436546696215492,-0.6577028778806632,-0.4334030351250975,9
-1.7818878318697104,-1.641288534886715,-1.064296724191167,-1.3840892316329483,-1.3825167216636443,-1.337359034114947,-1.3708850564667456,7
-0.15814504942380903,-0.2809481267469291,0.1311017584102757,-0.3624513454354151,-0.2967499256749558,0.08581358833536552,-0.4944650824921779,12
-0.8659303648489457,-1.036692797935699,-0.705677179410734,-1.118993572539776,-1.195548580445675,-0.9313899206595695,-1.0296559682389428,9
-1.032468086125448,-0.9359268417771963,-0.8252170276708785,-1.1047191908962977,-1.107696080355304,-1.3099903298370565,-0.9039399883655416,10
-0.82429593452982,-0.9359268417771963,-0.3470576346303012,-0.9711517626608914,-1.107696080355304,-1.1320937520307675,-0.7818158936313805,18
-1.7818878318697104,-1.7420544910452176,-1.901075662012177,-1.4452651529621419,-1.4320745422274435,-1.3464819355409106,-1.4283552186945863,11
-0.4912204919768143,-0.5832459952224374,-0.22751778637015682,-0.6826053337248617,-0.7427703107491472,-0.7078788357234628,-0.602221636669379,18
-0.4912204919768143,-0.4824800390639346,-0.4665974828904456,-0.7182912878335579,-0.7540334517863743,-0.621211272176809,-0.5663027852769786,10
-1.4488123893167053,-1.5405225787282122,-1.3033764207114553,-1.252561000775182,-1.16851704195633,-1.223322766290403,-1.284679813124985,13
-0.03324175846643189,0.07173271980782989,0.4897213031907089,-0.4766463985832432,-0.6706862081108941,-0.35208568011088465,0.15207424257102786,15
-0.4079516313385633,-0.4320970609846832,-0.22751778637015682,-0.7101344983229988,-0.7607913364087106,-0.6075269200378637,-0.6560999137579795,12
-0.9491992254871972,-0.9359268417771963,-0.705677179410734,-1.0353864800565449,-1.0536330033766141,-1.0499876391970955,-1.0332478533781828,10
-2.1982321350609673,-2.094735337599977,-1.7815358137520325,-1.4942058900254969,-1.4208114011902162,-1.401219344096692,-1.500192921479387,6
0.42473697504395,0.4244135663625895,0.7288009997109977,0.20954351899254506,-0.006160886914497645,0.3093246732714723,0.15207424257102786,13
0.34146811440569863,0.27326463212483537,0.3701814549305645,-0.09531648896460299,-0.39586556680255375,-0.11489024303583233,0.33166849953302924,14
-2.1982321350609673,-2.1955012937584795,-1.5424561172317441,-1.4972646860919563,-1.4185587729827709,-1.4650796540784368,-1.500192921479387,6
0.05002710217181954,-0.23056514866767774,-0.3470576346303012,-0.3247261939490791,-0.31702357954196453,-0.2699795672772127,-0.4226273797073774,10
-1.5320812499549563,-1.5405225787282122,-1.064296724191167,-1.2556197968416418,-1.2541169138392556,-1.337359034114947,-1.2128421103401843,9
-0.03324175846643189,-0.2809481267469291,0.011561910150131954,-0.6193902150180282,-0.8193596698022912,-0.5984040186119002,-0.38670852831497704,11
0.9243501388734586,0.9282433471551026,0.9678806962312858,0.9854581211844841,0.7642379600318334,0.6195033217542327,1.7684225552290422,18
0.71617798727783,0.7770944129173485,0.6092611514508532,0.5266387112155319,0.297943921090633,0.46897544822583437,1.0141266759886356,11
1.1325222904690873,1.0793922813928567,0.9678806962312858,1.4157287678664787,0.8137957805956325,1.4223186472390246,2.2712864747226473,16
0.9243501388734586,0.9282433471551026,0.9678806962312858,0.9997325028279623,0.8520904601222042,1.0163495337836466,1.8043414066214427,16
-0.4912204919768143,-0.2809481267469291,-0.10797793811001244,-0.5092735566254798,-0.6819493491481212,-0.6485799764546997,-0.13527656856817477,14
-0.0748761887855576,-0.07941621442992365,0.4897213031907089,-0.022924982058390605,-0.4859706951003703,-0.22436506014739493,0.4394250537102303,23
-1.573715680274082,-1.6916715129659663,-1.064296724191167,-1.3433052840801525,-1.3397167857221814,-1.2917445269851293,-1.3205986645173855,9
-0.0748761887855576,-0.07941621442992365,0.7288009997109977,-0.06676772567764594,-0.4566865284035799,-0.046468482341105954,0.29574964814062926,16
-1.490446819635831,-1.5405225787282122,-0.9447568759310225,-1.2882469548838782,-1.299169477988164,-1.182269709873567,-1.284679813124985,9
-0.4912204919768143,-0.532863017143186,-0.3470576346303012,-0.6183706163292084,-0.7067282594300206,-0.4159459900926292,-0.6740593394541796,13
0.13329596281007097,0.07173271980782989,0.7288009997109977,0.10248565666645627,-0.09176075879742313,0.2500258140027092,0.11615539117862751,10
-0.4079516313385633,-0.532863017143186,-0.3470576346303012,-0.7468400511205149,-0.7810649902757193,-0.6713872300196085,-0.6740593394541796,9
-0.6577582132533172,-0.7343949294601909,0.011561910150131954,-0.7590752353863536,-0.8148544133874005,-0.6075269200378637,-0.7099781908465798,11
-0.19977947974293475,-0.532863017143186,0.011561910150131954,-0.6132726228851088,-0.6616756952811125,-0.2882253701291398,-0.7099781908465798,9
-0.19977947974293475,-0.2809481267469291,-0.10797793811001244,-0.5000971684261006,-0.5850863362279684,-0.49349065221331945,-0.4226273797073774,12
0.2165648234483224,0.27326463212483537,0.7288009997109977,0.11268164355465522,-0.32378146416430076,-0.14682039802670477,0.29574964814062926,14
-2.07332884410359,-2.0443523595207256,-1.4229162689715997,-1.4942058900254969,-1.4568534525093428,-1.4787640062173821,-1.500192921479387,6
-1.4488123893167053,-1.4397566225697094,-1.1838365724513114,-1.3116977247267358,-1.283401080536046,-1.2689372734202204,-1.284679813124985,7
-1.2822746680402024,-1.2382247102527046,-0.8252170276708785,-1.1393855463161737,-1.1122013367701948,-1.1138479491788404,-1.1158612115807036,9
-0.8659303648489457,-0.7847779075394422,-0.3470576346303012,-0.7458204524316949,-0.7810649902757193,-0.6440185257417179,-0.6740593394541796,10
-1.4488123893167053,-1.490139600648961,-1.1838365724513114,-1.2862077575062385,-1.2924115933658278,-1.1366552027437493,-1.284679813124985,10
-1.0741025164445739,-1.036692797935699,-0.8252170276708785,-1.1149151777844963,-1.1797801829935572,-1.0545490899100773,-1.0260640830997028,9
-1.6569845409123334,-2.094735337599977,-1.4229162689715997,-1.4870686992037574,-1.441085055057225,-1.442272400513528,-1.4858253809224269,8
-2.07332884410359,-2.094735337599977,-1.7815358137520325,-1.5023626795360558,-1.4455903114721158,-1.4331494990875644,-1.5217442323148271,5
-2.4064042866565956,-2.3970332060754846,-1.7815358137520325,-1.5625190021764295,-1.5154217859029235,-1.5198170626342178,-1.5576630837072276,6
-2.2815009956992185,-2.296267249916982,-1.901075662012177,-1.541107429711212,-1.4928955038284693,-1.4924483583563273,-1.5540711985679876,5
-2.2815009956992185,-2.2458842718377308,-1.7815358137520325,-1.5451858244664916,-1.49740076024336,-1.4787640062173821,-1.5540711985679876,5
-2.697845298890475,-2.6489480964717416,-2.1401553585324655,-1.6165577326838838,-1.5627269782592772,-1.5745544711899992,-1.6366845567705082,4
0.5080058356822015,0.6259454786795944,0.7288009997109977,0.5511090797472092,0.17179674147369006,0.4735368989388162,0.856083729862074,20
-0.6577582132533172,-0.5832459952224374,0.011561910150131954,-0.48582278678262214,-0.7067282594300206,-0.20611925729546784,-0.3507896769225767,14
-0.19977947974293475,-0.23056514866767774,-0.22751778637015682,-0.12386525225156002,-0.4364128745365712,-0.780862047131171,0.22391194535582856,13
-0.6993926435724429,-0.8351608856186936,-1.4229162689715997,-0.8477803213136844,-0.970285759701134,-0.7215631878624079,-0.7818158936313805,8
-0.0748761887855576,-0.029033236350672283,0.011561910150131954,0.04436853140372242,-0.21340268199947546,-0.31559407440703047,0.5471816078874313,17
-0.03324175846643189,-0.029033236350672283,0.011561910150131954,-0.27986385164100375,-0.375591912935545,-0.39770018724070216,-0.1711954199605751,11
-0.19977947974293475,-0.1801821705884264,-0.22751778637015682,-0.24417789753230754,-0.38009716935043586,-0.11489024303583233,-0.4226273797073774,11
-0.82429593452982,-0.8351608856186936,-0.4665974828904456,-0.9242502229751763,-0.9792962725309156,-0.6759486807325903,-0.9614101505933821,9
-0.11651061910468331,0.07173271980782989,0.011561910150131954,-0.020885784680750814,-0.25620261794093835,0.3184475746974358,-0.0275200143909739,16
-1.2822746680402024,-1.3389906664112068,-1.4229162689715997,-1.2270710335546846,-1.2000538368605658,-1.0773563434749862,-1.2128421103401843,8
0.13329596281007097,0.07173271980782989,-0.22751778637015682,-0.008650600414912083,-0.3936129385951083,0.41423803967005307,0.008398837001426452,13
0.7578124175969557,0.6763284567588458,0.7288009997109977,0.7213820607801318,0.5164488572128378,0.9935422802187378,0.008398837001426452,11
0.34146811440569863,0.3236476102040867,0.8483408479711414,0.5980106194329247,0.15152308760668132,0.17704260259500104,0.9782078245962352,20
1.00761899951171,1.0793922813928567,0.8483408479711414,1.5961977357875998,1.419752768398448,1.8556564649722929,1.0500455273810358,14
0.7578124175969557,0.6259454786795944,0.8483408479711414,0.9579289565863468,0.6944064856010254,1.4816175065077877,0.5831004592798317,14
0.6745435569587044,0.8274773909965999,0.1311017584102757,0.9609877526528066,0.7101748830531435,1.3493354358313163,0.511262756495031,14
0.5496402660013272,0.47479654444184083,0.6092611514508532,0.6775393171608762,0.09295475421310057,0.5921346174763421,0.29574964814062926,12
1.00761899951171,0.7770944129173485,0.3701814549305645,1.3463960570267264,1.0458164859625099,1.1988075623029177,1.0141266759886356,18
0.38310254472482436,0.12211569788708126,0.3701814549305645,0.36554211838198875,0.07943898496842808,0.11318229261325617,0.7267758648494331,13
-0.44958606165768905,-0.532863017143186,0.9678806962312858,-0.7906827947397703,-0.9319910801745619,-0.5847196664729548,-0.7458970422389801,8
-0.19977947974293475,0.3236476102040867,0.3701814549305645,-0.17688438407019452,-0.7067282594300206,0.1816040533079828,-0.19633861593525537,14
-0.03324175846643189,0.17249867596633262,0.1311017584102757,-0.26253067393106566,-0.686454605563012,0.0903750390483473,0.008398837001426452,13
-1.1157369467636995,-1.2382247102527046,-1.064296724191167,-1.137346348938534,-1.1234644778074219,-1.100163597039895,-1.1410044075553838,8
-0.03324175846643189,-0.07941621442992365,0.6092611514508532,0.05660371566956115,-0.38234979755788123,0.18616550402096457,-0.20711427135297547,12
0.13329596281007097,0.07173271980782989,0.8483408479711414,0.14021080815279224,-0.38009716935043586,0.5510815610595061,0.2598307967482289,14
-0.53285492229594,-0.4824800390639346,-0.10797793811001244,-0.44503883922982634,-0.7382650543342564,-0.6713872300196085,-0.0275200143909739,14
-1.4071779589975795,-1.490139600648961,-1.1838365724513114,-1.2974233430832574,-1.272137939498819,-1.3008674284110928,-1.2487609617325848,8
-0.2830483403811862,-0.07941621442992365,0.1311017584102757,-0.3369613782149178,-0.6729388363183395,-0.46612194793542877,0.09101219520394727,13
0.8827157085543329,1.0290093033136054,1.0874205444914302,0.8284399231062205,0.6853959727712436,1.5363549150635685,0.48611956052035077,11
-0.19977947974293475,-0.23056514866767774,0.1311017584102757,-0.13712003520621877,-0.5107496053822699,0.13142809546518328,-0.2502168930238559,14
-0.2830483403811862,-0.1801821705884264,-0.10797793811001244,-0.48276399071616255,-0.5287706310418332,-0.7717391457052074,-0.3974841837326971,15
-0.6993926435724429,-0.8351608856186936,-0.5861373311505896,-0.8946818609993994,-0.8846858878182082,-0.8538452585388794,-0.9039399883655416,7
-0.0748761887855576,-0.12979919250917502,0.6092611514508532,-0.14731602209441771,-0.7607913364087106,-0.09664444018390524,0.5866923444190717,10
-0.4079516313385633,-0.2809481267469291,0.1311017584102757,-0.5276263330242379,-0.8666648621586449,-0.5710353143340096,-0.3723409877580169,11
-0.8659303648489457,-0.9863098198564477,-0.9447568759310225,-1.1057387895851174,-1.1009381957329678,-0.9770044277893872,-1.1050855561629835,8
-1.032468086125448,-1.036692797935699,-0.22751778637015682,-1.091464407941639,-1.1865380676158932,-1.0317418363451685,-0.9614101505933821,9
-0.6161237829341915,-0.4824800390639346,0.4897213031907089,-0.5337439251571573,-0.8351280672544092,-0.5117364550652466,-0.09935771717577441,12
-0.03324175846643189,-0.07941621442992365,-0.22751778637015682,-0.41649007594286935,-0.6504125542438853,0.23634146186376384,-0.4944650824921779,15
-0.15814504942380903,-0.07941621442992365,0.3701814549305645,0.02601575500496432,-0.39586556680255375,-0.028222679489178858,0.33166849953302924,12
-0.24141391006206045,-0.07941621442992365,0.011561910150131954,-0.10449287716398215,-0.7112335158449115,-0.005415425924269981,0.08023653978622716,15
0.13329596281007097,0.021349741728578526,0.1311017584102757,0.3267973682068328,-0.35081300265364573,0.2956403211325269,0.8345324190266338,19
-0.3663172010194376,-0.1801821705884264,-0.3470576346303012,-0.2819030490186435,-0.6323915285843221,-0.2334879615733585,-0.27895197413777595,12
-1.6153501105932075,-1.490139600648961,-1.4229162689715997,-1.282129362750959,-1.337464157514736,-1.1913926112995306,-1.2128421103401843,9
-1.9900599834653392,-1.9939693814414743,-1.6619959654918883,-1.4676963241161796,-1.4208114011902162,-1.4057807948096737,-1.4786416106439468,5
-1.865156692507962,-1.7924374691244687,-1.5424561172317441,-1.4309907713186634,-1.3847693498710896,-1.3738506398188013,-1.4678659552262268,6
-1.7818878318697104,-1.6916715129659663,-0.8252170276708785,-1.1016603948298378,-1.0874224264882952,-1.0545490899100773,-1.1194530967199436,6
-1.5320812499549563,-1.5405225787282122,-1.5424561172317441,-1.3229133103037547,-1.283401080536046,-1.2826216255591658,-1.3385580902135856,6
-1.2406402377210768,-1.0870757760149505,-1.5424561172317441,-1.3963244158987869,-1.3532325549668538,-1.3738506398188013,-1.399620137580666,7
-0.9075647951680714,-0.8351608856186936,-0.9447568759310225,-0.7386832616099557,-0.5895915926428592,-0.6759486807325903,-0.8967562180870615,7
-0.9075647951680714,-0.9359268417771963,-0.8252170276708785,-1.0170337036577866,-0.9860541571532516,-1.004373132067278,-1.0332478533781828,6
-0.9075647951680714,-0.9359268417771963,-1.1838365724513114,-0.9507597888844935,-0.8306228108395184,-0.8857754135297518,-1.047615393935143,6
-0.8659303648489457,-0.885543863697945,-0.9447568759310225,-0.9966417298813887,-0.8328754390469638,-1.1913926112995306,-1.0368397385174228,8
-0.82429593452982,-0.9863098198564477,-0.8252170276708785,-0.9456617954403941,-0.9027069134777714,-0.8948983149557153,-0.9614101505933821,6
-0.4912204919768143,-0.3313311048261805,-0.705677179410734,-0.6703701494590228,-0.6729388363183395,-0.6166498214638272,-0.6345486029225392,8
-0.4912204919768143,-0.5832459952224374,-0.10797793811001244,-0.41241168118759,-0.45218127198868907,-0.3292784265459758,-0.4585462310997777,8
-0.44958606165768905,-0.38171408290543185,-0.705677179410734,-0.5571946950000147,-0.49272857972270656,-0.5984040186119002,-0.5447514744415384,8
-0.44958606165768905,-0.3313311048261805,-0.4665974828904456,-0.46339161562858444,-0.37333928472809963,-0.3201555251200122,-0.7458970422389801,8
-0.4079516313385633,-0.4320970609846832,-0.4665974828904456,-0.6091942281298293,-0.49047595151526113,-0.7580547935662622,-0.5483433595807784,10
-0.3663172010194376,-0.38171408290543185,-0.10797793811001244,-0.402215694299391,-0.06698184851552381,-0.7215631878624079,-0.5591190149984985,7
-0.19977947974293475,-0.07941621442992365,-0.22751778637015682,-0.11672806142982087,0.04790219006419229,-0.18787345444354073,-0.1999305010744954,8
-0.15814504942380903,-0.1801821705884264,1.0874205444914302,-0.4409604444745468,-0.4161392206695625,-0.35208568011088465,-0.480097541935218,7
0.008392671852693824,0.17249867596633262,1.2069603927515746,0.08821127502297775,0.4646384084415936,-0.0738371866189966,-0.28613574441625605,9
0.13329596281007097,0.12211569788708126,-0.4665974828904456,-0.03516016632422934,0.1470178311917905,-0.3201555251200122,-0.11013337259349451,9
0.17493039312919667,0.4244135663625895,0.25064160667042007,0.10350525535527606,0.12449154911733636,-0.27910246870317623,0.17003366826722804,11
0.34146811440569863,0.3236476102040867,0.25064160667042007,0.31456218394099406,0.3970595622182312,0.5009056032167065,0.06946088436850706,9
0.46637140536307575,0.5251795225210922,0.9678806962312858,0.6449121591186395,0.5434803957021829,0.8795060123941939,0.619019310672232,11
0.5496402660013272,0.47479654444184083,0.4897213031907089,0.5327563033484514,0.6335855239999993,0.3731849832532171,0.3819548914823897,9
0.5496402660013272,0.7267114348380971,0.4897213031907089,0.8834982523024946,0.9421955884200208,0.8384529559773579,0.6908570134570328,9
0.5912746963204529,0.8274773909965999,1.0874205444914302,0.7264800542242311,0.5524909085319645,0.19072695473394635,0.8776350406975142,10
0.6329091266395787,0.6763284567588458,-0.10797793811001244,1.2474949842111962,1.0323007167178373,0.09493648976132907,0.5651410335836315,9
0.6329091266395787,0.9282433471551026,0.3701814549305645,1.0262420687372797,1.1899846912390164,0.9388048716629565,0.7986135676342334,8
0.6329091266395787,0.7770944129173485,0.6092611514508532,0.6357357709192606,1.025542832095501,0.3366933775493629,0.35321981036846944,9
0.6745435569587044,0.6763284567588458,0.8483408479711414,0.7591072122664677,0.8115431523881869,0.8612602095422668,0.5040789862165509,10
0.8410812782352072,0.8274773909965999,0.3701814549305645,1.0221636739820001,1.3882159734942123,0.71529378672685,0.6549381620646324,10
0.8827157085543329,0.9282433471551026,1.0874205444914302,1.0874179900664733,0.9872481525689291,1.2033690130158994,1.0428617571025558,10
0.9659845691925844,1.7847539745023746,1.326500241011719,1.6685892426938125,1.636005076313208,1.3721426893962252,1.667849771330321,12
0.9659845691925844,0.9282433471551026,0.9678806962312858,1.3678076294919441,1.0525743705848458,1.2170533651548447,1.3804989601911188,11
1.0908878601499614,1.381690149868365,0.6092611514508532,1.6186289069416377,1.3341528965155223,1.0802098437653915,1.9695681230264843,12
1.1325222904690873,1.1801582375513595,1.8046596340522958,1.952037678185743,1.4107422555686664,1.6503911828881128,1.204496588368357,11
1.1325222904690873,1.280924193709862,1.4460400892718634,1.9622336650739416,1.6833102686695613,1.253544970858699,2.163529920545446,15
1.2574255814264643,1.4824561060268677,1.565579937532007,2.2354861136776734,1.5932051403717447,1.6184610278972404,1.5421337914569204,13
1.2574255814264643,1.4320731279476162,0.8483408479711414,1.7542355325546837,1.507605268488819,1.7370587464347667,1.6894010821657615,13
1.3823288723838405,1.4320731279476162,0.9678806962312858,1.6930596112254899,2.3072882821319407,0.7745926459956131,1.4415610075581993,9
1.4239633027029663,1.2305412156306108,1.4460400892718634,2.485287792438547,1.7598996277227053,2.1795194655939985,2.6628019548998108,14
1.465597733022092,1.1801582375513595,1.2069603927515746,1.575805762011202,1.5661736018823997,1.6823213378789854,1.3733151899126386,10
1.7154043149368463,1.6336050402646205,0.6092611514508532,2.422072673731714,3.1948237958654326,2.165835113455053,1.409234041305039,10
-2.65621086857135,-2.5985651183924903,-1.7815358137520325,-1.6084009431733246,-1.5289375551475959,-1.5471857669121085,-1.622317016213548,4
-2.4896731472948472,-2.3970332060754846,-1.6619959654918883,-1.5747541864422683,-1.5109165294880327,-1.5289399640601813,-1.600765705378108,4
-2.4480387169757214,-2.296267249916982,-2.1401553585324655,-1.5594602061099698,-1.5221796705252597,-1.5243785133471996,-1.5720306242641877,5
-2.07332884410359,-2.145118315679228,-1.6619959654918883,-1.5115390677354348,-1.463611337131679,-1.4468338512265098,-1.5325198877325472,4
-2.0316944137844644,-1.9939693814414743,-2.0206155102723216,-1.4738139162490989,-1.4320745422274435,-1.4057807948096737,-1.493009151200907,5
-2.0316944137844644,-1.8932034252829715,-1.4229162689715997,-1.4218143831192844,-1.321695760062618,-1.4285880483745825,-1.500192921479387,5
-1.9067911228270877,-1.8932034252829715,-1.6619959654918883,-1.433029968696303,-1.3870219780785351,-1.3966578933837102,-1.4642740700869867,6
-1.7818878318697104,-1.8428204472037202,-1.5424561172317441,-1.3738932447447492,-1.3262010164775089,-1.3099903298370565,-1.4534984146692664,6
-1.7402534015505848,-1.7420544910452176,-1.6619959654918883,-1.386128429010588,-1.3577378113817447,-1.3510433862538924,-1.3780688267452257,7
-1.5320812499549563,-1.4397566225697094,-1.6619959654918883,-1.3127173234155556,-1.337464157514736,-1.2871830762721475,-1.2128421103401843,7
-1.2822746680402024,-1.1878417321734531,-1.4229162689715997,-1.1709931056695906,-1.1324749906372036,-1.1320937520307675,-1.2128421103401843,6
-1.199005807401951,-1.2382247102527046,-1.3033764207114553,-1.2066790597782868,-1.1009381957329678,-1.278060174846184,-1.2128421103401843,6
-1.1157369467636995,-1.1374587540942018,-0.9447568759310225,-1.1210327699174156,-1.0986855675255223,-1.1092864984658586,-1.1410044075553838,7
-0.9908336558063224,-0.9863098198564477,-1.7815358137520325,-1.0364060787453646,-0.9094647981001077,-1.0454261884841136,-1.0835342453275434,6
-0.9075647951680714,-0.8351608856186936,-0.9447568759310225,-1.0098965128360473,-0.9680331314936885,-0.9952502306413143,-1.0332478533781828,7
-0.6993926435724429,-0.7343949294601909,-0.705677179410734,-0.897740657065859,-0.8306228108395184,-0.8857754135297518,-0.9183075289225017,7
-0.6993926435724429,-0.6336289733016887,-0.5861373311505896,-0.5786062674652324,-0.40712870783978083,-0.6348956243157543,-0.7782240084921405,6
-0.6993926435724429,-0.8351608856186936,-0.9447568759310225,-0.8406431304919451,-0.78557024669061,-0.8584067092518612,-0.9254912992009817,6
-0.6993926435724429,-0.532863017143186,-0.4665974828904456,-0.6805661363472219,-0.5783284516056322,-0.6440185257417179,-0.8177347450237809,7
-0.6161237829341915,-0.5832459952224374,-0.3470576346303012,-0.7162520904559181,-0.6121178747173134,-0.8355994556869523,-0.8680211369731413,6
-0.6161237829341915,-0.5832459952224374,-0.4665974828904456,-0.735624465543496,-0.7157387722598023,-0.6759486807325903,-0.7638564679351804,8
-0.5744893526150657,-0.5832459952224374,-0.4665974828904456,-0.7611144327639934,-0.7427703107491472,-0.6941944835845174,-0.72793761654278,7
-0.53285492229594,-0.5832459952224374,-0.5861373311505896,-0.7519380445646143,-0.7067282594300206,-0.6303341736027726,-0.8787967923908614,6
-0.53285492229594,-0.6336289733016887,-0.4665974828904456,-0.8426823278695849,-0.7270019132970293,-0.8401609063999341,-0.947042610036422,7
-0.53285492229594,-0.6336289733016887,-0.5861373311505896,-0.8304471436037462,-0.7652965928236014,-0.7170017371494263,-0.9183075289225017,6
-0.4912204919768143,-0.532863017143186,-0.705677179410734,-0.7233892812776573,-0.5828337080205229,-0.7306860892883715,-0.8536535964161812,7
-0.4912204919768143,-0.6840119513809395,-0.8252170276708785,-0.69891891274598,-0.5783284516056322,-0.7033173850104809,-0.8356941707199811,9
-0.4079516313385633,-0.23056514866767774,-0.705677179410734,-0.5204891422024985,-0.2179079384143663,-0.7124402864364445,-0.7387132719605001,7
-0.4079516313385633,-0.532863017143186,-0.8252170276708785,-0.735624465543496,-0.7134861440523569,-0.6303341736027726,-0.8536535964161812,8
-0.3663172010194376,-0.38171408290543185,-0.9447568759310225,-0.6428409848608858,-0.5242653746269423,-0.7215631878624079,-0.7458970422389801,8
-0.19977947974293475,-0.3313311048261805,0.1311017584102757,-0.4226076680757887,-0.38460242576532666,-0.13313604588775943,-0.6489161434794994,7
-0.19977947974293475,-0.2809481267469291,-0.705677179410734,-0.6826053337248617,-0.6368967849992129,-0.8264765542609888,-0.7638564679351804,7
-0.15814504942380903,-0.23056514866767774,-0.4665974828904456,-0.46543081300622424,-0.5422864002865057,-0.35208568011088465,-0.38670852831497704,7
-0.0748761887855576,-0.12979919250917502,-0.4665974828904456,-0.37264733232361397,-0.33504460520152785,-0.4022616379536839,-0.480097541935218,9
0.008392671852693824,0.07173271980782989,-0.10797793811001244,-0.06982652174410574,0.15602834402157215,0.07669068690940198,-0.26458443358081585,7
0.008392671852693824,0.17249867596633262,-0.3470576346303012,-0.034140567635409326,0.198828279963035,-0.09208298947092346,-0.3148708255301763,8
0.05002710217181954,0.12211569788708126,0.7288009997109977,-0.0015134095931729375,0.22811244665982514,0.2500258140027092,-0.6345486029225392,6
0.05002710217181954,0.021349741728578526,0.011561910150131954,-0.3012754241062214,-0.22466582303670254,-0.3566471308238664,-0.3974841837326971,6
0.05002710217181954,-0.029033236350672283,0.25064160667042007,0.12287763044285416,0.20783879279281667,0.42792239180899844,-0.1711954199605751,8
0.13329596281007097,0.27326463212483537,0.011561910150131954,-0.19217836440249284,-0.13230806653144056,-0.1924349051565225,-0.18556296051753526,9
0.2165648234483224,0.17249867596633262,-0.3470576346303012,0.27581743376583806,0.8475852037073135,-0.19699635586950429,-0.1711954199605751,8
0.2581992537674481,0.17249867596633262,0.011561910150131954,0.27377823638819826,0.36327013910655,0.395992236818126,0.008398837001426452,7
0.38310254472482436,0.3740305882833381,0.25064160667042007,0.3390325524726715,0.6516065496595627,0.04019908120554777,0.08382842492546719,9
0.38310254472482436,0.27326463212483537,0.011561910150131954,0.06068211042484072,0.14025994656945426,0.14055099689114683,-0.0670307509226141,8
0.42473697504395,0.4244135663625895,0.3701814549305645,0.24319027572360147,0.3137123185427509,0.2317800111507821,0.14489047229254778,7
0.46637140536307575,0.3740305882833381,0.1311017584102757,0.12083843306521437,0.22811244665982514,0.008268926214675345,0.02635826269762663,8
0.5080058356822015,0.4244135663625895,0.4897213031907089,0.15448518979627077,0.20558616458537127,0.3731849832532171,-0.03829566980869381,8
0.5496402660013272,0.5755625006003435,0.011561910150131954,0.44303161873230074,0.49617520334582915,0.7517853924307042,0.17362555340646807,7
0.5912746963204529,0.6259454786795944,0.3701814549305645,0.7111860738919326,0.8228062934254141,0.8065228009864855,0.511262756495031,9
0.5912746963204529,0.5755625006003435,0.25064160667042007,0.5052271387503141,0.593038216265982,0.3595006311142718,0.3460360400899894,9
0.5912746963204529,0.5755625006003435,0.25064160667042007,0.40122807249068515,0.2371229594896068,0.856698758829285,0.3604035806469495,11
0.6329091266395787,0.5251795225210922,0.1311017584102757,0.21158271637018486,0.17630199788858086,0.40055368753110776,0.06586899922926702,8
0.6329091266395787,0.5251795225210922,0.25064160667042007,0.8284399231062205,1.095374306526309,0.8521373081163033,0.3675873509254296,8
0.6329091266395787,0.5251795225210922,0.25064160667042007,0.852910291637898,0.7845116138988418,0.8475758574033215,0.3675873509254296,9
0.71617798727783,0.7267114348380971,0.25064160667042007,0.6540885473180185,0.9219219345530119,0.8521373081163033,0.18080932368494815,8
0.7578124175969557,0.7770944129173485,0.4897213031907089,0.6704021263391368,0.6358381522074446,0.6286262231801962,0.5471816078874313,10
0.7578124175969557,0.9282433471551026,0.6092611514508532,1.0160460818490806,1.0841111654890816,1.1030170973303004,0.8345324190266338,10
0.7578124175969557,0.6259454786795944,0.3701814549305645,0.7570680148888277,0.6718802035265712,1.271790773710626,0.3819548914823897,8
0.7994468479160814,1.0290093033136054,0.8483408479711414,0.9008314300124327,0.8205536652179685,1.2991594779885167,0.6010598849760319,9
0.7994468479160814,0.7770944129173485,0.8483408479711414,0.7886755742422445,0.8363220626700867,0.6605563781710687,0.762694716241833,10
0.7994468479160814,0.6763284567588458,0.4897213031907089,1.0109480884049813,1.473815845377138,0.4780983496517979,0.6369787363684323,9
0.8410812782352072,0.7267114348380971,0.7288009997109977,1.0741632071118146,1.4039843709463304,0.7973998995605219,0.716000209431713,10
0.8410812782352072,0.8274773909965999,0.6092611514508532,0.6082066063211233,0.5299646264575103,0.5100285046426701,0.5723248038621116,9
0.8410812782352072,0.8274773909965999,0.8483408479711414,0.5684422574571474,0.401564818633122,0.32757047612339935,0.8668593852797941,8
0.8827157085543329,0.8778603690758512,1.4460400892718634,1.2169070235465997,1.3499212939676406,1.417757196526043,1.0141266759886356,11
0.8827157085543329,0.8778603690758512,0.1311017584102757,0.6489905538739191,0.8385746908775318,0.7791540967085948,0.35681169550770947,9
0.8827157085543329,0.7267114348380971,0.6092611514508532,0.9324389893658495,1.102132191148645,0.8247686038384127,0.7986135676342334,8
0.9243501388734586,0.8778603690758512,0.9678806962312858,1.5645901764341834,1.1607005245422257,1.2444220694327355,0.9422889732038349,11
0.9243501388734586,0.8778603690758512,1.326500241011719,0.9548701605198869,0.8858798832338858,1.0756483930524097,0.9422889732038349,11
1.00761899951171,0.8274773909965999,0.4897213031907089,0.8610670811484566,0.7935221267286235,1.4040728443870976,0.5579572633051515,9
1.00761899951171,0.9282433471551026,0.8483408479711414,1.3902388006459814,1.4152475119835572,1.7781118028516025,0.9961672502924354,12
1.0492534298308358,0.9282433471551026,1.0874205444914302,1.2495341815888363,1.7193523199886878,1.0482796887745192,0.7339596351279132,9
1.2157911511073387,1.129775259472108,1.2069603927515746,1.6512560649838743,2.036972897238491,1.7188129435828396,1.0931481490519164,9
1.3823288723838405,1.381690149868365,1.565579937532007,2.2517996926987913,1.9198362304513295,2.266187029140652,1.8618115688492833,13
1.3823288723838405,1.3313071717891136,1.0874205444914302,1.797058677485119,1.8612678970577488,1.8693408171112382,1.391274615608839,8
1.4239633027029663,1.4320731279476162,0.3701814549305645,2.081526711665869,1.8364889867758494,2.3847847476781783,1.2835180614316377,10
1.4239633027029663,1.1801582375513595,0.8483408479711414,1.8623129935695921,1.5166157813186005,1.9012709721021106,1.9120979607986437,12
1.465597733022092,1.683988018343872,1.565579937532007,1.9754884480286006,1.6675418712174437,1.9423240285189465,1.9947113190011643,13
1.5072321633412178,1.532839084106119,1.565579937532007,3.1653601178814155,2.847919051918839,2.918474481097045,2.7669666239377713,10
2.0068453271707263,1.7847539745023746,0.9678806962312858,3.2000264733012926,3.462886552551436,3.023387847495626,2.1168354137353256,12
2.048479757489852,1.9359029087401287,1.8046596340522958,2.785049806951596,3.1182344368122887,2.7497008047167197,2.4796158127985684,10
-2.531307577613973,-2.4977991622339872,-2.1401553585324655,-1.5900481667745665,-1.5221796705252597,-1.556308668338072,-1.607949475656588,4
-2.07332884410359,-2.0443523595207256,-1.6619959654918883,-1.4748335149379186,0.6110592419255453,-1.4742025555044003,-1.489417266061667,5
-1.9484255531462134,-1.9939693814414743,-1.901075662012177,-1.4768727123155585,-1.4320745422274435,-1.4468338512265098,-1.4642740700869867,5
-1.6153501105932075,-1.6916715129659663,-1.5424561172317441,-1.357579665723631,-1.283401080536046,-1.3464819355409106,-1.3708850564667456,6
-1.4071779589975795,-1.2382247102527046,-1.064296724191167,-1.2260514348658647,-1.188790695823339,-1.2141998648644394,-1.2020664549224644,6
-1.2406402377210768,-1.1878417321734531,-0.9447568759310225,-1.243384612575803,-1.2023064650680113,-1.3008674284110928,-1.1769232589477843,6
-0.9075647951680714,-0.9359268417771963,-0.9447568759310225,-0.946681394129214,-0.8238649262171821,-0.9222670192336059,-1.0332478533781828,8
-0.82429593452982,-0.7847779075394422,-0.5861373311505896,-1.0241708944795258,-1.0266014648872692,-0.9450742727985147,-0.9757776911503422,6
-0.82429593452982,-0.6840119513809395,-0.9447568759310225,-0.9731909600385312,-0.8869385160256535,-0.899459765668697,-1.0404316236566629,7
-0.7826615042106942,-0.885543863697945,-0.9447568759310225,-0.9833869469267302,-0.8824332596107628,-0.9177055685206241,-1.069166704770583,7
-0.6993926435724429,-0.6840119513809395,-0.9447568759310225,-0.8600155055795231,-0.6774440927332304,-0.9770044277893872,-0.9757776911503422,7
-0.6993926435724429,-0.7343949294601909,-0.5861373311505896,-0.8304471436037462,-0.8396333236693,-0.9496357235114966,-0.9039399883655416,7
-0.53285492229594,-0.6336289733016887,-0.705677179410734,-0.9242502229751763,-0.9319910801745619,-1.118409399891822,-0.8177347450237809,7
-0.53285492229594,-0.38171408290543185,-0.4665974828904456,-0.6020570373080901,-0.4274023617067895,-0.662264328593645,-0.7494889273782201,6
-0.4912204919768143,-0.532863017143186,-0.8252170276708785,-0.7886435973621305,-0.6796967209406758,-0.7580547935662622,-0.8644292518339013,7
-0.4079516313385633,-0.4320970609846832,-0.9447568759310225,-1.4218143831192844,-0.7067282594300206,-0.8492838078258976,-0.8321022855807411,7
-0.4079516313385633,-0.3313311048261805,-0.5861373311505896,-0.6285666032174073,-0.5693179387758505,-0.561912412908046,-0.6704674543149396,7
-0.3246827707003119,-0.3313311048261805,-0.22751778637015682,-0.5612730897552943,-0.4206444770844533,-0.6257727228897908,-0.5878540961124188,8
-0.2830483403811862,-0.3313311048261805,-0.3470576346303012,-0.5796258661540524,-0.36207614369087254,-0.5984040186119002,-0.7818158936313805,8
-0.2830483403811862,-0.2809481267469291,-0.705677179410734,-0.5602534910664743,-0.2967499256749558,-0.7306860892883715,-0.6381404880617793,8
-0.24141391006206045,-0.2809481267469291,-0.4665974828904456,-0.6458997809273455,-0.5693179387758505,-0.5482280607691007,-0.7387132719605001,7
-0.19977947974293475,-0.1801821705884264,-0.3470576346303012,-0.5011167671149207,-0.29449729746751035,-0.4433146943705199,-0.5627109001377386,8
-0.19977947974293475,-0.2809481267469291,-0.4665974828904456,-0.5143715500695791,-0.3891076821802175,-0.4159459900926292,-0.6740593394541796,9
-0.15814504942380903,-0.07941621442992365,-0.10797793811001244,-0.2156291342453505,0.07943898496842808,-0.2882253701291398,-0.4369949202643375,7
-0.11651061910468331,-0.12979919250917502,0.3701814549305645,-0.5898218530422513,-0.5084969771748244,-0.6577028778806632,-0.5160163933276181,8
-0.11651061910468331,-0.23056514866767774,0.25064160667042007,-0.41547047725404956,-0.22466582303670254,-0.561912412908046,-0.4765056567959779,8
-0.0748761887855576,-0.07941621442992365,-0.3470576346303012,-0.48174439202734254,-0.4251497334993441,-0.5755967650469914,-0.508832623049138,9
-0.03324175846643189,-0.12979919250917502,-0.10797793811001244,-0.39915689823293127,-0.27422364360050167,-0.46612194793542877,-0.4585462310997777,9
0.17493039312919667,0.222881654045584,0.011561910150131954,0.006643379917386216,0.34299648523954124,-0.09664444018390524,-0.2717682038592959,9
0.17493039312919667,0.12211569788708126,0.1311017584102757,-0.10347327847516213,0.06817584393120102,-0.23804941228634027,-0.2430331227453758,7
0.17493039312919667,0.12211569788708126,-0.4665974828904456,-0.08614010076522405,0.1965756517555896,0.04019908120554777,-0.4944650824921779,7
0.17493039312919667,-0.07941621442992365,0.011561910150131954,-0.10347327847516213,0.03889167723441063,0.31388612398445404,-0.4226273797073774,9
0.2165648234483224,0.12211569788708126,-0.22751778637015682,-0.39303930610001186,-0.29449729746751035,-0.33383987725895753,-0.4549543459605377,8
0.2165648234483224,0.3236476102040867,-0.10797793811001244,0.030094149760243896,0.336238600617205,0.17248115188201926,-0.38670852831497704,8
0.2581992537674481,0.17249867596633262,-0.22751778637015682,-0.3685689375683344,-0.3418024898238641,-0.43419179294455634,-0.20352238621373542,8
0.34146811440569863,0.222881654045584,-0.22751778637015682,-0.09123809420932341,-0.04445556644106968,0.0721292361964202,-0.18556296051753526,9
0.38310254472482436,0.4244135663625895,0.9678806962312858,0.16162238061801015,0.18981776713325335,0.33213192683638115,0.11615539117862751,9
0.38310254472482436,0.4244135663625895,-0.10797793811001244,0.39001248691366625,0.8408273190849774,0.21353420829885497,0.08023653978622716,9
0.38310254472482436,0.222881654045584,0.4897213031907089,-0.03617976501304911,0.12674417732478177,-0.19699635586950429,-0.07421452120109416,9
0.42473697504395,0.7267114348380971,0.25064160667042007,0.13919120946397248,0.28893340826085134,0.0903750390483473,0.06586899922926702,8
0.46637140536307575,0.47479654444184083,-0.22751778637015682,0.04742732747018199,0.22811244665982514,-0.0738371866189966,-0.09935771717577441,8
0.5080058356822015,0.4244135663625895,0.25064160667042007,0.22279830194720357,0.48491206230860234,0.2044113068728917,-0.09935771717577441,7
0.5080058356822015,0.27326463212483537,0.011561910150131954,-0.2717070621304446,-0.22917107945159337,-0.4706833986484105,-0.10294960231501445,8
0.5496402660013272,0.6259454786795944,0.25064160667042007,0.06578010386894008,0.24162821590449762,-0.15138184873968655,0.07305276950774708,8
0.5496402660013272,0.5251795225210922,0.011561910150131954,0.3573853288714296,0.615564498340436,0.32757047612339935,0.15207424257102786,9
0.5496402660013272,0.5251795225210922,0.4897213031907089,0.37267930920372816,0.3857964211810041,0.7381010402917588,0.12693104659634763,8
0.5912746963204529,0.5755625006003435,0.25064160667042007,0.5541678758136691,0.8205536652179685,-0.13313604588775943,0.18799309396342823,8
0.5912746963204529,0.6259454786795944,0.6092611514508532,0.5694618561459676,0.5952908444734274,0.4735368989388162,0.6872651283177927,9
0.5912746963204529,0.5251795225210922,0.011561910150131954,0.04742732747018199,0.2799228954310697,0.4096765889570713,-0.08499017661881426,9
0.6329091266395787,0.8274773909965999,1.6851197857921514,2.36293594978016,2.9087400135198647,2.1749580148810166,1.8115251768999228,10
0.6745435569587044,0.7267114348380971,0.25064160667042007,0.5103251321944136,0.41057533146290365,0.9388048716629565,0.3891386617608698,10
0.7578124175969557,0.6763284567588458,0.7288009997109977,0.4613843951310586,0.827311549840305,0.5966960681893239,-0.031111899530213937,9
0.7578124175969557,0.4244135663625895,0.25064160667042007,0.7529896201335481,1.5661736018823997,0.2637101661416545,0.08382842492546719,7
0.7578124175969557,0.6259454786795944,0.3701814549305645,0.5205211190826127,1.0323007167178373,0.25914871542867274,0.05150145867230688,9
0.7578124175969557,0.6763284567588458,0.8483408479711414,0.5592658692577684,0.46914366485648445,1.1760003087380089,0.24187137105202874,10
0.7994468479160814,0.8274773909965999,0.3701814549305645,0.5531482771248493,0.6561118060744535,0.6103804203282692,0.511262756495031,9
0.7994468479160814,0.7267114348380971,0.25064160667042007,0.5562070731913087,0.6178171265478815,0.5693273639114332,0.47534390510263064,10
0.8410812782352072,0.8778603690758512,1.0874205444914302,1.1312607336857285,1.5819419993345178,1.093894195904337,0.762694716241833,11
0.8410812782352072,0.8274773909965999,0.3701814549305645,0.5837362377894459,0.5615014213617462,0.8795060123941939,0.5076708713557909,9
0.8410812782352072,0.7267114348380971,0.1311017584102757,0.5225603164602522,0.47364892127137526,0.5830117160503785,0.6333868512291922,10
0.8827157085543329,0.978626325234354,0.25064160667042007,0.994634509383863,1.2305319989730332,0.6012575189023056,0.9422889732038349,11
0.8827157085543329,1.0290093033136054,0.8483408479711414,1.0456144438248574,1.343163409345304,0.7426624910047407,0.9782078245962352,10
0.8827157085543329,0.5755625006003435,0.25064160667042007,0.4042868685571445,0.80028001135096,0.06756778548343842,-0.45136246082129766,8
1.00761899951171,1.0793922813928567,0.4897213031907089,0.7254604555354113,0.6606170624893444,1.189684660876954,0.6908570134570328,9
1.00761899951171,0.7267114348380971,0.25064160667042007,0.7407544358677094,1.1088900757709814,0.7198552374398318,0.33166849953302924,9
1.00761899951171,1.129775259472108,0.9678806962312858,0.9303997919882095,0.9827428961540383,1.5637236193414592,0.5615491484443915,9
1.0492534298308358,1.0793922813928567,-0.3470576346303012,0.7173036660248522,0.7394590497499336,0.9342434209499747,0.6369787363684323,9
1.0492534298308358,1.129775259472108,0.8483408479711414,0.8906354431242339,1.151690011712444,0.8840674631071757,0.6980407837355128,9
1.0492534298308358,1.280924193709862,0.8483408479711414,0.9395761801875889,1.1269111014305448,0.8749445616812122,0.755510945963353,10
1.0492534298308358,1.0290093033136054,0.3701814549305645,1.1791818720602636,1.631499819898317,1.071086942339428,0.6908570134570328,9
1.0492534298308358,0.8274773909965999,0.3701814549305645,0.5980106194329247,0.8363220626700867,0.4324838425219802,0.47893579024187066,9
1.1325222904690873,1.0793922813928567,0.6092611514508532,1.259730168477035,1.507605268488819,1.071086942339428,0.9817997097354753,10
1.1741567207882129,0.978626325234354,0.6092611514508532,1.060908424157156,1.0773532808667456,1.2489835201457171,0.8704512704190341,9
1.2157911511073387,0.9282433471551026,1.4460400892718634,0.8977726339459728,0.9759850115317018,1.0756483930524097,0.8057973379127135,11
1.2157911511073387,1.0290093033136054,0.9678806962312858,1.7358827561559254,2.5528247567434907,1.0665254916264462,1.1111075747481165,13
1.2574255814264643,1.4320731279476162,1.2069603927515746,1.4728262944403927,1.5819419993345178,1.7142514928698578,1.2440073248999974,13
1.29906001174559,1.129775259472108,0.6092611514508532,1.3229452871838687,1.6427629609355439,0.897751815246121,1.2009047032291174,11
1.29906001174559,1.2305412156306108,0.9678806962312858,1.4279639521323175,1.8207205893237313,1.1942461115899359,1.1757615072544372,11
1.465597733022092,1.1801582375513595,0.8483408479711414,1.8959597503006484,2.320804051376613,1.6503911828881128,1.660666001051841,10
1.465597733022092,1.4320731279476162,1.4460400892718634,1.4157287678664787,1.5031000120739282,1.1440701537471363,1.4487447778366793,13
1.6737698846177205,1.2305412156306108,1.2069603927515746,1.8409014211043744,2.120320140913971,1.9833770849357826,1.1937209329506373,11
1.6737698846177205,1.4320731279476162,1.4460400892718634,1.3892192019571616,2.3162987949617224,2.243379775575743,1.9372411567733236,9
1.757038745255972,1.6336050402646205,0.8483408479711414,2.1437222316838827,2.4784880258977915,1.8830251692501834,1.7899738660644824,11
1.7986731755750978,1.683988018343872,1.9241994823124402,2.4128962855323346,2.3973934104297565,3.155669918172097,1.667849771330321,12
1.8819420362133492,1.4824561060268677,1.8046596340522958,2.7983045899062544,3.1632870009611973,3.128301213894207,2.080916562342925,11
-2.7811141595287268,-2.6993310745509924,-2.6183147515730427,-1.625734120883263,-1.5627269782592772,-1.6019231754678898,-1.6402764419097482,3
-2.6145764382522243,-2.5985651183924903,-2.25969520679261,-1.6084009431733246,-1.5582217218443863,-1.5745544711899992,-1.6402764419097482,4
-2.2815009956992185,-2.3466502279962334,-1.901075662012177,-1.5604798047987898,-1.4951481320359148,-1.5745544711899992,-1.5720306242641877,4
-1.9484255531462134,-1.9435864033622228,-1.7815358137520325,-1.489107896581397,-1.4275692858125526,-1.4559567526524733,-1.493009151200907,5
-1.573715680274082,-1.5909055568074635,-1.4229162689715997,-1.3494228762130718,-1.3149378754402818,-1.3510433862538924,-1.3026392388211852,6
-1.5320812499549563,-1.641288534886715,-1.3033764207114553,-1.2790705666844993,-1.1662644137488847,-1.3008674284110928,-1.3349662050743456,6
-1.490446819635831,-1.5405225787282122,-1.064296724191167,-1.3167957181708352,-1.2811484523286005,-1.2963059776981112,-1.284679813124985,6
-1.4071779589975795,-1.5405225787282122,-1.4229162689715997,-1.308638928660276,-1.2676326830839282,-1.1868311605865487,-1.2990473536819451,7
-1.3655435286784539,-1.490139600648961,-1.4229162689715997,-1.3239329089925744,-1.2856537087434914,-1.360166287679856,-1.284679813124985,5
-1.2822746680402024,-1.3389906664112068,-1.1838365724513114,-1.2688745797963001,-1.1865380676158932,-1.2871830762721475,-1.2990473536819451,7
-1.2406402377210768,-1.1878417321734531,0.011561910150131954,-1.0782096249869801,-0.988306785360697,-1.0773563434749862,-1.1230449818591837,8
-1.2406402377210768,-1.3389906664112068,-1.064296724191167,-1.221973040110585,-1.191043324030784,-1.1503395548826945,-1.2415771914541047,7
-1.1573713770828253,-1.0870757760149505,-0.3470576346303012,-0.9905241377484694,-0.8508964647065269,-0.9770044277893872,-1.1338206372769037,7
-1.1573713770828253,-1.2382247102527046,-1.3033764207114553,-1.1924046781348083,-1.0716540290361773,-1.2415685691423302,-1.2272096508971444,8
-1.0741025164445739,-0.885543863697945,-0.9447568759310225,-1.062915644654682,-0.9477594776266798,-1.1594624563086582,-1.069166704770583,8
-1.032468086125448,-1.036692797935699,-0.9447568759310225,-0.993582933814929,-0.8261175544246275,-1.0773563434749862,-1.0943099007452635,7
-0.9908336558063224,-1.036692797935699,-0.9447568759310225,-1.137346348938534,-1.184285439408448,-1.0910406956139316,-1.061982934492103,7
-0.9908336558063224,-0.9863098198564477,-0.705677179410734,0.16570077537328973,0.25514398514917014,0.2454643632897274,-1.0009208871250224,8
-0.9908336558063224,-1.036692797935699,-0.9447568759310225,-1.1434639410714533,-1.1031908239404131,-1.1640239070216398,-1.1050855561629835,7
-0.9908336558063224,-1.0870757760149505,-1.1838365724513114,-1.1016603948298378,-0.9973172981904788,-1.0682334420490227,-1.1661476035300642,6
-0.9491992254871972,-0.9359268417771963,-0.9447568759310225,-1.0782096249869801,-1.0603908879989503,-1.122970850604804,-0.9973290019857824,8
-0.9491992254871972,-0.8351608856186936,-0.705677179410734,-1.0251904931683455,-1.0220962084723784,-0.9633200756504419,-0.9901452317073024,8
-0.9075647951680714,-0.7343949294601909,-0.9447568759310225,-0.9599361770838726,-0.8576543493288632,-1.0363032870581501,-0.9614101505933821,7
-0.8659303648489457,-0.8351608856186936,-0.5861373311505896,-1.0496608617000232,-1.0356119777170507,-1.0682334420490227,-0.9973290019857824,8
-0.8659303648489457,-0.9359268417771963,-0.705677179410734,-0.869191893778902,-0.7833176184831647,-0.8903368642427335,-0.9865533465680624,8
-0.7826615042106942,-0.6840119513809395,-0.705677179410734,-0.946681394129214,-0.9027069134777714,-0.8675296106778246,-0.9614101505933821,7
-0.6577582132533172,-0.4824800390639346,-0.705677179410734,-0.8263687488484666,-0.7990860159352826,-0.9496357235114966,-0.7099781908465798,9
-0.6161237829341915,-0.8351608856186936,-0.5861373311505896,-0.8120943672049881,-0.6121178747173134,-0.9313899206595695,-0.8859805626693414,8
-0.6161237829341915,-0.7343949294601909,-1.064296724191167,-0.975230157416171,-0.8914437724405444,-1.0773563434749862,-0.8644292518339013,7
-0.5744893526150657,-0.6840119513809395,-0.5861373311505896,-0.69891891274598,-0.4431707591589074,-1.0499876391970955,-0.7710402382136604,8
-0.53285492229594,-0.5832459952224374,-0.9447568759310225,-0.7295068734105767,-0.4837180668929249,-0.9450742727985147,-0.8321022855807411,8
-0.53285492229594,-0.6336289733016887,-0.8252170276708785,-0.8437019265584048,-0.7765597338608284,-0.8538452585388794,-0.9254912992009817,8
-0.4079516313385633,-0.532863017143186,-0.5861373311505896,-0.6306058005950471,-0.36207614369087254,-0.8447223571129159,-0.7638564679351804,7
-0.3663172010194376,-0.3313311048261805,-0.4665974828904456,-0.48786198416026194,-0.4769601822705886,-0.4798063000743741,-0.480097541935218,11
-0.3246827707003119,-0.2809481267469291,-0.3470576346303012,-0.6265274058397675,-0.621128387547095,-0.5710353143340096,-0.5663027852769786,8
-0.3246827707003119,-0.4320970609846832,0.011561910150131954,-0.7774280117851117,-0.7652965928236014,-0.8036693006960799,-0.05984698064413402,8
-0.2830483403811862,-0.4320970609846832,-0.3470576346303012,-0.5510771028670953,-0.4837180668929249,-0.4980521029263012,-0.5555271298592585,10
-0.15814504942380903,-0.23056514866767774,-0.3470576346303012,-0.4746072012056034,-0.5152548617971606,-0.7626162442792439,-0.20711427135297547,9
-0.15814504942380903,-0.2809481267469291,-0.10797793811001244,-0.5918610504198911,-0.4274023617067895,-0.780862047131171,-0.5303839338845783,9
-0.11651061910468331,-0.23056514866767774,0.1311017584102757,-0.12692404831801982,0.17630199788858086,-0.3703314829628115,-0.4190354945681373,8
-0.0748761887855576,-0.12979919250917502,-0.10797793811001244,-0.6377429914167863,-0.7112335158449115,-0.4433146943705199,-0.5519352447200184,9
-0.0748761887855576,0.021349741728578526,0.011561910150131954,-0.19013916702485303,-0.23818159228137503,-0.39770018724070216,-0.27895197413777595,7
-0.0748761887855576,-0.1801821705884264,-0.705677179410734,-0.6071550307521895,-0.5310232592492786,-0.7534933428532804,-0.5555271298592585,8
0.008392671852693824,-0.23056514866767774,-0.22751778637015682,-0.45217603005156576,-0.5580547977386235,-0.5071750043522647,-0.3148708255301763,8
0.008392671852693824,0.07173271980782989,0.25064160667042007,-0.2513150883540467,-0.1368133229463314,-0.3064711729810669,-0.28613574441625605,10
0.008392671852693824,-0.07941621442992365,-0.22751778637015682,-0.3757061283900738,-0.0647292203080784,-0.47524484936139233,-0.27895197413777595,8
0.008392671852693824,-0.3313311048261805,-0.4665974828904456,-0.402215694299391,-0.2471921051111567,-0.6075269200378637,-0.3507896769225767,9
0.09166153249094526,0.222881654045584,0.3701814549305645,-0.09021849552050362,-0.13906595115377682,-0.10576734160986878,0.044317688393826805,10
0.17493039312919667,0.3236476102040867,0.25064160667042007,0.24217067703478168,0.029881164404628978,0.532835758207579,0.2598307967482289,8
0.2165648234483224,0.222881654045584,0.1311017584102757,-0.2380603053993882,-0.25620261794093835,-0.2608566658512491,-0.09935771717577441,10
0.2165648234483224,0.17249867596633262,0.1311017584102757,0.12491682782049394,0.3294807159948688,-0.08752153875794168,-0.02033624411249383,10
0.2165648234483224,0.12211569788708126,0.3701814549305645,0.1697791701285693,0.6110592419255453,-0.0008539752112882052,-0.2430331227453758,9
0.2165648234483224,0.17249867596633262,-0.10797793811001244,-0.3522553585472161,-0.46119178481847073,-0.09664444018390524,-0.25740066330233574,10
0.2165648234483224,0.5755625006003435,0.25064160667042007,0.21871990719192422,0.5479856521170736,-0.060152834480051286,0.0335420329761067,9
0.2581992537674481,0.27326463212483537,0.1311017584102757,-0.267628667375165,-0.4386655027440166,-0.21068070800844962,0.008398837001426452,11
0.2581992537674481,0.3740305882833381,0.8483408479711414,0.6479709551850994,0.8633536011594316,0.5784502653373967,0.2849739927229092,8
0.29983368408657385,0.3236476102040867,0.011561910150131954,-0.007631001726092303,0.19207039534069878,-0.37945438438877505,0.044317688393826805,10
0.29983368408657385,0.27326463212483537,-0.10797793811001244,-0.22174672637826986,-0.1368133229463314,-0.7078788357234628,0.08742031006470723,11
0.34146811440569863,0.222881654045584,0.25064160667042007,-0.01476819254783145,-0.12329755370165892,-0.11032879232285056,0.3675873509254296,11
0.38310254472482436,0.3740305882833381,0.3701814549305645,0.3838948947807466,0.752974818994606,0.1998498561599099,0.18799309396342823,10
0.42473697504395,0.27326463212483537,0.3701814549305645,0.14021080815279224,0.2348703312821614,0.4735368989388162,-0.06343886578337406,9
0.46637140536307575,0.3236476102040867,0.8483408479711414,0.8090675480186424,0.8160484088030776,0.8202071531254308,0.6297949660899521,10
0.46637140536307575,0.5755625006003435,0.1311017584102757,0.3216993747627334,0.4984278315532746,0.3184475746974358,0.08023653978622716,11
0.46637140536307575,0.17249867596633262,0.25064160667042007,0.03111374844906368,0.023123279782292734,0.04019908120554777,0.22750383049506862,9
0.5080058356822015,0.5251795225210922,0.1311017584102757,0.036211741893163264,-0.09176075879742313,-0.12401314446179589,0.40350620231782997,10
0.5080058356822015,0.5755625006003435,0.6092611514508532,0.11472084093229501,0.19432302354814418,-0.16506620087863186,0.25264702646974885,10
0.5080058356822015,0.12211569788708126,0.1311017584102757,-0.31656940443851994,-0.3147709513345191,-0.42050744080561103,-0.13527656856817477,9
0.5080058356822015,0.47479654444184083,-0.22751778637015682,0.0953484658447169,0.23261770307471596,0.23634146186376384,-0.09935771717577441,8
0.5496402660013272,0.6259454786795944,0.1311017584102757,0.19322993997142676,0.42859635712246696,-0.06927573590601484,0.10897162090014745,9
0.5496402660013272,0.6763284567588458,0.011561910150131954,0.3023269996751553,0.4646384084415936,0.1998498561599099,0.2598307967482289,10
0.5912746963204529,0.6763284567588458,0.011561910150131954,0.4114240593788839,0.5997961008883181,0.33213192683638115,0.28138210758366916,10
0.6329091266395787,0.7267114348380971,-1.1838365724513114,0.4511884082428599,0.43985949815969405,0.8019613502735037,0.29574964814062926,8
0.6329091266395787,0.8778603690758512,1.0874205444914302,0.5827166391006261,0.6583644342818987,0.7563468431436859,0.9207376623683946,11
0.6329091266395787,0.4244135663625895,0.1311017584102757,0.0984072619111767,0.3294807159948688,-0.2334879615733585,0.008398837001426452,9
0.6329091266395787,1.0290093033136054,1.0874205444914302,0.9303997919882095,1.1269111014305448,0.856698758829285,0.5471816078874313,9
0.71617798727783,0.7267114348380971,1.0874205444914302,0.9742425356074651,1.4873316146218105,1.011788083070665,0.3675873509254296,10
0.71617798727783,0.4244135663625895,-0.22751778637015682,0.08923087371179776,0.133502061947118,-0.08296008804495991,0.23827948591278872,11
0.7578124175969557,0.5251795225210922,0.25064160667042007,0.40326726986832473,0.604301357303209,0.18616550402096457,0.2562389116089889,10
0.7994468479160814,0.5755625006003435,0.011561910150131954,0.6765197184720564,1.0863637936965274,0.35493918040129,0.4897114456595908,9
0.7994468479160814,0.7267114348380971,0.6092611514508532,0.3747185065813677,0.7800063574839511,2.3346087898353787,0.611835540393752,10
0.8410812782352072,0.9282433471551026,0.011561910150131954,0.5449914876142902,0.8340694344626409,0.32757047612339935,0.40350620231782997,10
0.8410812782352072,0.8274773909965999,0.6092611514508532,0.7672640017770269,0.7124275112605887,1.1851232101639724,0.7734703716595531,10
0.8827157085543329,0.978626325234354,0.8483408479711414,0.7998911598192635,0.8813746268189949,0.6514334767451051,0.7267758648494331,12
0.8827157085543329,0.6763284567588458,0.3701814549305645,0.35024813804969024,0.41733321608523993,0.6514334767451051,0.18799309396342823,10
0.8827157085543329,0.6259454786795944,0.25064160667042007,0.6255397840310615,0.8092905241807417,0.4735368989388162,0.5220384119127511,12
0.8827157085543329,1.1801582375513595,1.326500241011719,0.9885169172509434,0.604301357303209,0.6924865331619411,1.6247471496594412,10
0.9659845691925844,0.978626325234354,0.3701814549305645,0.7478916266894488,0.8881325114413309,0.27739451828059986,0.7698784865203131,11
0.9659845691925844,0.7770944129173485,0.25064160667042007,0.5490698823695698,0.7214380240903703,0.3777464339661989,0.5651410335836315,10
0.9659845691925844,0.8778603690758512,0.7288009997109977,0.6326769748528008,0.8115431523881869,0.9251205195240112,0.33166849953302924,10
0.9659845691925844,0.8778603690758512,0.7288009997109977,0.811106745396282,0.5885329598510911,1.791796154990548,0.3496279252292294,11
0.9659845691925844,1.0793922813928567,-1.4229162689715997,0.4348748292217416,0.7011643702233618,-0.046468482341105954,-0.4585462310997777,10
1.0492534298308358,1.129775259472108,0.3701814549305645,1.0996531743323121,1.1674584091645621,0.9798579280797924,0.9063701218114345,9
1.0492534298308358,1.0290093033136054,0.8483408479711414,1.2587105697882153,1.3026161016112865,0.8202071531254308,1.51699059548224,12
1.1325222904690873,0.978626325234354,1.2069603927515746,1.1740838786161643,1.1989952040687974,1.4314415486649883,0.9746159394569952,9
1.1325222904690873,1.1801582375513595,1.4460400892718634,1.2933769252080918,1.32063712727085,1.0847712944783734,1.3158450276847982,11
1.2574255814264643,1.1801582375513595,0.7288009997109977,1.7990978748627589,2.149604307610762,1.5637236193414592,1.6965848524442415,9
1.465597733022092,1.3313071717891136,1.565579937532007,1.8582345988143125,1.933351999696002,1.7553045492866937,1.7791982106467623,13
1.5072321633412178,1.3313071717891136,1.565579937532007,1.8929009542341888,2.1045517434618533,2.1567122120290896,1.5960120685455208,9
1.5488665936603434,1.5832220621853692,1.4460400892718634,1.5747861633223823,1.5616683454675089,1.2809136751365897,1.51699059548224,11
1.6321354542985949,1.4320731279476162,1.565579937532007,2.724893484311222,3.361518283216393,3.1419855660331524,1.1865371626721573,10
1.6737698846177205,1.6336050402646205,1.2069603927515746,3.0623806503106064,4.026043604412789,3.2879519888485693,2.0198545149758447,9
-2.36476985633747,-2.3970332060754846,-2.1401553585324655,-1.5788325811975479,-1.5266849269401506,-1.5015712597822908,-1.604357590517348,5
-2.239866565380093,-2.145118315679228,-2.0206155102723216,-1.5421270284000317,-1.490642875621024,-1.4924483583563273,-1.5648468539857077,4
-2.07332884410359,-2.094735337599977,-2.0206155102723216,-1.501343080847236,-1.4478429396795613,-1.4559567526524733,-1.5289280025933072,4
-1.698618971231459,-1.7420544910452176,-1.1838365724513114,-1.3167957181708352,-1.1775275547861117,-1.341920484827929,-1.4139876781376262,7
-1.6569845409123334,-1.6916715129659663,-1.5424561172317441,-1.3789912381888487,-1.294664221573273,-1.059110540623059,-1.406803907859146,6
-1.6153501105932075,-1.8428204472037202,-1.5424561172317441,-1.308638928660276,-1.1932959522382298,-1.2871830762721475,-1.4103957929983861,7
-1.3655435286784539,-1.389373644490458,-1.1838365724513114,-1.2168750466664857,-1.0784119136585137,-1.2506914705682937,-1.3134148942389055,8
-1.2406402377210768,-1.4397566225697094,-1.064296724191167,-1.290286152261518,-1.2360958881796924,-1.2643758227072386,-1.295455468542705,5
-1.2406402377210768,-1.2382247102527046,-1.1838365724513114,-1.1709931056695906,-1.0829171700734044,-1.1047250477528767,-1.2308015360363844,6
-1.1157369467636995,-1.1878417321734531,-1.1838365724513114,-1.1546795266484724,-1.091927682903186,-1.1549010055956763,-1.1625557183908242,7
-0.6161237829341915,-0.7343949294601909,-0.8252170276708785,-0.9517793875733135,-0.9094647981001077,-0.9222670192336059,-0.9290831843402217,7
-0.5744893526150657,-0.5832459952224374,-0.8252170276708785,-0.7835456039180311,-0.659423067073667,-0.6713872300196085,-0.9147156437832616,7
-0.53285492229594,-0.4320970609846832,-0.5861373311505896,-0.6479389783049853,-0.5535495413237327,-0.5710353143340096,-0.8321022855807411,7
-0.24141391006206045,-0.3313311048261805,-0.4665974828904456,-0.48888158284908195,-0.2336763358664842,-0.5391051593431372,-0.7063863057073397,8
-0.19977947974293475,-0.4320970609846832,-0.22751778637015682,-0.477665997272063,-0.22691845124414795,-0.6577028778806632,-0.6129972920870991,9
-0.19977947974293475,-0.3313311048261805,-0.4665974828904456,-0.6112334255074691,-0.6121178747173134,-0.5254208072041918,-0.5663027852769786,8
-0.03324175846643189,-0.07941621442992365,-0.8252170276708785,0.08821127502297775,0.4150805878777945,-0.17418910230459542,-0.2897276295554961,9
-0.03324175846643189,-0.12979919250917502,0.1311017584102757,-0.11978685749628044,0.2911860364682967,-0.35208568011088465,-0.3543815620618167,7
0.008392671852693824,0.222881654045584,-0.10797793811001244,0.030094149760243896,0.3294807159948688,-0.005415425924269981,-0.4118517242896573,9
0.09166153249094526,-0.029033236350672283,0.011561910150131954,-0.021905383369570822,0.19207039534069878,-0.08296008804495991,-0.3579734472010567,7
0.13329596281007097,0.12211569788708126,0.011561910150131954,-0.05147374534534764,0.09295475421310057,-0.0008539752112882052,-0.20711427135297547,9
0.13329596281007097,0.07173271980782989,0.25064160667042007,-0.03516016632422934,0.12674417732478177,0.06300633477045665,-0.25380877816309594,9
0.38310254472482436,0.17249867596633262,-0.22751778637015682,-0.09531648896460299,0.04564956185674687,-0.055591383767069506,-0.30409517011245624,8
0.38310254472482436,0.12211569788708126,0.011561910150131954,0.09330926846707734,0.25514398514917014,-0.142258947313723,0.08023653978622716,8
0.46637140536307575,0.3740305882833381,0.4897213031907089,0.31660138131863386,0.5885329598510911,0.18616550402096457,0.22391194535582856,9
0.46637140536307575,0.3740305882833381,-0.10797793811001244,0.24726867047888104,0.5615014213617462,0.01283037692765712,-0.045479440087173875,8
0.5496402660013272,0.6259454786795944,0.3701814549305645,0.7030292843813735,1.1944899476539073,0.4780983496517979,0.14848235743178784,9
0.5496402660013272,0.47479654444184083,0.25064160667042007,0.3002878022975155,0.4759015494788207,0.2272185604378003,0.27060645216594903,10
0.5496402660013272,0.7770944129173485,0.3701814549305645,0.5093055335055937,0.42409110070757616,0.573888814624415,0.511262756495031,9
0.5912746963204529,0.27326463212483537,0.4897213031907089,0.46546278988633816,0.297943921090633,0.395992236818126,0.511262756495031,9
0.6329091266395787,0.6763284567588458,0.8483408479711414,0.5735402509012472,0.6808907163563528,0.6879250824489593,0.33166849953302924,9
0.6329091266395787,0.4244135663625895,0.4897213031907089,0.63879456698572,0.8092905241807417,0.4051151382440895,0.4897114456595908,10
0.6745435569587044,0.6763284567588458,1.2069603927515746,0.6051478102546636,1.0390586013401735,0.6058189696152874,0.15207424257102786,10
0.7994468479160814,0.7267114348380971,0.7288009997109977,0.5623246653242282,0.7912694985211783,0.6331876738931781,0.3460360400899894,10
0.8410812782352072,0.6763284567588458,0.8483408479711414,1.0435752464472179,1.336405524722968,0.9342434209499747,0.7052245540139929,10
0.8410812782352072,0.9282433471551026,-0.22751778637015682,0.5164427243273331,0.9872481525689291,0.21809565901183675,0.08023653978622716,8
0.8410812782352072,0.7770944129173485,0.4897213031907089,0.8671846732813763,1.043563857755064,0.71529378672685,0.7878379122165133,9
0.8827157085543329,0.8274773909965999,0.6092611514508532,0.7580876135776475,0.971479755116811,0.8430144066903397,0.39632243203934986,10
0.8827157085543329,0.7770944129173485,0.4897213031907089,0.8447535021273388,1.1877320630315706,0.8612602095422668,0.4394250537102303,10
0.9243501388734586,1.0290093033136054,1.0874205444914302,0.9324389893658495,0.750722190787161,1.0437182380615373,1.2332316694822774,12
1.00761899951171,0.8274773909965999,0.4897213031907089,0.6887549027378951,0.604301357303209,1.2307377172937901,0.4322412834317502,9
1.00761899951171,0.8274773909965999,0.4897213031907089,0.6428729617409995,0.6403434086223354,0.988980829505756,0.5759166890013516,8
1.0492534298308358,1.1801582375513595,1.2069603927515746,1.1343195297521884,2.379372384770193,1.1760003087380089,1.1937209329506373,11
1.0908878601499614,1.0793922813928567,0.3701814549305645,0.9793405290515644,0.7417116779573792,1.508986210785678,1.0500455273810358,11
1.0908878601499614,1.0793922813928567,0.7288009997109977,1.423885557377038,2.2036673845894517,0.7563468431436859,0.6621219323431125,11
1.1741567207882129,1.0793922813928567,1.2069603927515746,1.6512560649838743,2.1248253973288618,1.6138995771842588,0.9494727434823149,11
1.4239633027029663,1.3313071717891136,1.326500241011719,1.7583139273099633,1.8409942431907402,1.6640755350270582,1.7001767375834815,11
1.6321354542985949,1.5832220621853692,0.9678806962312858,1.8154114538838773,2.19465687175967,2.065483197769454,1.068004953077236,11
1.6321354542985949,1.4320731279476162,0.9678806962312858,1.4096111757335597,1.2508056528400422,1.3174052808404437,1.409234041305039,10
1.6321354542985949,1.5832220621853692,0.7288009997109977,1.5992565318540597,1.638257704520653,1.3219667315534256,1.8366683728746027,12
1.757038745255972,1.6336050402646205,1.6851197857921514,2.868656899434827,3.654359950184297,2.576365677623413,2.102467873178365,10
1.7986731755750978,1.8855199306608774,1.2069603927515746,3.0481062686671283,3.559749565471589,3.018826396782644,1.9120979607986437,11
-1.7818878318697104,-1.7924374691244687,-1.6619959654918883,-1.4360887647627627,-1.391527234493426,-1.4057807948096737,-1.4427227592515464,6
-1.7402534015505848,-1.7420544910452176,-1.5424561172317441,-1.4279319752522035,-1.3892746062859804,-1.3920964426707283,-1.4247633335553462,4
-1.698618971231459,-2.0443523595207256,-1.4229162689715997,-1.3208741129261148,-1.2225801189350198,-1.337359034114947,-1.3601094010490256,5
-1.6569845409123334,-1.5909055568074635,-1.5424561172317441,-1.3667560539230101,-1.2811484523286005,-1.3692891891058194,-1.388844482162946,6
-1.573715680274082,-1.490139600648961,-1.1838365724513114,-1.2892665535726981,-1.2248327471424656,-1.2734987241332023,-1.3134148942389055,7
-1.2822746680402024,-1.2886076883319553,-1.3033764207114553,-1.2862077575062385,-1.2563695420467011,-1.2324456677163664,-1.2990473536819451,5
-1.2822746680402024,-1.389373644490458,-1.1838365724513114,-1.3116977247267358,-1.3036747344030548,-1.259814371994257,-1.2487609617325848,7
-1.2406402377210768,-1.2886076883319553,-1.3033764207114553,-1.252561000775182,-1.2338432599722469,-1.205076963438476,-1.1984745697832244,7
-1.032468086125448,-0.9359268417771963,-1.1838365724513114,-1.0282492892348054,-0.9387489647968981,-0.981565878502369,-1.0835342453275434,8
-0.9491992254871972,-1.036692797935699,-1.064296724191167,-1.1546795266484724,-1.16851704195633,-1.1777082591605852,-1.069166704770583,6
-0.82429593452982,-0.6840119513809395,-0.9447568759310225,-0.9334266111745554,-0.9432542212117889,-0.8584067092518612,-0.8895724478085815,8
-0.7410270738915685,-0.7343949294601909,-1.064296724191167,-1.0822880197422597,-1.1279697342223127,-1.118409399891822,-0.8895724478085815,7
-0.6577582132533172,-0.9863098198564477,-1.1838365724513114,-1.0047985193919478,-0.9184753109298894,-0.8264765542609888,-1.1014936710237435,7
-0.53285492229594,-0.4824800390639346,0.011561910150131954,-0.7784476104739315,-0.8936964006479898,-0.8538452585388794,-0.5663027852769786,9
-0.4912204919768143,-0.5832459952224374,-0.705677179410734,-0.8569567095130635,-0.8756753749884265,-0.7170017371494263,-0.7746321233529004,8
-0.44958606165768905,-0.23056514866767774,-0.22751778637015682,-0.4929599776043615,-0.42965498991423495,-0.5801582157599731,-0.4657300013782578,8
-0.4079516313385633,-0.3313311048261805,-0.705677179410734,-0.6826053337248617,-0.6684335799034486,-0.6531414271676814,-0.605813521808619,8
-0.24141391006206045,-0.3313311048261805,-0.4665974828904456,-0.4379016484080872,-0.3327919769940824,-0.4022616379536839,-0.5591190149984985,8
-0.19977947974293475,-0.1801821705884264,-0.22751778637015682,-0.6550761691267246,-0.6661809516960033,-0.6987559342974992,-0.4549543459605377,9
-0.19977947974293475,-0.38171408290543185,-0.4665974828904456,-0.5796258661540524,-0.49723383613759736,-0.6759486807325903,-0.6237729475048192,8
-0.15814504942380903,0.17249867596633262,-0.3470576346303012,-0.4429996418521866,-0.5152548617971606,-0.39313873652772036,-0.27895197413777595,9
-0.15814504942380903,-0.07941621442992365,-0.3470576346303012,-0.5469987081118158,-0.6031073618875317,-0.33840132797193934,-0.4944650824921779,8
-0.15814504942380903,-0.4320970609846832,-0.5861373311505896,-0.6275470045285874,-0.49272857972270656,-0.7717391457052074,-0.6381404880617793,8
-0.11651061910468331,-0.07941621442992365,0.1311017584102757,-0.5123323526919394,-0.5783284516056322,-0.3429627786849211,-0.4441786905428176,9
-0.11651061910468331,-0.07941621442992365,-0.3470576346303012,-0.4797051946497028,-0.5422864002865057,-0.461560497222447,-0.2502168930238559,8
-0.03324175846643189,-0.07941621442992365,-0.705677179410734,-0.4725680038279636,-0.2967499256749558,-0.5938425678989183,-0.5663027852769786,8
-0.03324175846643189,0.5755625006003435,0.25064160667042007,0.24828826916770103,0.4353542417448032,0.16791970116903748,0.11615539117862751,8
0.05002710217181954,-0.2809481267469291,-0.3470576346303012,-0.43382325365280766,-0.303507810297292,-0.6166498214638272,-0.38670852831497704,8
0.05002710217181954,-0.029033236350672283,0.25064160667042007,0.005623781228566435,-0.03319242540384261,0.058444884057474875,0.09819596548242733,10
0.09166153249094526,0.3740305882833381,-0.3470576346303012,0.08923087371179776,0.25964924156406094,0.16791970116903748,0.008398837001426452,8
0.13329596281007097,0.17249867596633262,-0.22751778637015682,-0.02700337681367018,0.036639049026965215,-0.4022616379536839,0.05150145867230688,11
0.13329596281007097,0.07173271980782989,-0.705677179410734,-0.42770566151988826,-0.37784454114299043,-0.27910246870317623,-0.44777057568205764,10
0.17493039312919667,0.222881654045584,-0.22751778637015682,-0.14119842996149834,-0.006160886914497645,-0.2517337644252856,-0.23944123760613578,8
0.17493039312919667,0.222881654045584,0.25064160667042007,-0.17688438407019452,-0.0309397971963972,-0.20611925729546784,-0.2214818119099356,10
0.2165648234483224,0.27326463212483537,0.6092611514508532,-0.050454146656527636,-0.0872555023825323,0.12230519403921973,0.037133918115346734,8
0.2165648234483224,0.17249867596633262,-0.22751778637015682,-0.3359417795260978,-0.4048760796323354,-0.16050475016565008,-0.20711427135297547,8
0.2165648234483224,0.27326463212483537,0.011561910150131954,-0.17076679193727515,-0.05571870747829675,-0.060152834480051286,-0.0885820617580543,9
0.29983368408657385,0.222881654045584,-0.22751778637015682,-0.20543314735715157,-0.10752915624954101,-0.33840132797193934,-0.15323599426437493,8
0.29983368408657385,0.27326463212483537,-0.22751778637015682,-0.10551247585280192,-0.024181912574060955,-0.06927573590601484,-0.12090902801121461,9
0.42473697504395,0.17249867596633262,0.25064160667042007,0.09738766322235669,0.4308489853299124,-0.005415425924269981,-0.0778064063403342,8
0.42473697504395,0.47479654444184083,0.4897213031907089,0.3278169668956528,0.6110592419255453,0.13142809546518328,0.05150145867230688,9
0.42473697504395,0.4244135663625895,0.6092611514508532,0.2788762298322979,0.6245750111702177,0.08581358833536552,-0.06343886578337406,8
0.46637140536307575,0.5755625006003435,0.25064160667042007,0.15856358455155034,0.05240744647908312,0.1451124476041286,0.3675873509254296,8
0.46637140536307575,0.5251795225210922,0.25064160667042007,0.44914921086521986,0.7259432805052611,0.11774374332623795,0.47534390510263064,10
0.46637140536307575,0.4244135663625895,0.7288009997109977,0.2890722167204968,0.4601331520267028,0.46897544822583437,0.06586899922926702,9
0.46637140536307575,0.4244135663625895,0.25064160667042007,0.1860927491496876,0.15152308760668132,0.28651741970656336,0.3639954657861896,9
0.46637140536307575,0.3740305882833381,0.25064160667042007,0.2523666639229806,0.3249754595799779,0.1268666447522015,0.3460360400899894,11
0.46637140536307575,0.3236476102040867,-0.3470576346303012,-0.08817929814286384,0.016365395159956494,0.13598954617816505,-0.3148708255301763,11
0.5080058356822015,0.4244135663625895,-0.10797793811001244,0.05354491960310135,0.09070212600565515,0.058444884057474875,0.15207424257102786,9
0.5496402660013272,0.9282433471551026,0.25064160667042007,0.63879456698572,0.5660066777766369,0.7700311952826313,0.762694716241833,9
0.5496402660013272,0.5251795225210922,-0.3470576346303012,-0.15037481816087728,-0.11428704087187726,-0.27910246870317623,-0.005968703555533689,9
0.5496402660013272,0.6763284567588458,0.1311017584102757,0.29722900623105597,0.4871646905160477,0.24090291257674562,0.14489047229254778,10
0.5912746963204529,0.6259454786795944,0.3701814549305645,0.7601268109552874,0.5975434726808728,1.8784637185372017,0.18799309396342823,10
0.5912746963204529,0.5251795225210922,0.7288009997109977,0.6133045997652228,0.9489534730423568,0.6833636317359776,0.18799309396342823,10
0.6329091266395787,0.3740305882833381,-0.10797793811001244,0.1871123478385074,0.3857964211810041,0.2089727575858732,0.10178785062166737,9
0.6329091266395787,0.7267114348380971,0.7288009997109977,0.46342359250869863,0.4421121263671395,0.573888814624415,0.5364059524697112,10
0.6329091266395787,0.4244135663625895,1.326500241011719,1.0425556477583982,1.1607005245422257,1.3219667315534256,0.8740431555582742,10
0.6329091266395787,0.4244135663625895,0.25064160667042007,0.2727586376993785,0.3520069980693229,0.38230788467918064,0.2777902224444291,9
0.6329091266395787,0.5755625006003435,0.6092611514508532,0.44609041479876055,0.4759015494788207,0.491782701790743,0.5471816078874313,11
0.6745435569587044,0.8778603690758512,0.7288009997109977,0.5358150994149108,0.3475017416544321,0.8293300545513944,0.6908570134570328,13
0.6745435569587044,0.8274773909965999,0.9678806962312858,0.6897745014267149,0.43985949815969405,0.9981037309317196,0.9746159394569952,9
0.6745435569587044,0.7267114348380971,0.3701814549305645,0.34820894067205066,0.2956912928831876,0.1633582504560557,0.4394250537102303,10
0.71617798727783,0.17249867596633262,0.3701814549305645,0.44812961217640007,0.6651223189042352,0.13598954617816505,0.25264702646974885,11
0.71617798727783,0.6259454786795944,1.326500241011719,0.9069490221453522,0.4939225751383837,1.3767041401092068,1.1434345410012767,12
0.71617798727783,0.7267114348380971,0.011561910150131954,0.4766783754633571,0.7056696266382526,0.4051151382440895,0.3783630063431497,11
0.71617798727783,0.8274773909965999,0.4897213031907089,0.6642845342062177,1.0232902038880558,0.5282743074945973,0.3783630063431497,11
0.7578124175969557,0.6763284567588458,0.8483408479711414,0.744832830622989,0.8993956524785582,0.71529378672685,0.5579572633051515,11
0.7578124175969557,1.0793922813928567,-0.10797793811001244,0.5969910207441044,0.8363220626700867,0.45529109608688906,0.3675873509254296,9
0.7578124175969557,0.47479654444184083,0.25064160667042007,0.21362191374782463,0.10196526704288222,0.6058189696152874,0.16284989798874797,10
0.7578124175969557,0.8778603690758512,0.6092611514508532,0.7529896201335481,0.8205536652179685,0.9661735759408472,0.5723248038621116,10
0.7994468479160814,0.6763284567588458,0.25064160667042007,0.2564450586782602,0.4308489853299124,0.053883433344493095,0.27419833730518905,9
0.7994468479160814,0.6763284567588458,1.326500241011719,1.080280799244734,1.0548269987922916,1.4223186472390246,0.9746159394569952,10
0.8410812782352072,0.8778603690758512,0.8483408479711414,0.7723619952211263,0.773248472861615,0.9159976180980481,0.8165729933304336,11
0.8410812782352072,1.0793922813928567,0.6092611514508532,0.7917343703087043,1.385963345286767,0.23634146186376384,0.5220384119127511,10
0.8410812782352072,0.9282433471551026,0.4897213031907089,0.7917343703087043,0.9602166140795841,0.24090291257674562,0.8345324190266338,11
0.8410812782352072,0.8274773909965999,0.1311017584102757,0.1860927491496876,0.34975436986187747,-0.06471428519303306,0.29574964814062926,10
0.8410812782352072,0.8274773909965999,-0.4665974828904456,0.09738766322235669,0.4353542417448032,-0.005415425924269981,-0.04188755494793384,10
0.8827157085543329,0.7267114348380971,0.6092611514508532,0.8824786536136748,0.861100972951986,0.8795060123941939,1.0751887233557162,10
0.8827157085543329,1.2305412156306108,0.9678806962312858,0.919184206411191,1.1652057809571166,0.6879250824489593,0.5471816078874313,9
0.8827157085543329,0.7770944129173485,1.0874205444914302,0.6897745014267149,0.8498378319147591,0.6195033217542327,0.7267758648494331,10
0.8827157085543329,1.0290093033136054,0.7288009997109977,0.73361724504597,0.5952908444734274,1.1486316044601181,0.7842460270772733,7
0.9243501388734586,0.7770944129173485,1.2069603927515746,1.1169863520422503,1.2372898835953698,0.9844193787927742,1.2009047032291174,11
0.9243501388734586,1.129775259472108,0.8483408479711414,0.9446741736316883,1.0841111654890816,0.8065228009864855,0.9207376623683946,11
0.9243501388734586,0.7770944129173485,0.9678806962312858,0.7152644686472122,0.5367225110798466,0.8840674631071757,0.8345324190266338,10
0.9243501388734586,0.9282433471551026,1.2069603927515746,0.9405957788764087,1.0525743705848458,1.1303858016081911,0.8129811081911935,8
0.9243501388734586,1.0793922813928567,0.4897213031907089,0.7723619952211263,0.807037895973296,0.9251205195240112,0.762694716241833,11
0.9659845691925844,0.978626325234354,0.9678806962312858,0.9548701605198869,1.0390586013401735,1.2033690130158994,0.8920025812544743,11
0.9659845691925844,1.683988018343872,0.8483408479711414,1.2842005370087124,1.1967425758613524,0.7791540967085948,1.4415610075581993,11
1.00761899951171,0.7770944129173485,0.25064160667042007,0.6571473433844783,1.0548269987922916,0.4644139975128526,0.3891386617608698,12
1.00761899951171,1.129775259472108,0.7288009997109977,0.7509504227559085,0.750722190787161,1.0209109844966284,0.5615491484443915,11
1.00761899951171,0.8778603690758512,1.2069603927515746,1.4483559259087153,1.1359216142603263,2.0746060991954174,1.4810717440898398,12
1.0492534298308358,1.129775259472108,1.326500241011719,1.7277259666453662,1.5031000120739282,2.3665389448262513,1.660666001051841,15
1.0492534298308358,1.5832220621853692,1.4460400892718634,1.704275196802509,1.7734153969673778,1.7005671407309124,1.3733151899126386,12
1.0908878601499614,0.9282433471551026,1.565579937532007,1.4259247547546778,1.1809741784092347,1.750743098573712,1.5421337914569204,11
1.0908878601499614,1.0793922813928567,1.4460400892718634,1.356592043914925,1.6495208455578803,1.171438858025027,1.1937209329506373,12
1.1325222904690873,1.1801582375513595,0.4897213031907089,0.9140862129670911,0.6223223829627723,1.2626678722846625,1.1146994598873565,13
1.1325222904690873,1.1801582375513595,0.9678806962312858,1.5656097751230034,1.879288922717312,1.9742541835098188,0.8740431555582742,10
1.1741567207882129,1.0290093033136054,0.8483408479711414,1.1251431415528095,1.4220053966058936,1.0756483930524097,0.619019310672232,10
1.2157911511073387,0.7770944129173485,0.8483408479711414,0.8722826667254756,0.7935221267286235,1.2900365765625532,1.057229297659516,9
1.2157911511073387,1.1801582375513595,1.2069603927515746,1.423885557377038,0.9737323833242566,1.5728465207674227,1.4451528926974393,12
1.2157911511073387,1.1801582375513595,0.7288009997109977,1.1659270891056053,1.6022156532015264,1.112139998756264,1.064413067937996,9
1.2157911511073387,1.1801582375513595,1.326500241011719,1.2474949842111962,1.3521739221750857,0.7928384488475402,1.3373963385202383,9
1.2157911511073387,1.3313071717891136,0.8483408479711414,1.3321216753832477,1.7103418071589063,1.0209109844966284,0.9063701218114345,10
1.29906001174559,1.0793922813928567,0.4897213031907089,0.8274203244174003,1.1652057809571166,0.7472239417177224,0.619019310672232,11
1.29906001174559,0.978626325234354,0.7288009997109977,1.049692838580137,1.3409107811378589,1.0619640409134645,0.8345324190266338,12
1.3406944420647158,0.978626325234354,1.2069603927515746,1.4361207416428765,1.385963345286767,2.051798845630509,1.2296397843430373,10
1.3823288723838405,1.0793922813928567,0.9678806962312858,2.0713307247776704,2.802866487769931,2.599172931188322,0.7339596351279132,13
1.590501023979469,1.4320731279476162,0.8483408479711414,2.031566375913694,2.6068878337221797,1.8237263099814203,1.4451528926974393,11
1.6321354542985949,1.7343709964231233,1.2069603927515746,2.568894884921778,2.8659400775784025,2.7132091990128657,2.095284102899885,13
1.757038745255972,1.8351369525816261,1.565579937532007,2.565836088855319,2.476235397690346,2.6767175933090113,2.7741503942162513,12
1.8403076058942234,1.683988018343872,1.4460400892718634,2.151879021194442,2.678971936360433,1.417757196526043,1.840260258013843,12
-1.698618971231459,-1.9435864033622228,-1.064296724191167,-1.0680136380987815,-0.988306785360697,-1.0363032870581501,-1.0799423601883031,6
-0.7826615042106942,-0.6336289733016887,-0.5861373311505896,-0.8141335645826279,-0.6639283234885579,-0.662264328593645,-0.9326750694794618,8
-0.7826615042106942,-0.7847779075394422,-0.9447568759310225,-0.774369215718652,-0.47470755406314324,-0.8948983149557153,-1.0188803128212227,6
-0.3246827707003119,-0.4320970609846832,0.3701814549305645,0.4083652633124241,0.28893340826085134,0.43704529323496194,0.5328140673304712,8
-0.2830483403811862,-0.532863017143186,0.3701814549305645,0.31048378918571445,0.4759015494788207,0.19072695473394635,0.08382842492546719,8
-0.19977947974293475,-0.38171408290543185,-0.5861373311505896,-0.5184499448248587,-0.24043422048882043,-0.6257727228897908,-0.7027944205680999,7
-0.15814504942380903,-0.2809481267469291,-0.22751778637015682,-0.27680505557454416,0.14251257477689966,-0.5573509621950643,-0.6273648326440592,8
-0.11651061910468331,-0.38171408290543185,1.6851197857921514,0.7224016594689515,0.669627575319126,1.0163495337836466,0.7483271756848733,9
0.008392671852693824,0.021349741728578526,-0.10797793811001244,-0.07798331125466489,0.21234404920770725,0.15879679974307392,-0.4441786905428176,8
0.09166153249094526,-0.07941621442992365,0.25064160667042007,0.8060087519521826,1.1652057809571166,0.8612602095422668,0.3496279252292294,10
0.09166153249094526,-0.07941621442992365,-0.10797793811001244,-0.1095908706080815,0.03889167723441063,0.2500258140027092,-0.23944123760613578,8
0.09166153249094526,-0.029033236350672283,0.8483408479711414,0.9008314300124327,0.8498378319147591,1.331089632979389,0.7052245540139929,13
0.2581992537674481,-0.029033236350672283,1.2069603927515746,1.1771426746826237,1.1359216142603263,1.4724946050818242,1.0787806084949563,10
0.2581992537674481,0.17249867596633262,0.25064160667042007,0.09025047240061755,0.4646384084415936,0.035637630492566,-0.30409517011245624,9
0.29983368408657385,0.17249867596633262,-0.10797793811001244,0.22993549276894296,0.6741328317340168,0.19072695473394635,-0.29691139983397613,9
0.5496402660013272,0.3236476102040867,0.011561910150131954,0.3635029210043487,0.5322172546649557,0.27283306756761805,0.3855467766216298,9
0.5912746963204529,0.7770944129173485,0.25064160667042007,0.5195015203937925,0.7709958446541694,0.45985254679987086,0.267014567026709,8
0.5912746963204529,0.222881654045584,0.6092611514508532,0.31762098000745387,0.4195858442926853,0.24090291257674562,0.24187137105202874,8
0.5912746963204529,0.222881654045584,1.6851197857921514,1.4187875639329386,1.3228897554782955,1.9651312820838553,1.2296397843430373,11
0.71617798727783,0.6763284567588458,0.8483408479711414,0.3981692764242254,0.2236071902449343,0.7335395895787771,0.5974679998367919,9
0.71617798727783,0.7770944129173485,0.7288009997109977,0.9222430024776503,1.0705953962444092,1.1212629001822274,0.6549381620646324,9
0.7994468479160814,0.9282433471551026,0.7288009997109977,0.6510297512515587,0.8475852037073135,0.3595006311142718,0.6657138174823525,10
0.8410812782352072,0.8274773909965999,-0.705677179410734,0.6265593827198812,0.752974818994606,0.09949794047431085,0.3855467766216298,9
0.9243501388734586,1.0290093033136054,0.7288009997109977,0.8049891532633628,0.7777537292765059,0.8247686038384127,0.8273486487481537,9
0.9243501388734586,1.1801582375513595,0.9678806962312858,1.1027119703987716,1.2372898835953698,1.253544970858699,0.8920025812544743,11
0.9659845691925844,0.7770944129173485,0.4897213031907089,0.3614637236267092,0.4353542417448032,0.40055368753110776,0.3208928441153091,9
0.9659845691925844,0.8778603690758512,0.6092611514508532,0.9752621342962848,1.4355211658505662,1.0163495337836466,0.19517686424190828,11
1.00761899951171,0.978626325234354,1.0874205444914302,1.2933769252080918,1.048069114169955,1.914955324241056,1.2727424060139176,10
1.0908878601499614,0.978626325234354,0.8483408479711414,0.9416153775652284,1.1764689219943438,1.0574025902004827,0.6262030809507121,10
1.2157911511073387,1.0793922813928567,0.7288009997109977,1.2189462209242397,1.3566791785899766,1.4496873515169153,0.9422889732038349,11
1.29906001174559,1.3313071717891136,1.6851197857921514,1.9571356716298423,2.14059379478098,2.0746060991954174,1.4236015818619991,13
1.465597733022092,1.381690149868365,1.0874205444914302,1.6002761305428794,1.7598996277227053,2.033553042778582,0.9315133177861147,11
1.7154043149368463,1.7847539745023746,2.043739330572585,2.8584609125466285,3.9652226428117636,2.2023267191589073,2.3287566369504873,14
1.8819420362133492,2.087051842977883,1.565579937532007,2.925754426008741,2.0797728331799537,2.2114496205848706,3.4997111923427378,12
-2.239866565380093,-2.2458842718377308,-1.7815358137520325,-1.539068232333572,-1.4816323627912422,-1.497009809069309,-1.5720306242641877,4
-1.2406402377210768,-1.490139600648961,-1.4229162689715997,-1.2668353824186604,-1.2135696061052381,-1.2689372734202204,-1.2128421103401843,6
-1.2406402377210768,-1.2382247102527046,-1.1838365724513114,-1.2066790597782868,-1.1414855034669853,-1.2871830762721475,-1.1410044075553838,8
-1.1157369467636995,-1.0870757760149505,-0.9447568759310225,-1.1465227371379132,-1.1212118495999766,-1.1092864984658586,-1.1122693264414636,7
-1.1157369467636995,-1.2886076883319553,-1.1838365724513114,-1.2515414020863622,-1.2383485163871377,-1.337359034114947,-1.1481881778338638,8
-1.0741025164445739,-1.0870757760149505,-1.1838365724513114,-1.1740519017360502,-1.0986855675255223,-1.1913926112995306,-1.1769232589477843,6
-0.8659303648489457,-0.885543863697945,-0.705677179410734,-1.0598568485882223,-1.1009381957329678,-1.059110540623059,-1.0368397385174228,6
-0.7410270738915685,-0.7343949294601909,-0.8252170276708785,-0.9691125652832516,-0.916222682722444,-1.1913926112995306,-0.9003481032263014,7
-0.7410270738915685,-0.8351608856186936,-0.8252170276708785,-1.0068377167695877,-1.0063278110202605,-1.0545490899100773,-0.8895724478085815,8
-0.6993926435724429,-0.885543863697945,-0.8252170276708785,-0.8997798544434988,-0.828370182632073,-0.9724429770764055,-0.8536535964161812,9
-0.6161237829341915,-0.7847779075394422,-0.5861373311505896,-0.9456617954403941,-0.988306785360697,-0.8948983149557153,-0.8213266301630209,8
-0.6161237829341915,-0.6840119513809395,-0.3470576346303012,-0.8651134990236224,-0.8486438364990816,-1.0089345827802596,-0.7494889273782201,8
-0.5744893526150657,-0.532863017143186,-0.8252170276708785,-0.9313874137969156,-0.9973172981904788,-0.9496357235114966,-0.7458970422389801,9
-0.53285492229594,-0.38171408290543185,-0.705677179410734,-0.8814270780447407,-0.9500121058341252,-0.8675296106778246,-0.6704674543149396,8
-0.44958606165768905,-0.3313311048261805,-0.3470576346303012,-0.6244882084621277,-0.5986021054726408,-0.6987559342974992,-0.5519352447200184,8
-0.4079516313385633,-0.3313311048261805,-0.705677179410734,-0.7600948340751734,-0.7990860159352826,-0.7443704414273168,-0.5663027852769786,9
-0.24141391006206045,-0.7847779075394422,-0.9447568759310225,-0.7927219921174101,-0.8216122980097367,-0.780862047131171,-0.6381404880617793,7
-0.24141391006206045,-0.3313311048261805,-0.5861373311505896,-0.6560957678155444,-0.5332758874567239,-0.7078788357234628,-0.6381404880617793,8
-0.19977947974293475,-0.2809481267469291,-0.10797793811001244,-0.612253024196289,-0.6008547336800862,-0.5254208072041918,-0.21429804163145555,8
-0.0748761887855576,-0.23056514866767774,-0.3470576346303012,-0.5235479382689583,-0.5512969131162873,-0.33840132797193934,-0.5303839338845783,7
-0.03324175846643189,0.021349741728578526,0.011561910150131954,-0.3390005755925576,-0.3688340283132088,-0.22892651086037671,-0.30768705525169626,11
-0.03324175846643189,-0.12979919250917502,-0.5861373311505896,-0.3757061283900738,-0.19763428454735757,-0.5117364550652466,-0.379524758036497,11
0.008392671852693824,-0.07941621442992365,-0.705677179410734,-0.4103724838099502,-0.26070787435582915,-0.4980521029263012,-0.4226273797073774,8
0.09166153249094526,0.12211569788708126,0.1311017584102757,-0.2859814437739231,-0.3891076821802175,-0.2654181165642309,-0.01315247383401376,9
0.09166153249094526,0.021349741728578526,-0.4665974828904456,-0.29617743066212204,-0.21115005379203006,-0.1376974966007412,-0.5734865555554587,8
0.13329596281007097,0.12211569788708126,1.2069603927515746,-0.29209903590684244,-0.2990025538824012,-0.16050475016565008,1.0141266759886356,10
0.2165648234483224,-0.029033236350672283,0.25064160667042007,-0.31249100968324034,-0.26070787435582915,-0.31103262369404866,-0.20711427135297547,10
0.2165648234483224,0.3740305882833381,0.1311017584102757,-0.0932772915869632,-0.2471921051111567,-0.21524215872143138,0.18799309396342823,11
0.29983368408657385,0.4244135663625895,0.1311017584102757,0.1330736173310531,0.1312494337396726,0.2637101661416545,0.18080932368494815,9
0.34146811440569863,0.3236476102040867,-0.10797793811001244,-0.12386525225156002,-0.13005543832399516,-0.3840158351017568,0.06227711409002698,9
0.38310254472482436,0.4244135663625895,0.1311017584102757,0.24726867047888104,0.18531251071836252,0.3914307861051442,0.3280766143937892,10
0.38310254472482436,0.6259454786795944,0.011561910150131954,0.08617207764533796,0.1154810362875547,0.27739451828059986,-0.05266321036565395,10
0.42473697504395,0.6259454786795944,0.25064160667042007,0.3053857957416151,0.41057533146290365,0.14055099689114683,0.267014567026709,9
0.42473697504395,0.222881654045584,-0.22751778637015682,-0.1758647853813745,-0.3147709513345191,0.1816040533079828,-0.13527656856817477,8
0.42473697504395,0.3740305882833381,0.011561910150131954,-0.18708037095839347,-0.1548343486058947,-0.36577003224982974,-0.01315247383401376,10
0.42473697504395,0.3740305882833381,0.4897213031907089,0.180994755705588,0.4083227032554583,0.11774374332623795,0.008398837001426452,9
0.46637140536307575,0.27326463212483537,0.3701814549305645,0.10146605797763626,0.2956912928831876,-0.11032879232285056,0.02635826269762663,10
0.5080058356822015,0.4244135663625895,0.8483408479711414,0.6092262050099432,0.5997961008883181,0.7426624910047407,0.6908570134570328,11
0.5496402660013272,0.27326463212483537,0.6092611514508532,0.3013074009863355,0.4195858442926853,0.5373972089205608,-0.0275200143909739,9
0.5496402660013272,0.6259454786795944,0.1311017584102757,0.29620940754223596,0.42183847250013073,0.5054670539296884,0.3604035806469495,8
0.5496402660013272,-0.029033236350672283,0.25064160667042007,0.049466524847821776,-0.15032909219100388,0.7381010402917588,0.044317688393826805,9
0.5912746963204529,0.6259454786795944,0.8483408479711414,0.33087576296211235,0.10196526704288222,0.5373972089205608,1.8761791094062434,12
0.5912746963204529,0.7267114348380971,0.011561910150131954,0.17079876881738906,0.22585981845237973,0.017391827640638895,0.3604035806469495,9
0.5912746963204529,0.5251795225210922,0.4897213031907089,0.1881319465273274,0.18531251071836252,0.1998498561599099,0.3496279252292294,9
0.6329091266395787,0.4244135663625895,0.011561910150131954,0.08209368289005839,-0.07599236134530522,0.13142809546518328,0.37477112120390965,11
0.6329091266395787,0.4244135663625895,0.25064160667042007,0.07699568944595903,0.04564956185674687,0.13598954617816505,0.11615539117862751,12
0.71617798727783,0.8778603690758512,0.4897213031907089,0.5307171059708115,0.4939225751383837,0.15879679974307392,1.0428617571025558,11
0.7578124175969557,0.7770944129173485,1.8046596340522958,0.2707194403217387,0.28217552363851506,-0.04190703162812418,0.3675873509254296,11
0.7578124175969557,0.8274773909965999,0.7288009997109977,0.6449121591186395,0.5952908444734274,0.2500258140027092,0.7483271756848733,13
0.7994468479160814,0.6763284567588458,0.4897213031907089,0.15958318324037035,0.05240744647908312,-0.12401314446179589,0.4933033307988308,11
0.8410812782352072,1.0793922813928567,0.3701814549305645,0.6826373106049756,0.5772698188138641,0.71529378672685,0.8345324190266338,11
0.8827157085543329,1.0793922813928567,0.8483408479711414,0.7478916266894488,0.5975434726808728,0.6058189696152874,0.9422889732038349,11
0.8827157085543329,0.8778603690758512,0.9678806962312858,0.9813797264292045,0.6110592419255453,1.0437182380615373,1.657074115912601,10
0.9243501388734586,0.978626325234354,0.6092611514508532,0.8610670811484566,0.9804902679465927,0.42336094109601663,1.0320861016848357,11
0.9243501388734586,0.8274773909965999,0.3701814549305645,0.6449121591186395,0.5322172546649557,1.1212629001822274,0.5507734930266713,9
0.9243501388734586,0.9282433471551026,0.9678806962312858,0.6632649355173974,0.3655227673139954,0.4644139975128526,1.064413067937996,9
0.9659845691925844,0.7770944129173485,0.1311017584102757,0.6214613892757819,0.8701114857817676,0.6377491246061598,0.4502007091279504,11
0.9659845691925844,0.9282433471551026,0.25064160667042007,0.7601268109552874,0.8993956524785582,0.45985254679987086,0.6944488985962728,9
1.0492534298308358,0.978626325234354,0.7288009997109977,1.4901594721503313,1.51211052490371,1.5591621686284773,1.1218832301658366,11
1.0492534298308358,1.0290093033136054,0.8483408479711414,0.994634509383863,1.239542511802815,0.7289781388657953,0.8991863515329545,12
1.0908878601499614,1.3313071717891136,0.6092611514508532,1.1710250825497046,1.5143631531111554,0.5282743074945973,1.301477487127838,11
1.0908878601499614,0.8274773909965999,0.4897213031907089,0.7652248043993869,0.8385746908775318,0.7381010402917588,0.6010598849760319,9
1.0908878601499614,0.47479654444184083,0.7288009997109977,0.9395761801875889,1.025542832095501,1.2398606187197536,0.7375515202671532,11
1.1325222904690873,1.2305412156306108,0.9678806962312858,1.4045131822894603,1.879288922717312,1.1075785480432823,1.164985851836717,10
1.1741567207882129,1.1801582375513595,0.3701814549305645,1.078241601867094,0.7800063574839511,1.1303858016081911,1.50621494006452,10
1.2574255814264643,1.129775259472108,0.1311017584102757,1.0925159835105729,0.8903851396487765,1.4588102529428788,1.0500455273810358,11
1.29906001174559,1.129775259472108,1.0874205444914302,1.356592043914925,1.151690011712444,1.9423240285189465,1.2009047032291174,11
1.29906001174559,1.532839084106119,1.326500241011719,1.7032555981136888,0.9940060371912651,1.8693408171112382,2.1994487719378464,11
1.3406944420647158,1.0290093033136054,0.6092611514508532,1.4605911101745541,1.4715632171696928,1.7963576057035298,1.1973128180898773,10
1.4239633027029663,1.280924193709862,1.4460400892718634,1.5431786039689654,1.385963345286767,1.3995113936741157,1.667849771330321,11
1.465597733022092,1.4824561060268677,1.9241994823124402,1.7073339928689681,1.2958582169889505,2.26162557842767,1.5529094468746405,11
1.5488665936603434,1.532839084106119,0.8483408479711414,1.825607440772076,0.9309324473827936,2.5261897197806134,1.6067877239632409,13
1.7154043149368463,1.4320731279476162,1.565579937532007,2.2008197582577966,0.8205536652179685,1.604776675758295,2.5694129412795697,14
1.9235764665324748,1.683988018343872,1.4460400892718634,2.5372873255683617,2.9470346930464375,2.599172931188322,1.7325037038366418,11
-2.4896731472948472,-2.3970332060754846,-2.1401553585324655,-1.5849501733304672,-1.5334428115624867,-1.538062865486145,-1.5935819350996279,4
-2.4480387169757214,-2.3970332060754846,-2.1401553585324655,-1.5737345877534483,-1.501906016658251,-1.5289399640601813,-1.600765705378108,5
-2.239866565380093,-2.2458842718377308,-1.901075662012177,-1.501343080847236,-1.4433376832646705,-1.4559567526524733,-1.5361117728717872,6
-1.4071779589975795,-1.389373644490458,-1.5424561172317441,-1.2739725732404,-0.2471921051111567,-1.2278842170033848,-1.288271698264225,7
-0.82429593452982,-0.9863098198564477,-1.064296724191167,-1.062915644654682,-0.9928120417755879,-0.9678815263634236,-1.047615393935143,7
-0.82429593452982,-0.885543863697945,-1.3033764207114553,-1.1556991253372921,-1.0626435162063956,-1.0363032870581501,-1.1948826846439844,8
-0.5744893526150657,-0.5832459952224374,-0.705677179410734,-0.7560164393198939,-0.7179914004672476,-0.6348956243157543,-0.7782240084921405,8
-0.53285492229594,-0.532863017143186,0.011561910150131954,-0.6887229258577809,-0.686454605563012,-0.5984040186119002,-0.4657300013782578,10
-0.24141391006206045,-0.2809481267469291,-0.4665974828904456,-0.7233892812776573,-0.7315071697119202,-0.6759486807325903,-0.605813521808619,10
-0.11651061910468331,-0.12979919250917502,-0.3470576346303012,-0.50621476055902,-0.5197601182120515,-0.4296303422315746,-0.36515721747953683,11
-0.03324175846643189,0.222881654045584,0.25064160667042007,-0.20543314735715157,-0.2584552461483837,-0.21068070800844962,-0.0275200143909739,11
0.008392671852693824,-0.07941621442992365,-0.22751778637015682,-0.4215880693869689,-0.4228971052918987,-0.3064711729810669,-0.3938922985934571,9
0.05002710217181954,0.07173271980782989,-0.4665974828904456,-0.2502954896652269,-0.10752915624954101,-0.1559432994526683,-0.7494889273782201,9
0.05002710217181954,-0.12979919250917502,-0.5861373311505896,-0.5306851290906975,-0.49723383613759736,-0.39313873652772036,-0.5591190149984985,9
0.17493039312919667,0.27326463212483537,0.1311017584102757,0.22381790063602358,0.041144305441856044,-0.5117364550652466,0.762694716241833,11
0.2165648234483224,0.222881654045584,0.25064160667042007,-0.35429455592485587,-0.4319076181216804,-0.5345437086301554,-0.1280927982896947,8
0.42473697504395,0.7267114348380971,0.25064160667042007,0.24013147965714188,0.34299648523954124,0.7289781388657953,0.08382842492546719,9
0.46637140536307575,0.222881654045584,-0.3470576346303012,0.1687595714397493,0.39030167759589496,0.2454643632897274,-0.8464698261377012,10
0.5912746963204529,0.47479654444184083,0.1311017584102757,0.23095509145776272,0.3182175749576417,0.01283037692765712,0.27419833730518905,11
0.6329091266395787,0.5755625006003435,0.9678806962312858,0.7427936332453494,0.6989117420159161,1.2261762665808082,0.47893579024187066,8
1.00761899951171,0.9282433471551026,0.9678806962312858,1.2892985304528122,1.0773532808667456,0.5647659131984514,1.4379691224189592,11
1.1325222904690873,1.1801582375513595,1.4460400892718634,1.3463960570267264,1.1133953321858723,1.8146034085554568,1.3086612574063181,10
-1.9484255531462134,-1.9435864033622228,-1.901075662012177,-1.46259833067208,-1.380264093456199,-1.4787640062173821,-1.4858253809224269,5
-1.865156692507962,-1.8932034252829715,-1.7815358137520325,-1.4381279621404026,-1.3532325549668538,-1.4103422455226555,-1.489417266061667,5
-1.2822746680402024,-1.3389906664112068,-0.9447568759310225,-1.1159347764733163,-0.9410015930043435,-1.1868311605865487,-1.2272096508971444,5
-1.2406402377210768,-1.2382247102527046,-1.4229162689715997,-1.2291102309323245,-1.1797801829935572,-1.2826216255591658,-1.1948826846439844,7
-1.199005807401951,-1.1878417321734531,-1.3033764207114553,-1.224012237488225,-1.2225801189350198,-1.223322766290403,-1.1769232589477843,7
-1.0741025164445739,-1.0870757760149505,-0.4665974828904456,-1.0792292236758,-1.0491277469617233,-1.0271803856321866,-1.072758589909823,8
-0.9491992254871972,-0.8351608856186936,-0.8252170276708785,-0.9538185849509533,-0.8959490288554353,-1.040864737771132,-0.9757776911503422,8
-0.9075647951680714,-0.885543863697945,-0.5861373311505896,-1.0690332367876012,-1.0716540290361773,-0.9770044277893872,-1.0404316236566629,7
-0.82429593452982,-0.8351608856186936,-0.8252170276708785,-0.8793878806671009,-0.801338644142728,-0.9085826670946606,-0.8716130221123815,7
-0.6993926435724429,-0.6840119513809395,-0.9447568759310225,-0.9171130321534371,-0.8418859518767454,-0.9040212163816789,-0.9901452317073024,7
-0.6993926435724429,-0.6840119513809395,-0.4665974828904456,-0.6713897481478428,-0.2832341564302833,-0.7854234978441528,-0.8644292518339013,6
-0.4912204919768143,-0.029033236350672283,-0.10797793811001244,-0.10449287716398215,0.34524911344698667,-0.08296008804495991,-0.6704674543149396,10
-0.44958606165768905,-0.4824800390639346,-0.9447568759310225,-0.7305264720993967,-0.8824332596107628,-0.8355994556869523,-0.7207538462643,8
-0.11651061910468331,0.07173271980782989,0.1311017584102757,-0.15853160767143643,-0.134560694738886,0.026514729066602447,-0.25740066330233574,8
0.008392671852693824,-0.07941621442992365,-0.10797793811001244,-0.2339819106441086,-0.1863711435101305,-0.3885772858147386,-0.2214818119099356,10
0.008392671852693824,-0.07941621442992365,-0.22751778637015682,-0.2635502726198854,-0.21565531020692089,-0.45243759579648346,-0.11372525773273455,9
0.2165648234483224,0.17249867596633262,0.011561910150131954,0.2513470652341606,0.5862803316436457,0.1268666447522015,-0.14605222398589487,7
0.29983368408657385,0.12211569788708126,0.25064160667042007,0.0953484658447169,0.36327013910655,0.1451124476041286,-0.05266321036565395,8
0.42473697504395,0.4244135663625895,-0.10797793811001244,0.18915154521614716,-0.024181912574060955,0.25914871542867274,-0.016744358973253794,9
0.42473697504395,0.4244135663625895,-0.10797793811001244,-0.00049381090435293,0.011860138745065666,-0.1376974966007412,-0.02033624411249383,10
0.5080058356822015,0.5251795225210922,0.25064160667042007,0.7693031991546664,0.998511293606156,0.3230090254104176,0.6046517701152719,10
0.7578124175969557,0.8778603690758512,0.3701814549305645,0.9334585880546693,0.34074385703209586,1.0254724352096103,0.615427425532992,11
0.7994468479160814,0.7770944129173485,0.3701814549305645,0.7458524293118087,0.6808907163563528,0.8247686038384127,0.8129811081911935,9
0.8827157085543329,0.8778603690758512,1.2069603927515746,0.6867157053602551,0.7957747549360692,0.2819559689935816,-0.5483433595807784,10
0.8827157085543329,0.8274773909965999,0.7288009997109977,0.7886755742422445,0.4646384084415936,0.21809565901183675,0.5148546416342711,10
1.2157911511073387,1.0793922813928567,0.6092611514508532,0.7030292843813735,0.750722190787161,0.9524892238019018,0.5543653781659115,11
1.2574255814264643,0.978626325234354,0.4897213031907089,1.434081544265237,1.7148470635737971,1.609338126471277,1.0249023314063557,11
1.3406944420647158,1.2305412156306108,0.7288009997109977,1.3902388006459814,1.708089178951461,1.568285070054441,0.960248398900035,10
-0.3246827707003119,-0.1801821705884264,-0.9447568759310225,-0.5551554976223749,-0.621128387547095,-0.5938425678989183,-0.38670852831497704,9
-0.53285492229594,-0.4824800390639346,-0.3470576346303012,-0.5745278727099529,-0.6436546696215492,-0.639457075028736,-0.3507896769225767,8
-0.53285492229594,-0.5832459952224374,-0.3470576346303012,-0.6367233927279665,-0.7698018492384922,-0.6029654693248819,-0.38670852831497704,9
0.09166153249094526,0.12211569788708126,-0.3470576346303012,-0.13202204176211918,-0.21340268199947546,-0.2745410179901945,0.18799309396342823,11
-0.4912204919768143,-0.4824800390639346,-0.8252170276708785,-0.6948405179907003,-0.7720544774459376,-0.8766525121037881,-0.3507896769225767,10
-0.11651061910468331,-0.07941621442992365,0.011561910150131954,-0.2819030490186435,-0.45218127198868907,-0.2699795672772127,-0.06343886578337406,10
-1.573715680274082,-1.490139600648961,-1.1838365724513114,-1.3157761194820154,-1.2676326830839282,-1.4285880483745825,-1.2487609617325848,11
0.2165648234483224,0.17249867596633262,0.4897213031907089,0.2880526180316768,-0.3192762077494099,-0.37945438438877505,1.7325037038366418,20
-2.864383020166978,-2.7497140526302437,-1.4229162689715997,-1.622675324816803,-1.5537164654294955,-1.5836773726159628,-1.6438683270489882,5
-2.5729420079330985,-2.447416184154736,-2.0206155102723216,-1.569656192998169,-1.4996533884508054,-1.5335014147731632,-1.5828062796819078,5
-2.697845298890475,-2.5985651183924903,-2.379235055052754,-1.596165758907486,-1.524432298732705,-1.5836773726159628,-1.6690115230236684,4
0.8410812782352072,0.7267114348380971,1.4460400892718634,1.0089088910273412,1.1179005886007631,1.1395087030341546,0.8345324190266338,9
0.2165648234483224,0.12211569788708126,0.7288009997109977,0.036211741893163264,-0.1052765280420956,0.5465201103465244,0.044317688393826805,13
0.5080058356822015,0.4244135663625895,0.25064160667042007,0.4450708161099403,0.3249754595799779,0.8703831109682304,0.5471816078874313,14
1.00761899951171,0.9282433471551026,0.9678806962312858,0.917145009033551,0.7890168703137327,1.0847712944783734,0.762694716241833,13
1.5488665936603434,1.2305412156306108,1.326500241011719,2.132506646106864,1.424258024813339,2.0609217470564722,3.2087684960642955,12
1.465597733022092,1.3313071717891136,1.8046596340522958,2.3435635746925816,1.3882159734942123,1.2033690130158994,3.3847708678870565,24
1.0908878601499614,0.978626325234354,0.6092611514508532,1.0976139769546722,1.0097744346433832,1.5591621686284773,1.1290670004443166,10
1.1741567207882129,0.9282433471551026,0.8483408479711414,1.8623129935695921,1.0615848834146275,1.112139998756264,3.4925274220642577,21
-0.44958606165768905,-0.3313311048261805,-0.8252170276708785,-0.6438605835497057,-0.5738231951907413,-0.35208568011088465,-0.7818158936313805,11
-0.82429593452982,-0.7343949294601909,-0.9447568759310225,-0.8569567095130635,-0.828370182632073,-0.8082307514090616,-0.7458970422389801,9
0.13329596281007097,0.021349741728578526,-0.22751778637015682,-0.5480183068006356,-0.5490442849088419,-0.6759486807325903,-0.4585462310997777,7
-0.15814504942380903,-0.12979919250917502,-0.3470576346303012,-0.39507850347765167,-0.31251832312707367,-0.22892651086037671,-0.4585462310997777,9
0.09166153249094526,0.3236476102040867,0.6092611514508532,0.09432886715589713,-0.36207614369087254,-0.005415425924269981,0.4394250537102303,10
-0.7826615042106942,-0.5832459952224374,-1.1838365724513114,-0.8804074793559209,-0.9094647981001077,-0.8355994556869523,-0.8536535964161812,9
0.2165648234483224,0.27326463212483537,-0.705677179410734,-0.046375751901248055,-0.08049761776019605,0.2044113068728917,-0.1711954199605751,9
-1.5320812499549563,-1.5405225787282122,-1.3033764207114553,-1.2739725732404,-1.1820328112010023,-1.4559567526524733,-1.3565175159097855,6
-2.07332884410359,-2.094735337599977,-1.7815358137520325,-1.452402343783881,-1.364495696004081,-1.5289399640601813,-1.4642740700869867,7
-1.573715680274082,-1.8932034252829715,-1.6619959654918883,-1.3433052840801525,-1.27664319591371,-1.3145517805500382,-1.3565175159097855,6
0.9659845691925844,0.8274773909965999,0.011561910150131954,0.744832830622989,0.38354379297355873,0.5237128567816154,0.9782078245962352,15
0.2165648234483224,0.3236476102040867,-0.3470576346303012,-0.12998284438447938,-0.13230806653144056,0.29107887041954517,0.044317688393826805,9
0.9659845691925844,0.6763284567588458,1.2069603927515746,0.6571473433844783,0.3475017416544321,0.9159976180980481,1.0177185611278756,13
0.17493039312919667,0.021349741728578526,-0.5861373311505896,-0.31045181230560054,-0.31251832312707367,-0.20611925729546784,-0.13527656856817477,9
0.9659845691925844,1.3313071717891136,0.8483408479711414,1.5136102419931885,1.205753088691134,0.8247686038384127,1.6965848524442415,18
0.6745435569587044,0.8274773909965999,0.3701814549305645,0.6612257381397578,0.6471012932446719,0.6377491246061598,0.40350620231782997,15
0.6745435569587044,0.6259454786795944,-0.5861373311505896,0.5816970404118064,0.14927045939923592,1.007226632357683,0.511262756495031,15
0.29983368408657385,0.4244135663625895,0.3701814549305645,0.17079876881738906,0.0005969977078385963,0.8247686038384127,0.7986135676342334,10
0.38310254472482436,0.5755625006003435,0.3701814549305645,0.08821127502297775,-0.15708697681334013,0.532835758207579,0.33166849953302924,14
0.008392671852693824,-0.029033236350672283,0.4897213031907089,-0.0749245151882051,-0.19538165633991217,-0.3201555251200122,0.29574964814062926,13
-0.15814504942380903,-0.029033236350672283,0.9678806962312858,-0.4542152274292055,-0.5422864002865057,-0.5208593564912101,-0.4226273797073774,11
-1.4488123893167053,-1.4397566225697094,-1.1838365724513114,-1.2280906322435046,-1.1707696701637755,-1.122970850604804,-1.2487609617325848,6
-0.6161237829341915,-0.532863017143186,-0.4665974828904456,-0.8834662754223805,-0.9567699904564614,-0.9496357235114966,-0.6740593394541796,9
-0.11651061910468331,-0.029033236350672283,-0.4665974828904456,-0.44605843791864636,-0.5873389644354138,-0.45243759579648346,-0.0275200143909739,11
-0.2830483403811862,-0.2809481267469291,-0.22751778637015682,-0.5908414517310712,-0.5873389644354138,-0.4113845393796475,-0.5303839338845783,12
-0.15814504942380903,0.021349741728578526,-0.10797793811001244,-0.3502161611695763,-0.30801306671218287,-0.43419179294455634,-0.3148708255301763,15
-1.199005807401951,-1.0870757760149505,-0.9447568759310225,-1.1791498951801498,-1.1414855034669853,-1.1594624563086582,-1.158963833251584,8
-2.1149632744227156,-2.145118315679228,-1.6619959654918883,-1.481970705759658,-1.4163061447753256,-1.5243785133471996,-1.4714578403654668,8
-1.2822746680402024,-1.1374587540942018,-0.9447568759310225,-1.1424443423826336,-1.0941803111106316,-1.1366552027437493,-1.1158612115807036,7
-0.19977947974293475,-0.23056514866767774,-0.10797793811001244,-0.5663710831993937,-0.6076126183024225,-0.9952502306413143,-0.23584935246689576,11
1.00761899951171,0.978626325234354,0.6092611514508532,0.9752621342962848,0.3339859724097596,0.7426624910047407,2.0198545149758447,10
0.34146811440569863,0.3236476102040867,-0.5861373311505896,0.1830339530832278,0.20108090817048044,-0.019099778063215306,0.3675873509254296,11
1.2157911511073387,1.381690149868365,0.8483408479711414,1.7909410853521999,1.5323841787707189,1.8830251692501834,2.414961880292248,13
0.5496402660013272,0.07173271980782989,0.25064160667042007,0.10554445273291585,0.023123279782292734,0.4872212510777615,-0.0275200143909739,11
-0.44958606165768905,-0.4824800390639346,-0.705677179410734,-0.6775073402807621,-0.5512969131162873,-0.48892920150033764,-0.7818158936313805,6
-0.11651061910468331,-0.23056514866767774,-0.10797793811001244,-0.401196095610571,-0.3485603744462003,-0.32471697583299397,-0.4944650824921779,8
1.6321354542985949,1.683988018343872,2.1632791788327292,2.9379896102745793,2.3613513591106297,1.9879385356487642,3.0615012053554542,16
0.2165648234483224,-0.029033236350672283,0.25064160667042007,0.19322993997142676,0.2371229594896068,0.3002017718455087,0.008398837001426452,7
-2.697845298890475,-2.6489480964717416,-2.737854599833187,-1.6196165287503437,-1.5694848628816134,-1.579115921902981,-1.6438683270489882,5
1.0492534298308358,1.0793922813928567,0.9678806962312858,1.0252224700484596,0.9331850755902392,1.5181091122116415,1.1937209329506373,13
0.008392671852693824,-0.029033236350672283,-0.5861373311505896,-0.22174672637826986,-0.22016056662181172,0.09949794047431085,-0.27895197413777595,14
0.34146811440569863,0.27326463212483537,1.0874205444914302,0.4144828554453437,-0.024181912574060955,0.21809565901183675,0.511262756495031,20
0.71617798727783,0.6259454786795944,0.4897213031907089,0.3838948947807466,0.3001965492980784,0.4096765889570713,0.5831004592798317,12
0.17493039312919667,-0.029033236350672283,0.8483408479711414,0.3084445918080747,-0.4544339001961345,0.24090291257674562,1.0141266759886356,18
-1.6569845409123334,-1.641288534886715,-1.5424561172317441,-1.3851088303217682,-1.3464746703445176,-1.3464819355409106,-1.392436367302186,5
-1.7818878318697104,-1.7420544910452176,-1.5424561172317441,-1.3810304355664886,-1.3667483242115264,-1.360166287679856,-1.3565175159097855,7
-0.6161237829341915,-0.7343949294601909,0.011561910150131954,-0.7152324917670982,-0.7788123620682739,-0.5984040186119002,-0.5663027852769786,11
-0.2830483403811862,-0.2809481267469291,0.3701814549305645,-0.5113127540031196,-0.5400337720790602,-0.502613553639283,-0.4226273797073774,9
-0.15814504942380903,-0.029033236350672283,0.4897213031907089,-0.29617743066212204,-0.3981181950099992,-0.32471697583299397,-0.1711954199605751,10
-1.1573713770828253,-1.0870757760149505,-0.9447568759310225,-1.1342875528720744,-1.1167065931850857,-1.1275323013177856,-1.1410044075553838,6
0.7994468479160814,0.7770944129173485,1.9241994823124402,1.3912583993348013,0.676385459941462,0.9433663223759382,1.9480168121910442,17
0.9243501388734586,0.978626325234354,1.0874205444914302,0.9681249434745459,0.6380907804148902,1.0437182380615373,1.2296397843430373,17
1.1741567207882129,1.2305412156306108,1.0874205444914302,1.155731102217406,0.4353542417448032,1.2763522244236079,1.8043414066214427,15
-1.573715680274082,-1.4397566225697094,-1.064296724191167,-1.2872273561950582,-1.260874798461592,-1.3054288791240747,-1.2128421103401843,9
-1.9067911228270877,-1.9435864033622228,-1.5424561172317441,-1.453421942472701,-1.452348196094452,-1.3784120905317832,-1.4283552186945863,8
-0.3663172010194376,-0.2809481267469291,-0.3470576346303012,-0.6234686097733078,-0.6706862081108941,-0.6941944835845174,-0.4585462310997777,15
-1.698618971231459,-1.5909055568074635,-1.4229162689715997,-1.3708344486782897,-1.3622430677966355,-1.337359034114947,-1.284679813124985,9
-0.7826615042106942,-0.6840119513809395,-0.3470576346303012,-0.9069170452652381,-0.9995699263979242,-1.0910406956139316,-0.6668755691756996,14
0.34146811440569863,0.4244135663625895,0.011561910150131954,0.3604441249378894,0.08619686959076432,0.5784502653373967,0.18799309396342823,12
0.6329091266395787,0.7267114348380971,0.6092611514508532,0.6235005866534219,0.42409110070757616,0.815645702412449,0.6908570134570328,10
0.5080058356822015,0.5251795225210922,0.7288009997109977,0.5195015203937925,0.06817584393120102,1.3265281822664075,0.619019310672232,14
0.2581992537674481,0.12211569788708126,0.011561910150131954,0.0800544855124186,-0.13230806653144056,0.5693273639114332,-0.20711427135297547,13
0.38310254472482436,0.8778603690758512,0.4897213031907089,0.5358150994149108,0.41733321608523993,0.8612602095422668,0.5471816078874313,14
0.7994468479160814,0.7770944129173485,0.8483408479711414,0.9018510287012524,0.773248472861615,1.1577545058860816,0.9422889732038349,11
0.8827157085543329,1.0290093033136054,1.2069603927515746,1.365768432114304,0.23937558769705222,1.1577545058860816,2.1994487719378464,16
-0.82429593452982,-0.6840119513809395,-0.4665974828904456,-0.898760255754679,-0.9477594776266798,-0.8538452585388794,-0.8177347450237809,10
0.9659845691925844,0.978626325234354,1.2069603927515746,0.8294595217950403,0.37903853655866787,1.1851232101639724,0.9063701218114345,14
1.2574255814264643,1.1801582375513595,0.8483408479711414,1.1689858851720645,0.5569961649468553,1.2763522244236079,1.6247471496594412,16
-0.19977947974293475,-0.07941621442992365,0.1311017584102757,-0.4613524182509447,-0.6459072978289946,-0.3885772858147386,-0.20711427135297547,11
-1.1573713770828253,-1.036692797935699,-1.1838365724513114,-1.1240915659838753,-1.1279697342223127,-1.1777082591605852,-0.9973290019857824,9
-0.03324175846643189,0.27326463212483537,1.326500241011719,0.29417021016459616,-0.27422364360050167,0.3002017718455087,0.8345324190266338,18
-0.03324175846643189,0.07173271980782989,0.8483408479711414,-0.15445321291615685,-0.4566865284035799,-0.08752153875794168,0.11615539117862751,8
0.9659845691925844,1.1801582375513595,1.4460400892718634,1.1169863520422503,0.36327013910655,1.1577545058860816,1.660666001051841,16
-0.6993926435724429,-0.5832459952224374,-0.4665974828904456,-0.9252698216639962,-0.9770436443234701,-0.7671776949922257,-0.8895724478085815,9
-0.8659303648489457,-0.885543863697945,-0.22751778637015682,-0.8467607226248645,-0.8779280031958719,-0.680510131445572,-0.8608373666946613,10
-0.6161237829341915,-0.5832459952224374,-0.10797793811001244,-0.5480183068006356,-0.5783284516056322,-0.39770018724070216,-0.6740593394541796,13
-0.8659303648489457,-0.8351608856186936,-0.3470576346303012,-0.8916230649329397,-0.9094647981001077,-0.7124402864364445,-0.8895724478085815,9
0.9659845691925844,0.978626325234354,1.2069603927515746,0.9130666142782714,0.5592487931543008,1.3447739851183345,1.157802081558237,12
0.38310254472482436,0.47479654444184083,0.25064160667042007,0.2676606442552789,0.12449154911733636,0.5282743074945973,0.2598307967482289,11
-0.9491992254871972,-0.8351608856186936,-0.4665974828904456,-0.9262894203528161,-0.9072121698926623,-0.9085826670946606,-0.8177347450237809,12
-0.3246827707003119,0.021349741728578526,0.25064160667042007,-0.2706874634416248,-0.5355285156641694,-0.16506620087863186,0.18799309396342823,13
0.71617798727783,0.7267114348380971,1.2069603927515746,0.9518113644534276,0.7304485369201519,1.2945980272755349,0.9063701218114345,12
0.5496402660013272,0.7770944129173485,1.565579937532007,0.8213027322844811,0.4195858442926853,0.5237128567816154,1.301477487127838,13
1.1741567207882129,1.280924193709862,0.3701814549305645,1.1302411349969088,1.0660901398295184,0.6924865331619411,1.7684225552290422,14
-1.490446819635831,-1.2382247102527046,-0.9447568759310225,-1.2362474217540635,-1.2293380035573565,-1.118409399891822,-1.1769232589477843,8
0.9243501388734586,1.0290093033136054,0.3701814549305645,0.667343330272677,0.30920706212786003,0.988980829505756,0.5471816078874313,18
1.4239633027029663,1.2305412156306108,0.25064160667042007,1.321925688495049,1.2530582810474875,1.112139998756264,1.3733151899126386,14
1.3823288723838405,1.3313071717891136,1.0874205444914302,1.5146298406820082,1.5053526402813737,1.253544970858699,1.660666001051841,15
0.2581992537674481,0.27326463212483537,-0.10797793811001244,0.05966251173602072,0.07943898496842808,-0.20155780658248607,0.3675873509254296,15
1.0492534298308358,1.1801582375513595,1.2069603927515746,1.3678076294919441,1.2035004604836883,2.0061843385006912,1.1218832301658366,14
0.9243501388734586,0.7267114348380971,1.2069603927515746,1.301533714718651,1.0052691782284924,1.1167014494692458,1.301477487127838,15
1.0908878601499614,1.0290093033136054,0.4897213031907089,0.536834698103731,0.1650388568513538,0.929681970236993,0.9422889732038349,14
1.3823288723838405,1.4824561060268677,1.565579937532007,2.0142331982037565,1.8882994355470937,2.3619774941132694,1.9839356635834444,19
1.4239633027029663,1.4320731279476162,0.4897213031907089,1.6471776702285947,1.507605268488819,1.093894195904337,1.4451528926974393,13
0.2165648234483224,0.27326463212483537,0.4897213031907089,0.15754398586273055,-0.07824498955275064,0.3503777296883082,0.40350620231782997,13
0.71617798727783,0.8778603690758512,1.2069603927515746,0.7835775807981452,0.4713962930639298,1.1440701537471363,0.9063701218114345,15
0.5912746963204529,0.9282433471551026,0.6092611514508532,0.4715803820192578,0.19207039534069878,0.9068747166720845,0.2598307967482289,11
-1.865156692507962,-1.6916715129659663,-1.1838365724513114,-1.3616580604789106,-1.2924115933658278,-1.2917445269851293,-1.3565175159097855,6
-0.7410270738915685,-0.5832459952224374,-0.3470576346303012,-0.7539772419422541,-0.7315071697119202,-0.6029654693248819,-0.6740593394541796,9
-0.5744893526150657,-0.3313311048261805,-0.3470576346303012,-0.6030766359969099,-0.5693179387758505,-0.680510131445572,-0.38670852831497704,8
-0.3663172010194376,-0.2809481267469291,-0.22751778637015682,-0.43076445758634785,-0.2674657589781654,-0.35208568011088465,-0.4585462310997777,12
-0.7826615042106942,-0.5832459952224374,-0.8252170276708785,-0.9436225980627543,-0.8508964647065269,-0.8675296106778246,-0.9254912992009817,6
-0.7410270738915685,-0.5832459952224374,-0.8252170276708785,-0.8345255383590258,-0.7450229389565927,-0.7306860892883715,-0.7818158936313805,7
-1.865156692507962,-1.7924374691244687,-1.5424561172317441,-1.3840892316329483,-1.3464746703445176,-1.2643758227072386,-1.392436367302186,5
0.42473697504395,0.7267114348380971,0.25064160667042007,0.09330926846707734,0.07042847213864642,0.11318229261325617,0.3675873509254296,12
-0.15814504942380903,-0.23056514866767774,-0.705677179410734,-0.35429455592485587,-0.18411851530268508,-0.27910246870317623,-0.38670852831497704,9
-0.5744893526150657,-0.3313311048261805,-0.3470576346303012,-0.7029973075012595,-0.64815992603644,-0.7170017371494263,-0.5303839338845783,7
0.9659845691925844,0.978626325234354,0.6092611514508532,1.253612576344116,1.149437383504999,1.1212629001822274,1.0859643787734363,18
0.29983368408657385,0.27326463212483537,-0.3470576346303012,0.09942686059999647,-0.11203441266443184,0.3093246732714723,0.3675873509254296,13
1.00761899951171,1.129775259472108,1.2069603927515746,0.9823993251180242,0.9940060371912651,0.9798579280797924,0.9422889732038349,12
0.5912746963204529,0.7770944129173485,0.1311017584102757,0.8620866798372769,0.649353921452117,1.0209109844966284,0.6549381620646324,14
0.34146811440569863,0.4244135663625895,-0.5861373311505896,0.16264197930682991,0.17404936968113546,0.14967389831711037,0.3675873509254296,17
1.0908878601499614,0.9282433471551026,0.011561910150131954,0.6969116922484543,0.8160484088030776,1.2489835201457171,0.33166849953302924,12
-0.3663172010194376,-0.2809481267469291,-0.10797793811001244,-0.6132726228851088,-0.7179914004672476,-0.3748929336757933,-0.5663027852769786,14
-0.24141391006206045,-0.23056514866767774,-0.10797793811001244,-0.3390005755925576,-0.26521313077072,-0.1559432994526683,-0.38670852831497704,11
-1.032468086125448,-0.7343949294601909,-0.5861373311505896,-0.8059767750720687,-0.6706862081108941,-0.5482280607691007,-0.8536535964161812,10
-0.9491992254871972,-0.9863098198564477,-0.3470576346303012,-0.9568773810174129,-0.981548900738361,-0.8401609063999341,-0.8895724478085815,11
0.5912746963204529,0.5755625006003435,0.1311017584102757,0.5674226587683276,0.19207039534069878,0.5556430117724879,0.511262756495031,12
0.8410812782352072,0.6763284567588458,-0.22751778637015682,0.06272130780248052,-0.17961325888779425,-0.028222679489178858,0.008398837001426452,13
-0.03324175846643189,0.17249867596633262,0.3701814549305645,-0.1126496666745413,-0.2809815282228379,-0.5254208072041918,0.11615539117862751,17
-0.4912204919768143,-0.4824800390639346,-0.3470576346303012,-0.7998591829391494,-0.8576543493288632,-0.6668257793066268,-0.6740593394541796,11
-0.4079516313385633,-0.3313311048261805,0.011561910150131954,-0.668330952081383,-0.7540334517863743,-0.5755967650469914,-0.4585462310997777,13
-0.19977947974293475,-0.029033236350672283,0.011561910150131954,-0.31656940443851994,-0.4251497334993441,-0.5162979057782283,0.08023653978622716,18
-0.53285492229594,-0.532863017143186,-0.705677179410734,-0.8437019265584048,-0.6504125542438853,-0.899459765668697,-0.7818158936313805,12
-0.3246827707003119,-0.23056514866767774,-0.3470576346303012,-0.7162520904559181,-0.7179914004672476,-0.9313899206595695,-0.4944650824921779,12
-0.4912204919768143,-0.1801821705884264,0.011561910150131954,-0.5571946950000147,-0.659423067073667,-0.6668257793066268,-0.1711954199605751,15
0.008392671852693824,0.07173271980782989,0.4897213031907089,-0.3757061283900738,-0.44767601557379827,-0.21068070800844962,-0.13527656856817477,12
1.0908878601499614,1.2305412156306108,1.2069603927515746,1.222005016990699,0.6020487290957636,1.253544970858699,2.3431241775074474,18
1.3823288723838405,1.3313071717891136,1.0874205444914302,1.6125113148087182,0.7822589856913967,1.5728465207674227,2.2712864747226473,24
0.2165648234483224,0.4244135663625895,0.7288009997109977,-0.03821896239068891,-0.19087639992502134,-0.21524215872143138,-0.13527656856817477,11
0.46637140536307575,0.6763284567588458,0.6092611514508532,0.4277376384000022,0.24613347231938845,0.7244166881528136,0.47534390510263064,13
0.5496402660013272,0.6763284567588458,0.3701814549305645,0.2911114140981366,0.05240744647908312,0.49634415250372477,0.29574964814062926,11
0.34146811440569863,0.3236476102040867,0.3701814549305645,0.0800544855124186,-0.05121345106340592,0.33213192683638115,0.15207424257102786,11
1.1741567207882129,1.6336050402646205,1.0874205444914302,1.413689570488839,1.5188684095260463,1.112139998756264,1.1937209329506373,13
0.7994468479160814,1.0290093033136054,0.8483408479711414,0.6051478102546636,0.6268276393776632,0.42336094109601663,0.5471816078874313,14
0.2165648234483224,0.5251795225210922,-0.22751778637015682,-0.24519749622112733,-0.24493947690371126,-0.3201555251200122,-0.2430331227453758,12
0.6745435569587044,0.6763284567588458,0.1311017584102757,0.38695369084720643,0.49617520334582915,0.4051151382440895,0.22391194535582856,15
0.09166153249094526,0.12211569788708126,0.4897213031907089,-0.22174672637826986,-0.38009716935043586,-0.15138184873968655,-0.09935771717577441,15
-0.11651061910468331,-0.12979919250917502,-0.4665974828904456,-0.43076445758634785,-0.4386655027440166,-0.5345437086301554,-0.32923836608713647,12
0.05002710217181954,-0.029033236350672283,-0.22751778637015682,-0.18504117358075367,-0.3372972334089732,-0.09664444018390524,-0.32923836608713647,9
-0.24141391006206045,-0.3313311048261805,0.25064160667042007,-0.4725680038279636,-0.44091813095146204,-0.4159459900926292,-0.4369949202643375,11
0.42473697504395,0.47479654444184083,1.0874205444914302,0.667343330272677,0.8701114857817676,0.5693273639114332,0.40350620231782997,13
0.8827157085543329,0.9282433471551026,0.4897213031907089,0.7978519624416235,0.5907855880585365,1.089332745191355,0.762694716241833,14
0.5496402660013272,0.4244135663625895,-0.4665974828904456,-0.1636296011155358,-0.11203441266443184,-0.44787614508350165,-0.13527656856817477,14
0.6745435569587044,0.7770944129173485,0.6092611514508532,0.4991095466173946,0.34975436986187747,0.22265710972481853,0.6549381620646324,14
1.00761899951171,0.9282433471551026,1.2069603927515746,0.8162047388403818,0.7417116779573792,0.8886289138201574,1.1218832301658366,17
0.7994468479160814,0.9282433471551026,0.8483408479711414,0.6469513564962791,0.5299646264575103,0.4507296453739073,1.0859643787734363,13
0.6745435569587044,0.7770944129173485,0.8483408479711414,0.6449121591186395,0.3294807159948688,0.815645702412449,1.1937209329506373,16
0.7578124175969557,0.9282433471551026,1.565579937532007,0.5643638627018678,0.38354379297355873,0.42336094109601663,1.0859643787734363,16
1.1325222904690873,1.1801582375513595,1.2069603927515746,1.7154907823795273,1.32063712727085,2.7998767625595193,1.8043414066214427,11
1.5488665936603434,1.683988018343872,0.8483408479711414,1.480983083950952,1.293605588781505,1.7324972957217848,2.0198545149758447,15
0.34146811440569863,0.4244135663625895,1.0874205444914302,0.20342592685962568,-0.2584552461483837,-0.0008539752112882052,0.18799309396342823,12
0.38310254472482436,0.27326463212483537,0.011561910150131954,-0.0412777584571487,-0.16159223322823096,0.02195327835362067,-0.13527656856817477,16
0.6329091266395787,0.3740305882833381,0.8483408479711414,0.46546278988633816,0.10647052345777305,0.3230090254104176,0.8345324190266338,16
-0.9491992254871972,-1.0870757760149505,-0.5861373311505896,-1.1607971187813915,-1.1820328112010023,-1.1777082591605852,-1.1410044075553838,10
-0.6161237829341915,-0.8351608856186936,-0.10797793811001244,-0.7968003868726896,-0.8058439005576188,-0.5847196664729548,-0.9254912992009817,9
-2.07332884410359,-2.094735337599977,-1.4229162689715997,-1.4880882978925773,-1.452348196094452,-1.4285880483745825,-1.500192921479387,5
-0.3246827707003119,-0.532863017143186,-0.4665974828904456,-0.6530369717490848,-0.6729388363183395,-0.5345437086301554,-0.7458970422389801,9
0.7994468479160814,0.7770944129173485,0.6092611514508532,0.6877353040490749,0.5569961649468553,0.5237128567816154,0.8345324190266338,13
-0.3663172010194376,-0.2809481267469291,-0.10797793811001244,-0.6560957678155444,-0.7562860799938197,-0.4022616379536839,-0.602221636669379,12
-0.15814504942380903,0.021349741728578526,0.25064160667042007,-0.3960981021664717,-0.5242653746269423,-0.4296303422315746,-0.1711954199605751,17
-1.032468086125448,-0.9863098198564477,-0.705677179410734,-1.0496608617000232,-0.9973172981904788,-1.1275323013177856,-0.9973290019857824,11
-0.6161237829341915,-0.532863017143186,-0.5861373311505896,-0.7957807881838698,-0.7900755031055009,-0.662264328593645,-0.9075318735047816,11
-1.4488123893167053,-1.490139600648961,-1.1838365724513114,-1.2923253496391578,-1.283401080536046,-1.2734987241332023,-1.2451690765933447,9
-0.6993926435724429,-0.5832459952224374,0.011561910150131954,-0.7702908209633724,-0.8486438364990816,-1.004373132067278,-0.3938922985934571,16
-2.1565977047418414,-2.094735337599977,-1.7815358137520325,-1.5186762585571743,-1.4658639653391246,-1.5517472176250902,-1.500192921479387,7
-2.989286311124355,-2.8504800087887467,-2.379235055052754,-1.6400085025267415,-1.5762427475039495,-1.6064846261808716,-1.6582358676059483,4
1.5072321633412178,1.4824561060268677,1.4460400892718634,1.3045925107851104,0.5051857161756108,1.3037209287014986,2.0198545149758447,19
0.09166153249094526,0.17249867596633262,0.3701814549305645,-0.10653207454162193,-0.2584552461483837,-0.21980360943441316,0.08023653978622716,16
-0.2830483403811862,-0.23056514866767774,0.011561910150131954,-0.583704260909332,-0.7270019132970293,-0.48892920150033764,-0.4585462310997777,11
-0.3663172010194376,-0.38171408290543185,-0.22751778637015682,-0.48990118153790174,-0.5039917207599336,-0.2745410179901945,-0.5698946704162187,15
-1.0741025164445739,-1.0870757760149505,-0.8252170276708785,-1.001739723325488,-0.9725383879085793,-0.9587586249374601,-1.0116965425427427,12
-1.2406402377210768,-1.2886076883319553,-0.9447568759310225,-1.166914710914311,-1.0941803111106316,-1.1138479491788404,-1.1948826846439844,12
-1.490446819635831,-1.4397566225697094,-1.1838365724513114,-1.357579665723631,-1.3419694139296268,-1.3099903298370565,-1.3672931713275056,10
0.2165648234483224,0.07173271980782989,-0.10797793811001244,-0.03923856107950891,-0.27422364360050167,0.19072695473394635,0.29574964814062926,12
0.9243501388734586,0.7267114348380971,1.4460400892718634,1.0945551808882124,1.1989952040687974,0.7198552374398318,1.3373963385202383,16
0.42473697504395,0.6763284567588458,0.7288009997109977,0.28193502589875746,0.08169161317587349,0.9433663223759382,0.2598307967482289,13
0.17493039312919667,0.27326463212483537,0.25064160667042007,-0.29209903590684244,-0.31026569491962824,-0.32471697583299397,-0.09935771717577441,10
-1.1573713770828253,-1.036692797935699,-0.3470576346303012,-1.0496608617000232,-0.9612752468713522,-1.141216653456731,-1.1410044075553838,10
-0.11651061910468331,-0.6840119513809395,0.9678806962312858,-0.26151107524224565,-0.21340268199947546,-0.142258947313723,-0.27895197413777595,11
-0.6993926435724429,-0.6840119513809395,-0.3470576346303012,-0.6917817219242407,-0.8373806954618546,-0.8492838078258976,-0.27895197413777595,13
-0.6161237829341915,-0.4824800390639346,-0.3470576346303012,-0.7723300183410122,-0.7585387082012651,-0.8584067092518612,-0.6740593394541796,12
-1.1157369467636995,-1.0870757760149505,-0.8252170276708785,-1.1618167174702114,-1.188790695823339,-1.3008674284110928,-1.1050855561629835,8
-0.82429593452982,-0.8351608856186936,-0.10797793811001244,-0.9109954400205177,-0.9590226186639068,-0.9268284699465877,-0.7099781908465798,12
-0.6161237829341915,-0.5832459952224374,-0.3470576346303012,-0.7855848012956708,-0.78557024669061,-0.8264765542609888,-0.6740593394541796,11
1.1325222904690873,1.1801582375513595,0.9678806962312858,1.7634119207540626,1.095374306526309,2.0061843385006912,1.301477487127838,15
1.3406944420647158,1.1801582375513595,0.8483408479711414,1.797058677485119,0.8205536652179685,1.171438858025027,2.450880731684648,16
0.5080058356822015,0.6763284567588458,1.0874205444914302,0.058642913047200936,-0.05797133568574216,-0.019099778063215306,0.2598307967482289,12
0.13329596281007097,0.27326463212483537,0.1311017584102757,0.2880526180316768,0.31145969033530546,0.3595006311142718,0.18080932368494815,17
-0.2830483403811862,-0.1801821705884264,-0.10797793811001244,-0.48684238547144215,-0.6504125542438853,-0.5071750043522647,-0.39030041345421707,12
-0.7826615042106942,-0.7847779075394422,-1.064296724191167,-0.9966417298813887,-1.0266014648872692,-0.8720910613908064,-0.9111237586440216,14
-0.5744893526150657,-0.4320970609846832,-0.705677179410734,-0.9048778478875983,-0.8711701185735357,-1.2278842170033848,-0.7494889273782201,13
-0.24141391006206045,-0.2809481267469291,0.1311017584102757,-0.639782188794426,-0.8306228108395184,-0.7534933428532804,-0.19274673079601531,13
-0.3663172010194376,-0.2809481267469291,0.1311017584102757,-0.48684238547144215,-0.5738231951907413,-0.3612085815368482,-0.06343886578337406,12
-0.44958606165768905,-0.07941621442992365,0.4897213031907089,-0.649978175682625,-0.8914437724405444,-0.981565878502369,-0.2933195146947361,14
-0.9075647951680714,-0.885543863697945,-0.9447568759310225,-1.0771900262981604,-1.0716540290361773,-1.122970850604804,-0.9685939208718621,11
-0.2830483403811862,-0.23056514866767774,-0.5861373311505896,-0.29719702935094183,-0.14807646398355848,-0.17418910230459542,-0.5303839338845783,13
-0.44958606165768905,-0.3313311048261805,-0.8252170276708785,-0.735624465543496,-0.8689174903660902,-0.662264328593645,-0.4944650824921779,10
-0.6577582132533172,-0.6336289733016887,-0.22751778637015682,-0.8589959068907032,-1.004075182812815,-1.059110540623059,-0.4226273797073774,11
-0.11651061910468331,-0.2809481267469291,-0.22751778637015682,-0.4990775697372809,-0.609865246509868,-0.4113845393796475,-0.38670852831497704,13
-0.03324175846643189,-0.029033236350672283,0.1311017584102757,0.000525787784466851,-0.02643454078150637,-0.11032879232285056,-0.2430331227453758,15
-0.4079516313385633,-0.4320970609846832,0.011561910150131954,-0.7631536301416332,-0.8486438364990816,-0.5710353143340096,-0.5806703258339387,8
-0.5744893526150657,-0.4824800390639346,-0.705677179410734,-0.7957807881838698,-0.6909598619779028,-0.7534933428532804,-0.8177347450237809,10
-0.7410270738915685,-0.6840119513809395,-0.705677179410734,-0.8600155055795231,-0.8599069775363086,-0.981565878502369,-0.7818158936313805,10
-1.1157369467636995,-1.0870757760149505,-0.9447568759310225,-1.060876447277042,-0.9950646699830333,-0.9770044277893872,-1.1050855561629835,6
-1.2406402377210768,-1.2382247102527046,-0.9447568759310225,-1.2026006650230072,-1.1459907598818762,-1.141216653456731,-1.2128421103401843,8
-1.9900599834653392,-1.9435864033622228,-1.5424561172317441,-1.4738139162490989,-1.4320745422274435,-1.437710949800546,-1.4642740700869867,5
0.46637140536307575,0.3740305882833381,0.7288009997109977,0.7122056725807524,0.15377571581412675,0.32757047612339935,0.5471816078874313,20
0.46637140536307575,0.3236476102040867,0.8483408479711414,0.4980899479285748,0.18531251071836252,0.491782701790743,0.6908570134570328,19
-0.9491992254871972,-0.9359268417771963,-1.064296724191167,-1.0659744407211413,-1.0739066572436229,-0.9770044277893872,-1.069166704770583,9
-0.9491992254871972,-1.0870757760149505,-0.9447568759310225,-1.0761704276093407,-1.0603908879989503,-1.018057484206223,-1.069166704770583,9
0.13329596281007097,-0.029033236350672283,0.25064160667042007,-0.1432376273391381,-0.2359289640739296,0.2454643632897274,-0.3507896769225767,10
-1.6153501105932075,-1.641288534886715,-1.3033764207114553,-1.3412660867025126,-1.3239483882700636,-1.3145517805500382,-1.3205986645173855,11
-0.6993926435724429,-0.9863098198564477,-0.5861373311505896,-0.9507597888844935,-1.015338323850042,-0.899459765668697,-0.8536535964161812,11
-2.0316944137844644,-1.9939693814414743,-1.7815358137520325,-1.5054214756025155,-1.4613587089242337,-1.4650796540784368,-1.500192921479387,5
0.5496402660013272,0.5755625006003435,1.326500241011719,0.5296975072819916,0.041144305441856044,0.058444884057474875,0.9782078245962352,17
0.71617798727783,0.7267114348380971,0.6092611514508532,0.5470306849919297,0.2799228954310697,0.7609082938566678,0.6908570134570328,13
0.71617798727783,0.5251795225210922,0.7288009997109977,0.9161254103447312,0.22811244665982514,0.697047983874923,0.9422889732038349,17
-0.5744893526150657,-0.6336289733016887,-0.3470576346303012,-0.7927219921174101,-0.8576543493288632,-0.6759486807325903,-0.7458970422389801,12
-1.6153501105932075,-1.7420544910452176,-1.1838365724513114,-1.357579665723631,-1.3419694139296268,-1.337359034114947,-1.3205986645173855,10
-0.6993926435724429,-0.7847779075394422,-0.10797793811001244,-0.6255078071509476,-0.8531490929139723,-0.821915103548007,-0.3148708255301763,16
0.13329596281007097,-0.029033236350672283,0.3701814549305645,0.2911114140981366,-0.16609748964312177,0.12230519403921973,0.3675873509254296,19
-0.4079516313385633,-0.3313311048261805,-0.3470576346303012,-0.4909207802267217,-0.5512969131162873,-0.08296008804495991,-0.602221636669379,10
-0.53285492229594,-0.7847779075394422,0.25064160667042007,-0.6040962346857298,-0.6796967209406758,-0.0008539752112882052,-0.8177347450237809,10
-1.7818878318697104,-1.7420544910452176,-1.1838365724513114,-1.4309907713186634,-1.402790375530653,-1.3647277383928378,-1.4283552186945863,6
-2.239866565380093,-2.1955012937584795,-1.6619959654918883,-1.5237742520012736,-1.4928955038284693,-1.5015712597822908,-1.493009151200907,5
-1.573715680274082,-1.5405225787282122,-1.5424561172317441,-1.3565600670348112,-1.3419694139296268,-1.3327975834019654,-1.3062311239604252,8
-1.9067911228270877,-1.9939693814414743,-1.4229162689715997,-1.4860491005149377,-1.4478429396795613,-1.4103422455226555,-1.493009151200907,8
-2.7811141595287268,-2.8000970307094954,-2.25969520679261,-1.6359301077714619,-1.578495375711395,-1.6019231754678898,-1.6510520973274683,5
0.17493039312919667,0.27326463212483537,0.6092611514508532,0.3400521511614915,-0.15708697681334013,0.7837155474215767,0.619019310672232,19
-0.24141391006206045,-0.07941621442992365,-0.4665974828904456,-0.3430789703478372,-0.44542338736635284,-0.1787505530175772,-0.3507896769225767,15
-0.19977947974293475,-0.3313311048261805,-0.22751778637015682,-0.2197075290006301,-0.24268684869626586,-0.0738371866189966,-0.13527656856817477,14
-1.8235222621888363,-1.8428204472037202,-1.6619959654918883,-1.387148027699408,-1.3554851831742993,-1.341920484827929,-1.392436367302186,7
-0.4079516313385633,-0.5832459952224374,-0.5861373311505896,-0.6968797153683401,-0.7450229389565927,-0.3201555251200122,-0.8177347450237809,13
-0.0748761887855576,-0.07941621442992365,-0.3470576346303012,0.25746465736707996,-0.08275024596764147,0.6651178288840505,0.15207424257102786,13
0.17493039312919667,0.021349741728578526,0.1311017584102757,0.09025047240061755,-0.2516973615260475,0.14055099689114683,0.511262756495031,18
1.7986731755750978,1.280924193709862,1.0874205444914302,1.6747068348267315,1.687815525084452,2.4623294097988686,0.6908570134570328,13
0.34146811440569863,0.5755625006003435,0.25064160667042007,0.6112654023875832,0.07943898496842808,1.568285070054441,0.6549381620646324,16
0.29983368408657385,0.3236476102040867,0.4897213031907089,0.5765990469677066,0.649353921452117,0.8931903645331393,0.15207424257102786,10
0.17493039312919667,0.12211569788708126,-0.3470576346303012,0.29722900623105597,-0.028687168988951784,-0.060152834480051286,0.47534390510263064,13
1.00761899951171,1.0793922813928567,1.0874205444914302,1.288278931763992,1.0097744346433832,1.2307377172937901,1.2296397843430373,19
0.42473697504395,0.27326463212483537,-0.22751778637015682,0.37064011182608814,0.03889167723441063,0.3777464339661989,0.5831004592798317,10
0.7994468479160814,0.7267114348380971,0.4897213031907089,0.5052271387503141,0.2371229594896068,0.6605563781710687,0.4394250537102303,13
0.6745435569587044,0.4244135663625895,0.6092611514508532,0.8029499558857228,-0.010666143329388473,0.19528840544692813,1.0500455273810358,13
0.6745435569587044,0.6763284567588458,0.4897213031907089,1.6053741239869792,0.8565957165370951,1.3812655908221887,0.7267758648494331,18
-0.4079516313385633,-0.3313311048261805,0.25064160667042007,-0.5500575041782754,-0.7382650543342564,-0.5391051593431372,-0.31846271066941634,12
-1.323909098359328,-1.2382247102527046,-1.3033764207114553,-1.2403258165093431,-1.2338432599722469,-1.1777082591605852,-1.2128421103401843,9
-0.53285492229594,-0.5832459952224374,-0.5861373311505896,-0.7927219921174101,-0.763043964616156,-0.7124402864364445,-0.7818158936313805,8
0.05002710217181954,0.222881654045584,-0.10797793811001244,0.10248565666645627,-0.3575708872759817,0.32757047612339935,0.08023653978622716,10
-0.3663172010194376,-0.12979919250917502,0.25064160667042007,-0.3002558254174016,-0.6526651824513308,-0.36577003224982974,0.07664465464698712,18
-0.5744893526150657,-0.6336289733016887,0.25064160667042007,-0.5082539579366598,-0.8599069775363086,-0.5071750043522647,-0.1711954199605751,13
-1.4488123893167053,-1.4397566225697094,-0.705677179410734,-1.2637765863522008,-1.321695760062618,-1.1092864984658586,-1.1769232589477843,9
-1.2822746680402024,-1.2886076883319553,-0.8252170276708785,-1.2331886256876041,-1.2518642856318103,-1.122970850604804,-1.1769232589477843,8
-1.5320812499549563,-1.5909055568074635,-1.5424561172317441,-1.330050501125494,-1.2653800548764826,-1.278060174846184,-1.3565175159097855,7
-1.4488123893167053,-1.2886076883319553,-1.5424561172317441,-1.290286152261518,-1.2496116574243648,-1.2826216255591658,-1.2559447320110648,8
-1.4488123893167053,-1.4397566225697094,-1.4229162689715997,-1.2984429417720773,-1.2541169138392556,-1.223322766290403,-1.3349662050743456,6
-1.1157369467636995,-0.9359268417771963,-1.1838365724513114,-1.0588372498994023,-0.9567699904564614,-1.1913926112995306,-1.069166704770583,7
-1.0741025164445739,-0.9863098198564477,-1.064296724191167,-1.051700059077663,-1.0288540930947145,-0.9906887799283326,-1.047615393935143,7
-0.9075647951680714,-0.9863098198564477,-0.8252170276708785,-0.9568773810174129,-0.8666648621586449,-0.8903368642427335,-1.058391049352863,6
-0.7826615042106942,-0.885543863697945,-0.9447568759310225,-0.9038582491987784,-0.7540334517863743,-0.9678815263634236,-0.9973290019857824,7
-0.3663172010194376,-0.532863017143186,-0.5861373311505896,-0.5102931553142996,-0.49272857972270656,-0.680510131445572,-0.3938922985934571,8
-0.2830483403811862,-0.12979919250917502,-0.4665974828904456,-0.31554980574969993,-0.1210449254942135,-0.5208593564912101,-0.38670852831497704,9
-0.2830483403811862,-0.38171408290543185,-0.8252170276708785,-0.6163314189515686,-0.49723383613759736,-0.7306860892883715,-0.6525080286187395,7
0.29983368408657385,0.5755625006003435,0.4897213031907089,0.4134632567565239,0.32722808778742335,0.1998498561599099,0.7052245540139929,9
0.29983368408657385,0.4244135663625895,0.011561910150131954,0.14530880159689183,0.5074383443830562,0.01283037692765712,-0.1496441091251349,7
0.46637140536307575,0.5251795225210922,0.25064160667042007,0.38287529609192683,0.593038216265982,0.36862353254023533,0.18799309396342823,9
0.46637140536307575,0.7267114348380971,0.9678806962312858,0.8580082850819973,0.6088066137180999,0.815645702412449,0.9494727434823149,8
0.5496402660013272,0.6259454786795944,-0.10797793811001244,0.6928332974931747,0.8092905241807417,0.897751815246121,0.29574964814062926,8
0.5912746963204529,0.6763284567588458,0.6092611514508532,0.6510297512515587,0.3812911647661133,0.3047632225584905,0.9422889732038349,10
0.6329091266395787,0.6763284567588458,0.25064160667042007,0.5307171059708115,0.7214380240903703,0.38686933539216245,0.3819548914823897,11
0.71617798727783,0.6259454786795944,0.3701814549305645,0.4155024541341635,0.6200697547553269,0.3366933775493629,0.2849739927229092,9
0.8827157085543329,0.6763284567588458,0.25064160667042007,0.6999704883149136,0.7957747549360692,0.6696792795970322,0.5543653781659115,11
0.9659845691925844,1.0290093033136054,0.7288009997109977,1.1067903651540512,0.9354377037976843,1.1531930551731,1.2224560140645573,10
1.0492534298308358,1.381690149868365,1.0874205444914302,1.3800428137577827,1.3386581529304131,1.4633717036558607,1.3733151899126386,10
1.5488665936603434,1.4320731279476162,1.4460400892718634,2.1936825674360576,2.3545934744882944,2.3665389448262513,1.8761791094062434,13
1.7986731755750978,1.9862858868193802,1.4460400892718634,3.3927306254882525,3.5417285398120257,3.598130637331329,2.0449977109505246,13
-2.2815009956992185,-2.296267249916982,-1.7815358137520325,-1.5258134493789133,-1.463611337131679,-1.4787640062173821,-1.5612549688464676,4
-2.0316944137844644,-1.9939693814414743,-1.7815358137520325,-1.4636179293609,-1.4275692858125526,-1.3875349919577467,-1.500192921479387,6
-1.6569845409123334,-1.6916715129659663,-1.5424561172317441,-1.3800108368776687,-1.3262010164775089,-1.3692891891058194,-1.392436367302186,6
-1.4488123893167053,-1.4397566225697094,-1.064296724191167,-1.2841685601285986,-1.2901589651583822,-1.200515512725494,-1.284679813124985,5
-1.3655435286784539,-1.389373644490458,-1.1838365724513114,-1.243384612575803,-1.1820328112010023,-1.278060174846184,-1.2487609617325848,6
-1.323909098359328,-1.389373644490458,-0.8252170276708785,-1.250521803397542,-1.2068117214829022,-1.2141998648644394,-1.2631285022895449,6
-1.2822746680402024,-1.2886076883319553,-1.1838365724513114,-1.166914710914311,-1.0536330033766141,-1.059110540623059,-1.2523528468718248,6
-1.2406402377210768,-1.2382247102527046,-1.1838365724513114,-1.165895112225491,-1.1482433880893215,-1.0819177941879679,-1.1769232589477843,7
-1.199005807401951,-1.3389906664112068,-1.064296724191167,-1.1791498951801498,-1.1932959522382298,-1.0499876391970955,-1.1769232589477843,6
-1.0741025164445739,-1.0870757760149505,-1.1838365724513114,-1.1210327699174156,-1.015338323850042,-1.200515512725494,-1.1769232589477843,8
-0.7826615042106942,-0.7343949294601909,-0.8252170276708785,-0.9191522295310769,-0.7720544774459376,-0.9313899206595695,-1.069166704770583,6
-0.6993926435724429,-0.5832459952224374,-0.3470576346303012,-0.7600948340751734,-0.6729388363183395,-0.7763005964181893,-0.7746321233529004,8
-0.4912204919768143,-0.38171408290543185,-0.9447568759310225,-0.6591545638820041,-0.5648126823609596,-0.6440185257417179,-0.7099781908465798,7
-0.4912204919768143,-0.532863017143186,-0.5861373311505896,-0.7305264720993967,-0.7382650543342564,-0.5710353143340096,-0.8105509747453008,7
-0.3663172010194376,-0.38171408290543185,-0.22751778637015682,-0.37876492445653337,-0.0467081946485151,-0.5938425678989183,-0.7458970422389801,8
-0.3246827707003119,-0.38171408290543185,-0.9447568759310225,-0.6438605835497057,-0.6323915285843221,-0.6668257793066268,-0.7818158936313805,7
-0.2830483403811862,-0.07941621442992365,-0.5861373311505896,-0.5296655304018777,-0.4656970412333616,-0.4387532436575381,-0.6740593394541796,9
-0.24141391006206045,-0.07941621442992365,0.1311017584102757,-0.5113127540031196,-0.4724549258556978,-0.4569990465094652,-0.5339758190238183,8
-0.19977947974293475,-0.23056514866767774,-0.705677179410734,-0.4746072012056034,-0.26070787435582915,-0.6987559342974992,-0.6309567177832992,8
-0.15814504942380903,-0.1801821705884264,-0.4665974828904456,-0.5225283395801383,-0.46794966944080696,-0.4387532436575381,-0.6668755691756996,8
-0.03324175846643189,-0.1801821705884264,-0.4665974828904456,-0.3777453257677136,-0.3192762077494099,-0.21524215872143138,-0.5591190149984985,7
-0.03324175846643189,-0.12979919250917502,-0.3470576346303012,-0.03516016632422934,0.198828279963035,-0.13313604588775943,-0.27895197413777595,7
0.008392671852693824,0.3236476102040867,-0.3470576346303012,-0.23907990408820795,-0.17510800247290342,-0.19699635586950429,-0.3400140215048566,7
0.2165648234483224,0.3236476102040867,0.3701814549305645,0.17691636095030844,0.023123279782292734,0.13142809546518328,0.08023653978622716,8
0.2581992537674481,0.3236476102040867,0.1311017584102757,0.10758365011055564,0.3182175749576417,0.15423534903009214,-0.16760353482133508,8
0.2581992537674481,0.12211569788708126,-0.705677179410734,0.20852392030372527,0.38354379297355873,-0.08752153875794168,-0.09935771717577441,8
0.42473697504395,0.5251795225210922,0.6092611514508532,0.48177636890745645,0.6268276393776632,0.3093246732714723,0.306525303558349,8
0.6329091266395787,0.6763284567588458,0.3701814549305645,0.6316573761639811,0.6425960368297811,0.4461681946609255,0.511262756495031,9
0.71617798727783,0.7267114348380971,0.4897213031907089,0.8264007257285805,1.0751006526593,0.5237128567816154,0.5471816078874313,12
0.71617798727783,0.8778603690758512,0.8483408479711414,0.8865570483689544,0.7687432164467243,1.2261762665808082,0.7662866013810731,10
0.71617798727783,0.6259454786795944,0.4897213031907089,0.5011487439950346,0.5997961008883181,0.5054670539296884,0.3675873509254296,8
0.7578124175969557,0.978626325234354,1.2069603927515746,1.1710250825497046,1.4062369991537755,1.0209109844966284,0.9063701218114345,8
0.7994468479160814,0.7770944129173485,0.6092611514508532,0.6194221918981423,0.7394590497499336,0.6377491246061598,0.31370907383682906,9
0.8410812782352072,0.8778603690758512,0.4897213031907089,0.5765990469677066,0.40607007504801285,0.929681970236993,0.762694716241833,11
0.8410812782352072,0.6259454786795944,0.7288009997109977,0.8692238706590159,0.7462169343722701,0.5556430117724879,1.1937209329506373,10
0.8410812782352072,0.7770944129173485,0.7288009997109977,1.2403577933894574,1.018784947473165,1.0254724352096103,1.6965848524442415,11
0.9243501388734586,0.8778603690758512,0.3701814549305645,1.0904767861329328,1.0075218064359377,1.0756483930524097,0.40350620231782997,10
0.9659845691925844,0.7267114348380971,1.326500241011719,0.6418533630521798,0.5952908444734274,0.491782701790743,0.8201648784696737,9
0.9659845691925844,0.9282433471551026,0.7288009997109977,1.2760437474981534,1.2733319349144965,1.6138995771842588,0.8273486487481537,9
1.1325222904690873,1.1801582375513595,0.9678806962312858,1.3239648858726885,1.0007639218136015,1.8282877606944021,0.956656513760795,10
1.1741567207882129,1.129775259472108,0.6092611514508532,1.7532159338658633,1.6675418712174437,2.065483197769454,1.3481719939379584,11
1.590501023979469,1.7847539745023746,2.1632791788327292,2.536267726879541,2.280256743642596,2.088290451334363,2.3431241775074474,10
1.6321354542985949,1.5832220621853692,1.4460400892718634,1.9540768755633824,1.615731422446199,1.8647793663982564,2.0845084474821656,11
1.6737698846177205,1.7343709964231233,1.0874205444914302,1.4157287678664787,2.0054361023342553,1.6321453800361858,1.4271934670012392,9
-2.989286311124355,-2.900862986867998,-2.1401553585324655,-1.6471456933484807,-1.5852532603337313,-1.6064846261808716,-1.615133245935068,3
-2.6145764382522243,-2.5985651183924903,-2.0206155102723216,-1.597185357596306,-1.5289375551475959,-1.5882388233289444,-1.622317016213548,4
-1.4071779589975795,-1.4397566225697094,-1.3033764207114553,-1.193424276823628,-1.069401400828732,-1.1685853577346217,-1.284679813124985,6
-1.032468086125448,-0.9359268417771963,-1.3033764207114553,-1.144483539760273,-1.096432939318077,-1.1138479491788404,-1.1661476035300642,6
-1.032468086125448,-1.1878417321734531,-0.9447568759310225,-1.1638559148478513,-1.1504960162967668,-1.1092864984658586,-1.1302287521376637,7
-1.032468086125448,-1.0870757760149505,-0.705677179410734,-1.08126842105344,-0.9995699263979242,-0.9998116813542961,-1.1769232589477843,6
-0.7410270738915685,-0.7343949294601909,-0.705677179410734,-0.8518587160689639,-0.7067282594300206,-0.7854234978441528,-0.9973290019857824,7
-0.6993926435724429,-0.7847779075394422,-0.705677179410734,-0.9150738347757973,-0.7315071697119202,-0.9268284699465877,-1.069166704770583,7
-0.6161237829341915,-0.6840119513809395,-0.8252170276708785,-0.7957807881838698,-0.6729388363183395,-0.8036693006960799,-0.8536535964161812,8
-0.4912204919768143,-0.6336289733016887,-0.8252170276708785,-0.8712310911565418,-0.5287706310418332,-1.3327975834019654,-0.9326750694794618,6
-0.44958606165768905,-0.532863017143186,0.1311017584102757,-0.7753888144074719,-0.916222682722444,-0.7170017371494263,-0.8321022855807411,7
-0.44958606165768905,-0.532863017143186,-0.5861373311505896,-0.8426823278695849,-0.8666648621586449,-0.8812139628167699,-0.7171619611250599,7
-0.4079516313385633,0.12211569788708126,0.4897213031907089,-0.24315829884348752,-0.04220293823362427,-0.2745410179901945,-0.39030041345421707,8
-0.3246827707003119,-0.38171408290543185,-0.5861373311505896,-0.39100010872237206,0.09295475421310057,-0.4296303422315746,-0.7961834341883407,7
-0.15814504942380903,0.6763284567588458,0.4897213031907089,0.5847558364782657,0.6741328317340168,0.532835758207579,0.48611956052035077,8
-0.11651061910468331,-0.029033236350672283,-0.22751778637015682,-0.46848960907268405,-0.23818159228137503,-0.5938425678989183,-0.6489161434794994,8
-0.03324175846643189,-0.2809481267469291,-0.22751778637015682,-0.6000178399304503,-0.5490442849088419,-0.5345437086301554,-0.6129972920870991,8
0.05002710217181954,0.12211569788708126,0.011561910150131954,-0.41139208249876996,-0.31026569491962824,-0.5847196664729548,-0.4010760688719372,8
0.09166153249094526,0.12211569788708126,0.4897213031907089,-0.16770799587081536,-0.05121345106340592,-0.2654181165642309,-0.14605222398589487,10
0.2165648234483224,0.3236476102040867,0.4897213031907089,0.3186405786962736,0.47364892127137526,0.18616550402096457,0.22391194535582856,8
0.2581992537674481,0.3236476102040867,0.1311017584102757,0.04334893271490241,0.2573966133566155,-0.11032879232285056,-0.06343886578337406,8
0.2581992537674481,0.3236476102040867,0.25064160667042007,0.018878564183224946,0.2528913569417247,-0.31559407440703047,-0.06343886578337406,8
0.2581992537674481,0.222881654045584,-0.10797793811001244,-0.034140567635409326,0.20783879279281667,-0.16050475016565008,-0.12450091315045465,9
0.29983368408657385,0.07173271980782989,-0.22751778637015682,-0.13712003520621877,0.04564956185674687,-0.09664444018390524,-0.3112789403909363,8
0.42473697504395,0.3236476102040867,0.1311017584102757,0.08413288026769818,0.15828097222901757,0.35493918040129,-0.09935771717577441,8
0.5080058356822015,0.4244135663625895,0.1311017584102757,0.31558178262981407,0.5637540495691915,0.5602044624854696,-0.13527656856817477,9
0.5496402660013272,0.5251795225210922,0.1311017584102757,0.2044455255484457,0.09295475421310057,0.5419586596335425,0.11615539117862751,10
0.5912746963204529,0.6259454786795944,0.6092611514508532,0.3808360987142873,0.593038216265982,0.0903750390483473,0.3604035806469495,9
0.6329091266395787,0.021349741728578526,0.1311017584102757,0.22483749932484337,0.3970595622182312,0.14055099689114683,0.20954440479886843,8
0.6329091266395787,0.6763284567588458,0.4897213031907089,0.6836569092937953,0.6538591778670079,0.7563468431436859,0.6908570134570328,12
0.71617798727783,0.6259454786795944,0.8483408479711414,0.7856167781757848,0.7755011010690602,0.9388048716629565,0.619019310672232,10
0.7578124175969557,0.8274773909965999,1.2069603927515746,0.6235005866534219,0.49617520334582915,0.697047983874923,0.7842460270772733,11
0.7994468479160814,1.0290093033136054,0.9678806962312858,0.8243615283509409,1.048069114169955,0.8521373081163033,0.5974679998367919,10
0.8410812782352072,0.8778603690758512,0.9678806962312858,0.5154231256385129,0.5051857161756108,0.6696792795970322,0.5364059524697112,10
0.8410812782352072,0.6259454786795944,0.8483408479711414,0.7142448699583923,1.1066374475635359,0.7061708853008865,0.23109571563430864,9
0.9659845691925844,0.9282433471551026,0.6092611514508532,0.6826373106049756,0.8768693704041041,0.532835758207579,0.5831004592798317,11
0.9659845691925844,0.6763284567588458,0.8483408479711414,0.6642845342062177,0.5727645623989732,1.4633717036558607,0.35321981036846944,9
1.00761899951171,1.129775259472108,0.8483408479711414,1.031340062181379,1.385963345286767,0.7837155474215767,0.8345324190266338,10
1.0492534298308358,0.978626325234354,0.9678806962312858,1.3056121094739306,1.5864472557494087,1.394949942961134,1.0141266759886356,9
1.0908878601499614,1.129775259472108,0.9678806962312858,1.3525136491596454,1.6179840506536445,1.6367068307491677,0.8345324190266338,11
1.0908878601499614,1.3313071717891136,0.8483408479711414,1.4881202747726914,1.6630366148025528,2.019868690639637,1.0500455273810358,11
1.1325222904690873,0.9282433471551026,0.8483408479711414,1.0170656805379004,0.8858798832338858,0.9114361673850664,1.2188641289253173,9
1.2157911511073387,1.1801582375513595,0.9678806962312858,1.6981576046695892,1.9874150766746919,1.6777598871660035,1.3733151899126386,10
1.3823288723838405,1.1801582375513595,1.2069603927515746,1.3525136491596454,1.2755845631219416,1.914955324241056,1.301477487127838,12
1.465597733022092,1.683988018343872,1.4460400892718634,1.8510974079925733,1.874783666302421,1.9696927327968372,1.5960120685455208,11
1.465597733022092,1.532839084106119,0.8483408479711414,1.6961184072919497,2.2577304615681415,1.3402125344053526,1.1434345410012767,11
1.5488665936603434,1.6336050402646205,1.326500241011719,1.0588692267795163,2.4289302053339927,2.3984690998171234,1.5421337914569204,11
1.590501023979469,1.381690149868365,0.9678806962312858,1.8592541975031323,2.3050356539244947,1.5181091122116415,1.50980682520376,10
1.6321354542985949,1.381690149868365,1.0874205444914302,1.814391855195057,1.9513730253555652,2.010745789213673,1.6462984604948814,11
-2.5729420079330985,-2.5985651183924903,-2.0206155102723216,-1.606361745795685,-1.55146383722205,-1.5654315697640355,-1.625908901352788,3
-2.36476985633747,-2.2458842718377308,-1.901075662012177,-1.5564014100435102,-1.486137619206133,-1.6429762318847259,-1.5720306242641877,4
-2.1982321350609673,-2.0443523595207256,-1.6619959654918883,-1.492166692647857,-1.4320745422274435,-1.4742025555044003,-1.496601036340147,4
-1.698618971231459,-1.6916715129659663,-1.3033764207114553,-1.4228339818081042,-1.3419694139296268,-1.4057807948096737,-1.4427227592515464,6
-1.6153501105932075,-1.7924374691244687,-1.3033764207114553,-1.3443248827689724,-1.2631274266690373,-1.4103422455226555,-1.3529256307705455,6
-1.573715680274082,-1.490139600648961,-1.3033764207114553,-1.2984429417720773,-1.1820328112010023,-1.3738506398188013,-1.3277824347958656,6
-1.4488123893167053,-1.490139600648961,-1.1838365724513114,-1.330050501125494,-1.294664221573273,-1.3236746819760017,-1.3026392388211852,7
-1.4488123893167053,-1.4397566225697094,-1.3033764207114553,-1.3361680932584132,-1.2698853112913735,-1.337359034114947,-1.3134148942389055,6
-1.3655435286784539,-1.4397566225697094,-1.5424561172317441,-1.3259721063702143,-1.2653800548764826,-1.3282361326889836,-1.3277824347958656,6
-1.3655435286784539,-1.4397566225697094,-1.1838365724513114,-1.27091377717394,-1.1865380676158932,-1.3099903298370565,-1.295455468542705,7
-1.323909098359328,-1.3389906664112068,-1.1838365724513114,-1.2117770532223864,-1.1324749906372036,-1.182269709873567,-1.266720387428785,7
-1.199005807401951,-1.2382247102527046,-1.1838365724513114,-1.2199338427329454,-1.1662644137488847,-1.2917445269851293,-1.158963833251584,7
-1.032468086125448,-0.9863098198564477,-0.5861373311505896,-1.0496608617000232,-0.9229805673447802,-1.1047250477528767,-1.0907180156060234,6
-1.032468086125448,-0.9359268417771963,-1.1838365724513114,-1.0170337036577866,-0.9387489647968981,-1.0271803856321866,-1.1410044075553838,6
-1.032468086125448,-1.4397566225697094,-0.9447568759310225,-1.1240915659838753,-1.058138259791505,-1.0956021463269132,-1.1410044075553838,9
-0.82429593452982,-0.8351608856186936,-0.705677179410734,-0.8640939003348026,-0.8554017211214178,-0.8082307514090616,-0.950634495175662,8
-0.7826615042106942,-0.8351608856186936,-0.8252170276708785,-1.0598568485882223,-1.0829171700734044,-0.9177055685206241,-1.0116965425427427,6
-0.7410270738915685,-0.7343949294601909,-0.705677179410734,-0.7957807881838698,-0.6842019773555665,-0.9952502306413143,-0.7710402382136604,7
-0.7410270738915685,-0.6840119513809395,-0.4665974828904456,-0.8824466767335607,-0.8193596698022912,-0.9085826670946606,-0.8177347450237809,8
-0.6577582132533172,-0.532863017143186,-1.064296724191167,-0.9527989862621333,-0.981548900738361,-0.9313899206595695,-0.8536535964161812,8
-0.6161237829341915,-0.5832459952224374,-0.705677179410734,-0.6418213861720659,-0.47921281047803405,-0.6941944835845174,-0.7099781908465798,8
-0.5744893526150657,0.27326463212483537,-0.705677179410734,-0.8202511567155473,-0.7405176825417018,-0.8264765542609888,-0.8500617112769412,8
-0.53285492229594,-0.6840119513809395,-1.1838365724513114,-0.9069170452652381,-0.8103491569725096,-1.0271803856321866,-0.9254912992009817,8
-0.4079516313385633,-0.532863017143186,-0.3470576346303012,-0.69789931405716,-0.64815992603644,-0.639457075028736,-0.6956106502896199,9
-0.4079516313385633,-0.4824800390639346,-0.10797793811001244,-0.8018983803167892,-0.736012426126811,-0.8036693006960799,-0.8177347450237809,8
-0.4079516313385633,-0.5832459952224374,-0.5861373311505896,-0.6744485442143024,-0.5490442849088419,-0.7443704414273168,-0.7099781908465798,7
-0.3663172010194376,-0.532863017143186,-0.3470576346303012,-0.6826053337248617,-0.5445390284939511,-0.8857754135297518,-0.6381404880617793,9
-0.24141391006206045,-0.38171408290543185,-0.4665974828904456,-0.478685595960883,-0.3575708872759817,-0.6440185257417179,-0.72793761654278,7
-0.19977947974293475,-0.4320970609846832,-0.3470576346303012,-0.6132726228851088,-0.5873389644354138,-0.7078788357234628,-0.5339758190238183,9
-0.15814504942380903,-0.1801821705884264,-0.5861373311505896,-0.5510771028670953,-0.45893915661102536,-0.561912412908046,-0.6129972920870991,8
-0.0748761887855576,-0.07941621442992365,-0.10797793811001244,-0.39303930610001186,-0.24268684869626586,-0.5391051593431372,-0.383116643175737,9
0.008392671852693824,-0.1801821705884264,-0.8252170276708785,-0.5337439251571573,-0.32378146416430076,-0.6668257793066268,-0.5663027852769786,8
0.05002710217181954,-0.029033236350672283,-0.22751778637015682,-0.3410397729701974,-0.292244669260065,-0.3748929336757933,-0.3507896769225767,9
0.05002710217181954,0.12211569788708126,-0.22751778637015682,-0.3481769637919365,-0.2854867846377287,-0.5117364550652466,-0.2933195146947361,8
0.09166153249094526,0.07173271980782989,-0.10797793811001244,-0.09939488371988256,-0.19312902813246674,-0.10576734160986878,-0.016744358973253794,8
0.09166153249094526,0.021349741728578526,-0.22751778637015682,-0.45115643136274575,-0.41163396425467164,-0.5299822579171737,-0.29691139983397613,9
0.13329596281007097,0.021349741728578526,-0.10797793811001244,-0.25743268048696605,-0.22241319482925712,-0.03278413020216063,-0.27895197413777595,8
0.2165648234483224,0.17249867596633262,0.3701814549305645,0.08923087371179776,0.2371229594896068,0.058444884057474875,0.02635826269762663,10
0.34146811440569863,0.4244135663625895,0.8483408479711414,0.8314987191726798,0.7709958446541694,0.5921346174763421,0.49689521593807084,10
0.38310254472482436,0.6259454786795944,0.3701814549305645,0.7285192516018707,1.2440477682177058,0.4644139975128526,0.27419833730518905,10
0.38310254472482436,0.12211569788708126,-0.22751778637015682,-0.1106104692969015,-0.02643454078150637,-0.2745410179901945,-0.016744358973253794,9
0.38310254472482436,0.12211569788708126,0.4897213031907089,0.11981883437639436,0.3249754595799779,0.09949794047431085,-0.11372525773273455,8
0.42473697504395,0.47479654444184083,0.3701814549305645,0.08923087371179776,-0.0467081946485151,0.2637101661416545,0.33166849953302924,8
0.42473697504395,0.3236476102040867,-0.3470576346303012,0.046407728781362206,0.4331016135373578,-0.08296008804495991,-0.30409517011245624,9
0.42473697504395,0.6763284567588458,0.4897213031907089,0.13511281470869288,0.005102254122729424,0.36862353254023533,0.23109571563430864,9
0.42473697504395,0.4244135663625895,0.3701814549305645,0.1167600383099348,0.005102254122729424,0.27739451828059986,0.13411481687482768,9
0.46637140536307575,0.5251795225210922,0.011561910150131954,0.1993475321043461,0.24388084411194305,0.035637630492566,0.22391194535582856,10
0.46637140536307575,0.5251795225210922,0.011561910150131954,0.0015453864732868584,0.1447652029843451,-0.142258947313723,-0.005968703555533689,10
0.46637140536307575,0.6259454786795944,0.25064160667042007,0.15958318324037035,0.3812911647661133,0.04476053191852955,0.04072580325458677,11
0.46637140536307575,0.6259454786795944,0.6092611514508532,0.43283563184410156,0.8137957805956325,-0.13313604588775943,0.2885658778621492,9
0.5080058356822015,0.5755625006003435,0.6092611514508532,0.2177003085031042,0.198828279963035,0.42792239180899844,0.14489047229254778,9
0.5080058356822015,0.5251795225210922,0.6092611514508532,0.4675019872639782,0.5705119341915278,0.6331876738931781,0.39632243203934986,9
0.5912746963204529,0.5755625006003435,0.1311017584102757,-0.06778732436646595,-0.07599236134530522,-0.009976876637251756,0.02635826269762663,10
0.6329091266395787,0.6259454786795944,0.7288009997109977,0.5133839282608733,0.631332895792554,0.40055368753110776,0.5866923444190717,9
0.6329091266395787,0.6259454786795944,0.25064160667042007,0.20240632817080592,0.2844281518459605,0.02195327835362067,0.2598307967482289,8
0.6329091266395787,0.6763284567588458,0.3701814549305645,0.46954118464161776,0.3677753955214408,0.08581358833536552,1.0859643787734363,11
0.6329091266395787,0.6763284567588458,2.1632791788327292,0.669382527650317,0.7327011651275976,0.3914307861051442,0.8704512704190341,11
0.6329091266395787,0.6763284567588458,0.7288009997109977,0.5286779085931719,0.5907855880585365,0.6103804203282692,0.511262756495031,10
0.6329091266395787,0.7770944129173485,0.1311017584102757,-0.10755167323044171,-0.021929284366615544,-0.20155780658248607,0.0012150667229463817,9
0.7994468479160814,0.7267114348380971,0.6092611514508532,0.4369140265993811,0.5592487931543008,0.36862353254023533,0.511262756495031,10
0.8410812782352072,0.7267114348380971,0.4897213031907089,0.6377749682969002,0.9917534089838199,0.3093246732714723,0.3675873509254296,9
0.8410812782352072,0.6763284567588458,0.4897213031907089,1.0293008648037392,1.1066374475635359,0.9752964773668107,0.5759166890013516,10
0.8410812782352072,0.9282433471551026,0.8483408479711414,0.905929423456532,0.9219219345530119,1.1075785480432823,0.9710240543177551,9
0.8410812782352072,0.8274773909965999,0.6092611514508532,0.7234212581577713,0.7101748830531435,0.5191514060686336,1.0859643787734363,11
0.8410812782352072,0.7770944129173485,0.4897213031907089,0.784597179486965,1.2237741143506973,0.3914307861051442,0.45379259426719043,9
0.8827157085543329,0.5755625006003435,0.25064160667042007,0.4134632567565239,0.3024491775055238,0.5419586596335425,0.619019310672232,11
0.9243501388734586,0.8778603690758512,0.7288009997109977,1.1027119703987716,1.3409107811378589,1.1395087030341546,0.9063701218114345,10
1.0492534298308358,1.0793922813928567,1.0874205444914302,1.1129079572869707,1.7598996277227053,-0.0008539752112882052,0.9351052029253548,12
1.0492534298308358,1.0793922813928567,0.9678806962312858,1.2933769252080918,1.3454160375527497,1.212491914441863,1.2404154397607574,11
1.0492534298308358,1.129775259472108,1.326500241011719,1.6288248938298364,1.4850789864143648,1.914955324241056,1.387682730469599,11
1.0492534298308358,0.6763284567588458,0.6092611514508532,1.1394175231962878,0.9940060371912651,1.5317934643505868,0.5076708713557909,9
1.0908878601499614,1.1801582375513595,0.4897213031907089,1.2872593330751723,1.4715632171696928,1.189684660876954,1.1937209329506373,11
1.0908878601499614,1.2305412156306108,0.6092611514508532,0.9273409959217501,1.0075218064359377,-0.502613553639283,1.157802081558237,8
1.1325222904690873,0.9282433471551026,0.3701814549305645,1.1169863520422503,1.3026161016112865,0.9798579280797924,0.6908570134570328,12
1.1325222904690873,1.0793922813928567,1.4460400892718634,1.6675696440049927,1.7553943713078144,2.2023267191589073,1.164985851836717,11
1.2574255814264643,1.0793922813928567,0.1311017584102757,0.8896158444354137,1.095374306526309,1.0802098437653915,0.619019310672232,10
1.3406944420647158,1.2305412156306108,0.7288009997109977,1.491179070839151,1.2958582169889505,1.8465335635463294,1.6247471496594412,11
1.590501023979469,1.129775259472108,0.9678806962312858,1.5727469659447426,1.5706788582972906,1.568285070054441,1.4810717440898398,12
1.757038745255972,1.4824561060268677,1.9241994823124402,3.0674786437547064,3.9652226428117636,1.6777598871660035,2.7346396576846113,12
-2.906017450486104,-2.8504800087887467,-2.379235055052754,-1.6328713117050022,-1.5762427475039495,-1.5745544711899992,-1.6510520973274683,4
-1.2822746680402024,-1.2382247102527046,-1.064296724191167,-1.2291102309323245,-1.107696080355304,-1.1777082591605852,-1.2308015360363844,8
-1.0741025164445739,-1.0870757760149505,-1.1838365724513114,-1.107777986962757,-0.9950646699830333,-1.0773563434749862,-1.1625557183908242,5
-0.8659303648489457,-0.8351608856186936,-0.705677179410734,-1.0272296905459857,-1.058138259791505,-0.9587586249374601,-0.9793695762895822,7
-0.5744893526150657,-0.38171408290543185,-0.705677179410734,-0.6418213861720659,-0.5445390284939511,-0.5208593564912101,-0.8105509747453008,8
-0.24141391006206045,-0.3313311048261805,-0.5861373311505896,-0.5164107474472189,-0.22241319482925712,-0.6029654693248819,-0.7135700759858199,8
-0.11651061910468331,-0.3313311048261805,-0.705677179410734,-0.50621476055902,-0.32828672057919156,-0.5710353143340096,-0.6525080286187395,7
-0.0748761887855576,-0.1801821705884264,0.011561910150131954,-0.3073930162391408,-0.08275024596764147,-0.4387532436575381,-0.8608373666946613,8
0.17493039312919667,0.222881654045584,0.3701814549305645,-0.05147374534534764,0.2236071902449343,-0.33383987725895753,-0.0778064063403342,7
0.2581992537674481,-0.029033236350672283,-0.4665974828904456,0.17181836750620907,0.4466173827820303,0.14055099689114683,-0.2322574673276557,9
0.46637140536307575,0.4244135663625895,0.4897213031907089,0.07903488682359883,0.15377571581412675,0.36862353254023533,-0.1711954199605751,9
0.5496402660013272,0.5755625006003435,0.7288009997109977,0.4358944279105614,0.46914366485648445,0.5419586596335425,0.22391194535582856,10
0.6329091266395787,0.5251795225210922,0.9678806962312858,0.6347161722304404,0.2866807800534059,0.7016094345879047,0.9063701218114345,10
0.71617798727783,0.8274773909965999,0.7288009997109977,1.0578496280906962,1.554910460845173,0.6331876738931781,0.4717520199633906,11
0.7578124175969557,0.6763284567588458,0.3701814549305645,0.4991095466173946,0.3520069980693229,0.7107323360138682,0.511262756495031,11
0.7578124175969557,0.6763284567588458,1.2069603927515746,1.233220602567718,1.6765523840472252,1.1349472523211728,0.6441625066469123,9
0.7578124175969557,0.8778603690758512,1.4460400892718634,0.9691445421633657,0.9917534089838199,1.1942461115899359,0.9494727434823149,14
0.7994468479160814,0.5251795225210922,0.4897213031907089,0.24828826916770103,0.5952908444734274,0.17704260259500104,-0.0778064063403342,9
0.8827157085543329,1.0793922813928567,0.7288009997109977,1.1343195297521884,1.2440477682177058,1.0482796887745192,1.0141266759886356,11
0.9659845691925844,0.9282433471551026,0.7288009997109977,0.5939322246776451,0.6133118701329907,0.7654697445696496,0.5831004592798317,12
0.9659845691925844,0.9282433471551026,0.7288009997109977,0.8885962457465939,0.9264271909679027,1.4314415486649883,0.5471816078874313,9
1.0908878601499614,0.47479654444184083,0.7288009997109977,0.9100078182118116,1.0075218064359377,1.1167014494692458,0.6764894729000727,8
1.0908878601499614,0.978626325234354,0.6092611514508532,0.8998118313236129,1.0998795629411997,0.7426624910047407,0.6908570134570328,10
1.1325222904690873,1.2305412156306108,0.8483408479711414,1.538080610524866,1.7125944353663518,1.5500392672025138,1.1937209329506373,10
1.1741567207882129,0.9282433471551026,0.8483408479711414,1.2372989973229975,1.2778371913293873,1.4998633093597142,0.9422889732038349,9
1.2157911511073387,1.1801582375513595,1.326500241011719,1.2056914379695807,0.9624692422870293,1.709690042156876,1.0895562639126763,10
1.3823288723838405,1.2305412156306108,1.2069603927515746,1.5635705777453632,1.4355211658505662,1.3721426893962252,1.7325037038366418,10
1.590501023979469,1.1801582375513595,1.4460400892718634,2.1641142054602804,2.6609509107008695,2.330047339122397,1.3769070750518788,10
1.757038745255972,1.5832220621853692,2.043739330572585,2.4638762199733293,2.3005303975096045,3.0461951010605346,2.3610836032036477,13
-2.1149632744227156,-2.0443523595207256,-2.1401553585324655,-1.5186762585571743,-1.483884990998688,-1.4787640062173821,-1.507376691757867,6
-1.9900599834653392,-1.8428204472037202,-1.6619959654918883,-1.4850295018261175,-1.4275692858125526,-1.4787640062173821,-1.4642740700869867,7
-1.9067911228270877,-1.8932034252829715,-1.3033764207114553,-1.4279319752522035,-1.3554851831742993,-1.401219344096692,-1.4534984146692664,5
-1.865156692507962,-1.8428204472037202,-1.5424561172317441,-1.4156967909863647,-1.3622430677966355,-1.3920964426707283,-1.399620137580666,5
-1.865156692507962,-1.8932034252829715,-1.7815358137520325,-1.4462847516509618,-1.3847693498710896,-1.5061327104952724,-1.4642740700869867,5
-1.3655435286784539,-1.4397566225697094,-1.3033764207114553,-1.3035409352161766,-1.2924115933658278,-1.1777082591605852,-1.3205986645173855,6
-1.2822746680402024,-1.3389906664112068,-1.064296724191167,-1.165895112225491,-1.161759157333994,-1.1457781041697128,-1.1230449818591837,6
-1.1157369467636995,-1.1878417321734531,-1.1838365724513114,-1.1302091581167948,-1.0108330674351513,-1.2324456677163664,-1.155371948112344,8
-0.7410270738915685,-0.8351608856186936,-0.9447568759310225,-0.9925633351261092,-1.0175909520574875,-0.8857754135297518,-0.9614101505933821,6
-0.6993926435724429,-0.6840119513809395,-0.8252170276708785,-0.9884849403708297,-1.0648961444138412,-0.9085826670946606,-0.8177347450237809,8
-0.6993926435724429,-0.885543863697945,-1.064296724191167,-1.0221316971018861,-0.9455068494192344,-1.1092864984658586,-0.9973290019857824,8
-0.6577582132533172,-0.6336289733016887,-0.4665974828904456,-0.8671526964012622,-0.8576543493288632,-0.8948983149557153,-0.7818158936313805,7
-0.4912204919768143,-0.38171408290543185,-0.5861373311505896,-0.8589959068907032,-0.9364963365894526,-0.7945463992701164,-0.6704674543149396,9
-0.4912204919768143,-0.532863017143186,-0.4665974828904456,-0.6754681429031224,-0.5490442849088419,-0.7443704414273168,-0.7099781908465798,8
-0.44958606165768905,-0.6336289733016887,-0.4665974828904456,-0.9385246046186548,-0.9319910801745619,-1.0864792449009497,-0.8177347450237809,8
-0.4079516313385633,-0.4320970609846832,-0.8252170276708785,-0.8386039331143054,-0.8779280031958719,-0.7443704414273168,-0.8033672044668208,7
-0.4079516313385633,-0.7343949294601909,-0.9447568759310225,-0.7876239986733106,-0.7652965928236014,-0.862968159964843,-0.7458970422389801,9
-0.4079516313385633,-0.5832459952224374,-0.3470576346303012,-0.8284079462261064,-0.7607913364087106,-0.9268284699465877,-0.7423051570997401,9
-0.3246827707003119,-0.4320970609846832,-0.3470576346303012,-0.8212707554043671,-0.8846858878182082,-0.7671776949922257,-0.6309567177832992,8
-0.2830483403811862,-0.1801821705884264,-0.4665974828904456,-0.6479389783049853,-0.6256336439619858,-0.7078788357234628,-0.4621381162390178,9
-0.0748761887855576,-0.029033236350672283,-0.22751778637015682,-0.5215087408913186,-0.659423067073667,-0.4250688915185928,-0.3148708255301763,9
-0.03324175846643189,0.07173271980782989,0.011561910150131954,-0.38794131265591253,-0.292244669260065,-0.36577003224982974,-0.4872813122136978,8
0.008392671852693824,-0.029033236350672283,-0.3470576346303012,-0.3502161611695763,-0.27422364360050167,-0.2745410179901945,-0.508832623049138,10
0.008392671852693824,0.17249867596633262,0.011561910150131954,0.09127007108943755,0.27541763901617883,0.01283037692765712,-0.11731714287197459,10
0.05002710217181954,0.17249867596633262,-0.22751778637015682,-0.09735568634224277,0.14025994656945426,0.1816040533079828,-0.1711954199605751,9
0.05002710217181954,0.12211569788708126,0.011561910150131954,-0.31045181230560054,-0.4656970412333616,0.04476053191852955,-0.2214818119099356,9
0.05002710217181954,0.021349741728578526,-0.3470576346303012,-0.12182605487392023,-0.06022396389318758,-0.06927573590601484,-0.1711954199605751,9
0.05002710217181954,-0.12979919250917502,-0.3470576346303012,-0.4185292733205091,-0.27872890001539247,-0.662264328593645,-0.3148708255301763,11
0.09166153249094526,-0.029033236350672283,0.011561910150131954,-0.19829595653541218,-0.1052765280420956,-0.22436506014739493,-0.3507896769225767,7
0.09166153249094526,0.4244135663625895,0.3701814549305645,-0.043316955834788486,0.027628536197183563,-0.29734827155510335,0.14848235743178784,10
0.17493039312919667,0.021349741728578526,0.011561910150131954,-0.18708037095839347,-0.0467081946485151,-0.27910246870317623,-0.19274673079601531,9
0.17493039312919667,0.021349741728578526,-0.3470576346303012,-0.35633375330249567,-0.292244669260065,-0.44787614508350165,-0.2430331227453758,10
0.2165648234483224,0.07173271980782989,0.25064160667042007,-0.0759441138770251,-0.02643454078150637,-0.04190703162812418,-0.02033624411249383,10
0.2165648234483224,0.4244135663625895,0.011561910150131954,-0.15445321291615685,-0.06698184851552381,-0.4387532436575381,0.008398837001426452,8
0.2165648234483224,-0.07941621442992365,-0.10797793811001244,-0.22786431851118924,-0.12555018190910433,-0.28366391941615804,-0.1280927982896947,9
0.2581992537674481,0.222881654045584,0.25064160667042007,-0.0932772915869632,-0.0647292203080784,-0.046468482341105954,0.05868522895078695,9
0.42473697504395,0.4244135663625895,0.1311017584102757,0.08821127502297775,0.4871646905160477,-0.005415425924269981,-0.15682787940361498,9
0.42473697504395,0.3236476102040867,0.25064160667042007,0.31456218394099406,0.5705119341915278,0.31388612398445404,0.0012150667229463817,8
0.5080058356822015,0.12211569788708126,0.3701814549305645,0.4185612502006233,0.34975436986187747,0.38230788467918064,0.5831004592798317,11
0.5080058356822015,0.5755625006003435,0.1311017584102757,0.3196601773850936,0.3294807159948688,0.3093246732714723,0.3280766143937892,10
0.5080058356822015,0.5251795225210922,0.011561910150131954,-0.1330416404509392,-0.15032909219100388,-0.2517337644252856,0.18799309396342823,9
0.5496402660013272,0.5755625006003435,-0.10797793811001244,0.3278169668956528,0.28893340826085134,0.16791970116903748,0.29574964814062926,8
0.5912746963204529,0.6259454786795944,-0.10797793811001244,0.219739505880744,0.336238600617205,0.031076179779584222,0.3460360400899894,10
0.5912746963204529,0.3236476102040867,-0.10797793811001244,0.27581743376583806,0.6358381522074446,-0.08296008804495991,0.13411481687482768,10
0.5912746963204529,0.5251795225210922,0.3701814549305645,0.44201202004348095,0.4376068699522486,0.5419586596335425,0.5004871010773109,10
0.5912746963204529,0.4244135663625895,0.6092611514508532,0.514403526949693,0.5885329598510911,0.655994927458087,0.2885658778621492,12
0.6329091266395787,0.6259454786795944,0.4897213031907089,0.3736989078925479,0.3677753955214408,0.19072695473394635,0.47534390510263064,10
0.6329091266395787,0.9282433471551026,0.4897213031907089,0.5980106194329247,0.676385459941462,0.6879250824489593,0.5040789862165509,10
0.6745435569587044,0.8274773909965999,0.6092611514508532,0.603108612877024,0.5975434726808728,0.3777464339661989,0.8381243041658738,11
0.6745435569587044,0.8274773909965999,0.25064160667042007,0.6235005866534219,0.3204702031650871,0.655994927458087,0.7986135676342334,10
0.71617798727783,0.4244135663625895,1.2069603927515746,0.5133839282608733,0.7101748830531435,0.6286262231801962,0.39273054690010983,10
0.71617798727783,0.8778603690758512,0.6092611514508532,0.5195015203937925,0.4195858442926853,0.8430144066903397,0.5615491484443915,9
0.7578124175969557,0.6259454786795944,0.8483408479711414,0.8427143047496988,0.93769033200513,0.9707350266538289,0.5615491484443915,11
0.7994468479160814,0.9282433471551026,0.9678806962312858,1.147574312706847,1.6517734737653254,0.9023132659591028,0.6693057026215925,11
0.7994468479160814,1.1801582375513595,0.3701814549305645,0.5225603164602522,0.4263437289150216,0.1451124476041286,0.7986135676342334,10
0.7994468479160814,0.6259454786795944,0.3701814549305645,0.27989582852111766,0.39480693401078576,-0.08752153875794168,0.3244847292545492,11
0.7994468479160814,0.7267114348380971,0.6092611514508532,0.523579915149072,0.5479856521170736,0.7016094345879047,0.47534390510263064,10
0.8410812782352072,0.7770944129173485,-0.10797793811001244,0.9660857460969059,1.12916372963799,0.7928384488475402,0.8740431555582742,14
0.8410812782352072,0.7770944129173485,0.4897213031907089,0.6551081460068383,0.7484695625797152,0.697047983874923,0.6657138174823525,11
0.8827157085543329,0.8274773909965999,0.7288009997109977,0.7917343703087043,0.8656062293668768,0.28651741970656336,0.511262756495031,11
0.8827157085543329,0.978626325234354,1.326500241011719,0.9732229369186453,0.7056696266382526,1.3675812386832433,0.9782078245962352,9
0.9659845691925844,0.9282433471551026,0.8483408479711414,0.905929423456532,0.6628696906967895,1.0209109844966284,1.1937209329506373,13
1.00761899951171,1.0290093033136054,1.2069603927515746,1.3412980635826266,1.2845950759517233,1.0528411394875008,1.3373963385202383,12
1.0492534298308358,1.129775259472108,0.7288009997109977,1.0945551808882124,1.1539426399198898,0.9844193787927742,0.8704512704190341,11
1.0492534298308358,0.8778603690758512,0.7288009997109977,0.9120470155894517,1.1809741784092347,0.45529109608688906,1.1506183112797568,11
1.0492534298308358,0.8778603690758512,0.4897213031907089,0.7723619952211263,0.8588483447445407,0.8110842516994673,0.5831004592798317,10
1.0492534298308358,1.129775259472108,1.326500241011719,0.9222430024776503,1.0773532808667456,0.5966960681893239,1.0320861016848357,10
1.0492534298308358,1.1801582375513595,1.565579937532007,1.2209854183018793,1.4895842428292556,1.1440701537471363,1.412825926444279,13
1.0492534298308358,1.0290093033136054,0.8483408479711414,0.6653041328950374,0.6133118701329907,0.1998498561599099,1.0500455273810358,12
1.0492534298308358,1.0290093033136054,0.8483408479711414,1.062947621534796,0.971479755116811,1.2307377172937901,1.0751887233557162,10
1.0492534298308358,1.1801582375513595,1.2069603927515746,1.1006727730211319,1.0728480244518548,1.0528411394875008,1.157802081558237,11
1.1325222904690873,1.2305412156306108,0.7288009997109977,1.2281226091236186,1.1832268066166798,1.171438858025027,1.1434345410012767,10
1.1325222904690873,1.0290093033136054,0.9678806962312858,0.8814590549248545,0.6335855239999993,0.48265980036477973,0.7195920945709531,10
1.1741567207882129,1.3313071717891136,1.326500241011719,1.9071753358776675,2.2126778974192334,1.6503911828881128,1.660666001051841,11
1.2157911511073387,1.0290093033136054,0.3701814549305645,0.9161254103447312,0.9061535371008942,1.1303858016081911,0.856083729862074,11
1.2157911511073387,1.3313071717891136,1.326500241011719,0.7917343703087043,0.7777537292765059,0.8475758574033215,0.6657138174823525,11
1.2157911511073387,1.3313071717891136,1.4460400892718634,1.2872593330751723,1.2800898195368324,1.3447739851183345,1.2763342911531577,9
1.2574255814264643,1.280924193709862,1.0874205444914302,1.4860810773950517,1.550405204430282,2.019868690639637,1.157802081558237,11
1.2574255814264643,1.0290093033136054,0.7288009997109977,1.423885557377038,2.0257097562012643,1.253544970858699,0.7339596351279132,11
1.2574255814264643,1.2305412156306108,1.326500241011719,1.365768432114304,1.1742162937868983,1.773550352138621,1.3373963385202383,9
1.3406944420647158,1.4320731279476162,1.2069603927515746,2.1539182185720818,2.390635525807421,2.0928519020473444,1.8007495214822022,10
1.3406944420647158,1.280924193709862,0.8483408479711414,1.2301618065012583,1.2508056528400422,0.6058189696152874,1.5888282982670408,11
1.5072321633412178,1.4320731279476162,1.6851197857921514,1.2434165894559166,1.3319002683080772,1.3219667315534256,1.6031958388240009,11
1.5072321633412178,1.2305412156306108,0.7288009997109977,1.4993358603497102,1.1381742424677717,1.9468854792319283,1.4451528926974393,10
1.5488665936603434,1.4824561060268677,0.8483408479711414,2.6739135498702273,3.9922541813011083,1.750743098573712,1.402050271026559,11
1.6737698846177205,1.532839084106119,1.0874205444914302,1.9642728624515815,2.3140461667542764,1.7005671407309124,1.409234041305039,11
2.1317486181281033,1.9359029087401287,1.6851197857921514,3.5059060799472603,3.7624861041416757,3.5935691866183475,3.1297470230010145,11
-2.4064042866565956,-2.8000970307094954,-1.5424561172317441,-1.3667560539230101,-1.310432619025391,-1.3099903298370565,-1.3816607118844657,5
-1.4488123893167053,-1.5909055568074635,-0.9447568759310225,-0.8712310911565418,-0.8418859518767454,-1.0727948927620043,-0.8141428598845408,7
-1.3655435286784539,-1.5909055568074635,-0.5861373311505896,-0.7417420576764153,-0.6729388363183395,-0.6850715821585539,-0.7961834341883407,7
-1.199005807401951,-1.2886076883319553,-1.064296724191167,-1.1016603948298378,-0.8756753749884265,-1.2506914705682937,-1.2343934211756247,7
-1.199005807401951,-0.885543863697945,-0.5861373311505896,-0.36958853625715443,-0.16384486143567636,-0.4387532436575381,-0.5375677041630583,7
-0.7826615042106942,-0.9863098198564477,-0.22751778637015682,-0.36754933887951463,-0.3868550539727721,-0.16050475016565008,-0.3938922985934571,9
-0.4912204919768143,-0.4824800390639346,-0.8252170276708785,-0.7682516235857326,-0.6278862721694313,-0.19699635586950429,-0.9721858060111022,9
-0.44958606165768905,-0.532863017143186,-0.4665974828904456,-0.6877033271689611,-0.8238649262171821,-0.621211272176809,-0.7638564679351804,9
-0.3246827707003119,-0.4320970609846832,0.25064160667042007,0.17487716357266866,0.24838610052683388,0.16791970116903748,0.24546325619126877,7
-0.24141391006206045,-0.3313311048261805,0.3701814549305645,0.3002878022975155,0.4083227032554583,0.43704529323496194,0.06227711409002698,9
-0.19977947974293475,-0.12979919250917502,0.1311017584102757,-0.08614010076522405,-0.12329755370165892,0.008268926214675345,0.04790957353306684,8
-0.15814504942380903,-0.07941621442992365,0.25064160667042007,-0.1095908706080815,-0.06698184851552381,-0.21524215872143138,-0.38670852831497704,7
-0.11651061910468331,-0.3313311048261805,0.25064160667042007,0.02601575500496432,0.11322840808010928,-0.22436506014739493,0.11615539117862751,10
-0.11651061910468331,-0.2809481267469291,-0.10797793811001244,-0.3012754241062214,-0.0714871049304144,-0.35208568011088465,-0.4944650824921779,9
-0.0748761887855576,-0.38171408290543185,-0.5861373311505896,-0.4368820497192672,-0.08049761776019605,-0.2334879615733585,-0.6668755691756996,9
0.2165648234483224,0.07173271980782989,0.9678806962312858,0.6867157053602551,0.6425960368297811,1.0984556466173185,0.5184465267735111,9
0.42473697504395,0.12211569788708126,1.2069603927515746,1.9071753358776675,2.498761679764801,1.791796154990548,1.2260478992037973,10
0.6745435569587044,0.47479654444184083,0.4897213031907089,0.5969910207441044,0.7822589856913967,0.8430144066903397,0.23109571563430864,10
0.7578124175969557,0.978626325234354,0.6092611514508532,0.6897745014267149,0.5862803316436457,1.0482796887745192,0.762694716241833,10
0.7578124175969557,0.6763284567588458,0.25064160667042007,0.42569844102236265,0.5254593700426196,0.4735368989388162,0.3173009589760691,9
0.8410812782352072,0.7267114348380971,0.9678806962312858,0.8039695545745431,0.9264271909679027,1.0665254916264462,0.7088164391532329,10
0.8410812782352072,0.6259454786795944,0.25064160667042007,0.6020890141882043,0.8858798832338858,0.4644139975128526,0.3460360400899894,9
0.9243501388734586,0.978626325234354,0.7288009997109977,0.8865570483689544,0.6876486009786893,1.2900365765625532,0.8345324190266338,9
1.0492534298308358,1.1801582375513595,0.6092611514508532,0.8345575152391397,1.2958582169889505,0.6195033217542327,0.4430169388494703,9
1.0492534298308358,0.9282433471551026,0.7288009997109977,1.1740838786161643,1.507605268488819,1.253544970858699,0.608243655254512,11
1.2157911511073387,1.1801582375513595,1.326500241011719,1.1037315690875917,1.1133953321858723,1.0482796887745192,1.208088473507597,12
1.4239633027029663,1.1801582375513595,1.565579937532007,2.018311592959036,2.070762320350172,2.0244301413526187,1.5349500211784404,13
1.5072321633412178,1.4824561060268677,1.326500241011719,1.8837245660348099,1.5819419993345178,2.1977652684459255,1.9911194338619245,12
-2.07332884410359,-2.0443523595207256,-1.7815358137520325,-1.4840099031372977,-1.4343271704348888,-1.4559567526524733,-1.4714578403654668,5
-1.9900599834653392,-2.0443523595207256,-1.6619959654918883,-1.4738139162490989,-1.4433376832646705,-1.3875349919577467,-1.4714578403654668,5
-1.3655435286784539,-1.4397566225697094,-1.3033764207114553,-1.309658527349096,-1.3149378754402818,-1.3099903298370565,-1.273904157707265,7
-1.1573713770828253,-1.1878417321734531,-0.9447568759310225,-1.164875513536671,-1.16851704195633,-1.0910406956139316,-1.0979017858845035,6
-1.032468086125448,-0.9359268417771963,-0.9447568759310225,-1.032327683990085,-0.9747910161160247,-0.9770044277893872,-1.061982934492103,6
-0.7826615042106942,-0.7847779075394422,-1.064296724191167,-1.0374256774341843,-1.0874224264882952,-1.0545490899100773,-0.8321022855807411,7
-0.7410270738915685,-0.3313311048261805,-0.705677179410734,-0.8426823278695849,-0.8531490929139723,-0.9541971742244784,-0.6740593394541796,8
-0.6161237829341915,-0.7343949294601909,-0.5861373311505896,-0.8875446701776601,-0.7405176825417018,-0.9998116813542961,-0.9254912992009817,7
-0.4079516313385633,-0.532863017143186,-0.10797793811001244,-0.7162520904559181,-0.6526651824513308,-0.8264765542609888,-0.6848349948718998,8
-0.4079516313385633,-0.4824800390639346,-0.705677179410734,-0.7682516235857326,-0.7585387082012651,-0.7443704414273168,-0.7818158936313805,8
-0.3246827707003119,-0.38171408290543185,0.011561910150131954,-0.6571153665043644,-0.5265180028343878,-0.8447223571129159,-0.6632836840364595,8
-0.11651061910468331,-0.12979919250917502,-0.8252170276708785,-0.5633122871329341,-0.5648126823609596,-0.48892920150033764,-0.5303839338845783,8
-0.0748761887855576,-0.1801821705884264,-0.4665974828904456,-0.5378223199124369,-0.560307425946069,-0.4159459900926292,-0.42981114998585745,9
-0.03324175846643189,0.021349741728578526,0.011561910150131954,-0.2645698713087054,-0.08950813058997771,-0.4706833986484105,-0.31846271066941634,10
0.008392671852693824,-0.07941621442992365,0.011561910150131954,-0.4552348261180253,-0.44542338736635284,-0.662264328593645,-0.20711427135297547,9
0.05002710217181954,0.17249867596633262,0.3701814549305645,-0.07798331125466489,-0.2359289640739296,-0.08752153875794168,0.14848235743178784,9
0.05002710217181954,0.17249867596633262,-0.22751778637015682,-0.25845227917578606,-0.27872890001539247,-0.3748929336757933,-0.13527656856817477,9
0.05002710217181954,0.12211569788708126,-0.10797793811001244,-0.31351060837206013,-0.29449729746751035,-0.22436506014739493,-0.4046679540111772,10
0.05002710217181954,-0.12979919250917502,-0.5861373311505896,-0.7213500839000176,-0.7067282594300206,-0.7261246385753897,-0.6525080286187395,8
0.05002710217181954,0.021349741728578526,0.25064160667042007,-0.4419800431633668,-0.5220127464194969,-0.25629521513826736,-0.3543815620618167,11
0.09166153249094526,-0.07941621442992365,0.1311017584102757,-0.2523346870428667,-0.23818159228137503,-0.4022616379536839,-0.13527656856817477,10
0.09166153249094526,0.4244135663625895,-0.10797793811001244,-0.20543314735715157,-0.3372972334089732,0.035637630492566,0.18799309396342823,9
0.2581992537674481,0.3236476102040867,0.011561910150131954,0.03519214320434325,-0.06022396389318758,-0.08296008804495991,0.24905514133050882,10
0.2581992537674481,0.5251795225210922,0.4897213031907089,0.06374090649130029,-0.11203441266443184,0.11774374332623795,0.2598307967482289,10
0.29983368408657385,0.5755625006003435,0.1311017584102757,0.11981883437639436,-0.11203441266443184,0.3595006311142718,0.22032006021658854,9
0.29983368408657385,0.222881654045584,0.1311017584102757,0.14123040684161225,0.13575469015456343,0.4735368989388162,0.044317688393826805,9
0.34146811440569863,0.222881654045584,-0.3470576346303012,-0.3553141546136759,-0.35081300265364573,-0.37945438438877505,-0.20711427135297547,9
0.42473697504395,0.4244135663625895,0.1311017584102757,-0.06880692305528573,0.02087065157484732,-0.2745410179901945,0.15207424257102786,10
0.42473697504395,0.5755625006003435,-0.4665974828904456,0.45832559906459924,0.7056696266382526,0.34581627897532646,-0.0275200143909739,9
0.42473697504395,0.5251795225210922,0.25064160667042007,0.20036713079316612,-0.11879229728676809,0.24090291257674562,0.4286493982925102,9
0.46637140536307575,0.12211569788708126,0.011561910150131954,-0.26049147655342586,-0.13906595115377682,-0.7170017371494263,-0.09576583203653437,9
0.46637140536307575,0.4244135663625895,0.3701814549305645,-0.0025330082819927185,-0.17285537426545802,0.15423534903009214,0.04072580325458677,8
0.5080058356822015,0.12211569788708126,0.3701814549305645,0.31762098000745387,0.37228065193633164,0.3184475746974358,0.3496279252292294,13
0.5080058356822015,0.6259454786795944,0.1311017584102757,0.2605234534335398,0.19432302354814418,0.5100285046426701,0.18799309396342823,9
0.5496402660013272,0.4244135663625895,-0.3470576346303012,0.06374090649130029,0.34975436986187747,-0.2654181165642309,0.044317688393826805,9
0.5912746963204529,0.7267114348380971,1.0874205444914302,0.7132252712695726,0.750722190787161,1.0665254916264462,0.5399978376089513,10
0.7578124175969557,0.7267114348380971,1.0874205444914302,0.7988715611304432,0.6268276393776632,1.2261762665808082,0.6549381620646324,10
0.7578124175969557,0.47479654444184083,-0.22751778637015682,0.2849938219652172,0.5885329598510911,0.01283037692765712,0.19158497910266825,10
0.7994468479160814,0.9282433471551026,0.8483408479711414,0.5674226587683276,0.5862803316436457,0.5419586596335425,0.7483271756848733,11
0.7994468479160814,0.7267114348380971,0.9678806962312858,0.6153437971428627,0.7619853318243878,0.7745926459956131,0.4825276753811107,12
0.7994468479160814,0.7267114348380971,0.3701814549305645,0.870243469347836,0.7552274472020517,1.7644274507126574,0.5651410335836315,11
0.8410812782352072,0.8778603690758512,0.3701814549305645,0.7101664752031128,0.6583644342818987,0.8886289138201574,0.762694716241833,9
0.8410812782352072,0.9282433471551026,1.0874205444914302,0.8437339034385186,1.0818585372816365,0.614941871041251,0.6908570134570328,10
0.8827157085543329,0.8274773909965999,0.4897213031907089,0.5327563033484514,0.21459667741515268,0.395992236818126,0.8273486487481537,12
0.8827157085543329,0.6763284567588458,0.25064160667042007,0.4960507505509352,0.3317333442023142,1.0665254916264462,0.5471816078874313,8
1.00761899951171,1.0290093033136054,0.3701814549305645,0.6122850010764029,0.6403434086223354,0.5419586596335425,0.7411434054063932,10
1.0492534298308358,0.978626325234354,0.8483408479711414,0.7723619952211263,0.6808907163563528,0.7426624910047407,1.0859643787734363,10
1.0492534298308358,0.8778603690758512,0.8483408479711414,0.8121263440851022,0.7597327036169426,0.7061708853008865,0.9422889732038349,11
1.0908878601499614,1.129775259472108,0.8483408479711414,1.3117297016068497,1.2080057168985792,0.815645702412449,1.51699059548224,13
1.1741567207882129,1.1801582375513595,0.9678806962312858,1.5289042223254872,1.4355211658505662,0.44160674394794375,1.5600932171531205,14
1.2157911511073387,1.129775259472108,0.8483408479711414,1.3188668924285891,1.2080057168985792,1.8100419578424751,0.9710240543177551,10
1.2574255814264643,1.3313071717891136,0.8483408479711414,1.4799634852621322,1.3747002042495398,0.8886289138201574,1.9623843527480043,12
1.2574255814264643,1.3313071717891136,1.6851197857921514,1.558472584301264,1.4715632171696928,1.253544970858699,1.51699059548224,11
1.4239633027029663,1.7343709964231233,1.4460400892718634,2.1834865805478585,1.4220053966058936,2.7132091990128657,2.088100332621405,13
1.4239633027029663,1.280924193709862,0.8483408479711414,1.0853787926888334,0.8430799472924226,0.9205590688110293,1.6247471496594412,10
1.5072321633412178,1.532839084106119,0.7288009997109977,1.282161339631073,1.1156479603933174,1.253544970858699,1.4451528926974393,11
1.7986731755750978,1.7343709964231233,1.565579937532007,3.1653601178814155,2.0549939228980545,2.6356645368921754,1.7899738660644824,12
-2.65621086857135,-2.548182140313239,-2.25969520679261,-1.5890285680857468,-1.513169157695478,-1.5471857669121085,-1.615133245935068,3
-1.8235222621888363,-1.7924374691244687,-1.5424561172317441,-1.3932656198323274,-1.3509799267594085,-1.3692891891058194,-1.3565175159097855,6
-1.698618971231459,-1.7924374691244687,-1.901075662012177,-1.4269123765633838,-1.3419694139296268,-1.3966578933837102,-1.4606821849477465,7
-1.4071779589975795,-1.389373644490458,-0.9447568759310225,-1.2301298296211443,-1.1234644778074219,-1.2643758227072386,-1.2559447320110648,7
-0.82429593452982,-1.036692797935699,-0.705677179410734,-0.9578969797062329,-0.8396333236693,-0.8492838078258976,-1.0152884276819827,9
-0.82429593452982,-0.9863098198564477,-1.064296724191167,-0.975230157416171,-0.8779280031958719,-0.9998116813542961,-0.9973290019857824,8
-0.6161237829341915,-0.4320970609846832,-0.5861373311505896,-0.48990118153790174,-0.1863711435101305,-0.5436666100561189,-0.7638564679351804,8
-0.0748761887855576,-0.23056514866767774,-0.22751778637015682,-0.4195488720093291,-0.3327919769940824,-0.47524484936139233,-0.4585462310997777,10
-0.03324175846643189,-0.3313311048261805,-0.10797793811001244,-0.5939002477975309,-0.6233810157545404,-0.5801582157599731,-0.4944650824921779,8
0.008392671852693824,-0.07941621442992365,-0.3470576346303012,-0.5368027212236168,-0.5220127464194969,-0.561912412908046,-0.4585462310997777,8
0.2581992537674481,0.3740305882833381,-0.22751778637015682,0.06883889993539988,0.2844281518459605,-0.2334879615733585,0.008398837001426452,9
0.71617798727783,0.8274773909965999,0.7288009997109977,0.6285985800975212,0.45562789561181194,0.929681970236993,0.755510945963353,12
-1.4488123893167053,-1.490139600648961,-1.064296724191167,-1.2393062178205234,-1.1752749265786664,-1.2552529212812753,-1.2128421103401843,8
-1.199005807401951,-1.3389906664112068,-1.064296724191167,-1.195463474201268,-1.1414855034669853,-1.205076963438476,-0.20711427135297547,6
-0.53285492229594,-0.6840119513809395,-0.9447568759310225,-0.9028386505099586,-0.8058439005576188,-0.8492838078258976,-1.0224721979604627,8
-0.4912204919768143,-0.532863017143186,-0.4665974828904456,-0.6061354320633696,-0.3913603103876629,-0.7626162442792439,-0.7135700759858199,8
-0.4079516313385633,-0.23056514866767774,-0.4665974828904456,-0.543939912045356,-0.31702357954196453,-0.821915103548007,-0.6165891772263391,8
0.34146811440569863,0.3740305882833381,0.011561910150131954,0.01480016942794537,0.2100914210002621,-0.18331200373055898,-0.10294960231501445,9
0.38310254472482436,0.4244135663625895,0.011561910150131954,0.2013867294819859,0.5299646264575103,-0.18331200373055898,0.09101219520394727,8
0.38310254472482436,0.3236476102040867,0.1311017584102757,0.10758365011055564,0.005102254122729424,0.13598954617816505,0.24905514133050882,10
0.5912746963204529,0.5251795225210922,0.3701814549305645,0.4104044606900641,0.3069544339204146,0.24090291257674562,0.6585300472038724,10
0.6745435569587044,0.7267114348380971,0.8483408479711414,0.6928332974931747,0.550238280324519,0.45529109608688906,0.8417161893051138,9
0.7578124175969557,0.47479654444184083,-0.10797793811001244,0.46954118464161776,0.5141962290053924,0.7517853924307042,0.25264702646974885,9
0.7994468479160814,0.5251795225210922,0.7288009997109977,0.6082066063211233,0.7912694985211783,0.7563468431436859,0.41068997259631,7
0.8410812782352072,0.6259454786795944,0.7288009997109977,0.6887549027378951,0.45562789561181194,0.6924865331619411,1.1182913450265966,11
1.29906001174559,1.129775259472108,1.0874205444914302,1.452434320663995,1.0773532808667456,1.9560083806578918,1.5708688725708406,10
1.29906001174559,1.3313071717891136,1.326500241011719,1.9449004873640034,0.8881325114413309,1.3037209287014986,1.3625395344949185,11
1.29906001174559,1.129775259472108,0.8483408479711414,1.4565127154192745,1.771162768759932,1.5546007179154957,0.9710240543177551,11
1.5488665936603434,1.4824561060268677,0.7288009997109977,1.30765130685157,0.8025326395584051,1.8191648592684386,1.3804989601911188,12
-0.19977947974293475,-0.23056514866767774,-0.4665974828904456,-0.3981372995441115,-0.5805810798130776,-0.5071750043522647,-0.0275200143909739,14
0.17493039312919667,0.12211569788708126,0.8483408479711414,-0.15241401553851705,-0.4656970412333616,-0.028222679489178858,0.2598307967482289,10
-0.53285492229594,-0.4320970609846832,-0.5861373311505896,-0.7753888144074719,-0.8756753749884265,-0.8903368642427335,-0.4944650824921779,14
0.09166153249094526,0.021349741728578526,0.25064160667042007,-0.037199363701869124,-0.0647292203080784,0.058444884057474875,0.008398837001426452,11
-1.573715680274082,-1.490139600648961,-1.5424561172317441,-1.241345415198163,-1.2338432599722469,-1.2826216255591658,-1.1050855561629835,6
-0.82429593452982,-0.5832459952224374,-0.9447568759310225,-0.7876239986733106,-0.8306228108395184,-0.9587586249374601,-0.4585462310997777,7
-0.9491992254871972,-0.8351608856186936,-0.9447568759310225,-0.9650341705279721,-0.9612752468713522,-0.9906887799283326,-0.9614101505933821,9
-2.947651880805229,-3.052011921105752,-2.4987749033128983,-1.6206361274391634,-1.5649796064667225,-1.5699930204770174,-1.6797871784413885,4
-1.573715680274082,-1.5909055568074635,-1.064296724191167,-1.3127173234155556,-1.260874798461592,-1.1959540620125122,-1.3205986645173855,8
-0.03324175846643189,0.17249867596633262,-0.3470576346303012,-0.07900290994348468,0.056912702893973946,0.22265710972481853,-0.3507896769225767,8
0.05002710217181954,0.021349741728578526,0.1311017584102757,-0.0066114030372722956,0.07042847213864642,0.21353420829885497,0.044317688393826805,9
-0.19977947974293475,0.12211569788708126,-0.3470576346303012,-0.4256664641422485,-0.4702022976482524,-0.27910246870317623,-0.2430331227453758,11
0.7578124175969557,0.6763284567588458,0.1311017584102757,0.2523666639229806,0.1447652029843451,0.13142809546518328,0.5831004592798317,9
0.42473697504395,0.4244135663625895,0.4897213031907089,0.25746465736707996,0.36327013910655,-0.11032879232285056,0.22391194535582856,16
0.38310254472482436,0.4244135663625895,0.3701814549305645,0.16570077537328973,-0.15032909219100388,0.08125213762238374,0.8345324190266338,14
-0.5744893526150657,-0.5832459952224374,-0.8252170276708785,-0.841662729180765,-0.8869385160256535,-0.7626162442792439,-0.6740593394541796,11
-1.2822746680402024,-1.3389906664112068,-1.3033764207114553,-1.2729529745515797,-1.1865380676158932,-1.1366552027437493,-1.1410044075553838,6
-0.6577582132533172,-0.38171408290543185,-0.3470576346303012,-0.639782188794426,-0.49498120793015193,-0.8538452585388794,-0.5734865555554587,9
1.2574255814264643,1.280924193709862,1.9241994823124402,1.5809037554553018,1.1629531527496715,2.2342568741497795,1.5385419063176804,14
-1.1573713770828253,-1.0870757760149505,-0.5861373311505896,-0.9895045390596494,-0.8779280031958719,-0.8720910613908064,-0.9793695762895822,6
-1.2406402377210768,-1.1374587540942018,-0.705677179410734,-1.0771900262981604,-1.0536330033766141,-1.122970850604804,-0.9721858060111022,7
0.29983368408657385,0.3236476102040867,-0.22751778637015682,-0.0066114030372722956,-0.5265180028343878,0.19528840544692813,0.33166849953302924,10
0.2165648234483224,0.021349741728578526,0.25064160667042007,-0.08919889683168361,-0.3485603744462003,0.04932198263151132,0.2598307967482289,12
0.38310254472482436,0.5755625006003435,0.3701814549305645,0.2849938219652172,0.39030167759589496,0.7335395895787771,0.11615539117862751,9
-0.3246827707003119,-0.07941621442992365,0.3701814549305645,-0.1993155552242322,-0.5558021695311781,0.02195327835362067,0.11615539117862751,11
-0.9491992254871972,-0.7343949294601909,-0.5861373311505896,-0.7917023934285902,-0.763043964616156,-0.8720910613908064,-0.7458970422389801,8
-1.573715680274082,-1.5405225787282122,-1.3033764207114553,-1.3259721063702143,-1.299169477988164,-1.278060174846184,-1.3205986645173855,9
1.0908878601499614,1.0793922813928567,1.4460400892718634,1.1098491612205108,0.37678590835122244,1.4314415486649883,1.8043414066214427,16
0.34146811440569863,0.4244135663625895,0.6092611514508532,0.3013074009863355,-0.1683501178505672,0.5784502653373967,0.9422889732038349,12
0.38310254472482436,0.3236476102040867,1.2069603927515746,0.38593409215838664,0.39480693401078576,0.24090291257674562,0.18799309396342823,9
0.2165648234483224,0.5755625006003435,0.25064160667042007,0.5164427243273331,-0.00841351512194306,0.12230519403921973,-0.3507896769225767,14
0.8827157085543329,0.6763284567588458,0.8483408479711414,1.2118090301025004,0.2528913569417247,1.4405644500909518,1.8043414066214427,14
-0.4079516313385633,-0.38171408290543185,-0.3470576346303012,-0.35429455592485587,-0.4206444770844533,-0.0738371866189966,-0.38670852831497704,10
1.0908878601499614,0.9282433471551026,0.9678806962312858,1.1965150497702017,0.669627575319126,1.2170533651548447,1.4810717440898398,18
-1.698618971231459,-1.7420544910452176,-1.7815358137520325,-1.4075400014758057,-1.3577378113817447,-1.442272400513528,-1.3565175159097855,5
0.008392671852693824,-0.12979919250917502,0.6092611514508532,-0.09531648896460299,-0.33504460520152785,-0.36577003224982974,0.33166849953302924,19
0.008392671852693824,0.222881654045584,0.6092611514508532,-0.22786431851118924,-0.31702357954196453,-0.055591383767069506,-0.3148708255301763,10
-0.19977947974293475,-0.1801821705884264,-0.22751778637015682,-0.3940589047888319,-0.49047595151526113,-0.1559432994526683,-0.3148708255301763,15
-0.6993926435724429,-0.6840119513809395,-0.10797793811001244,-0.8793878806671009,-0.9410015930043435,-0.7854234978441528,-0.7458970422389801,8
-0.2830483403811862,-0.23056514866767774,0.4897213031907089,-0.3522553585472161,-0.5130022335897153,-0.08752153875794168,-0.2430331227453758,9
0.17493039312919667,0.3236476102040867,0.6092611514508532,-0.17280598931491495,-0.32378146416430076,0.21353420829885497,0.08023653978622716,15
-0.6161237829341915,-0.4824800390639346,-0.705677179410734,-0.7784476104739315,-0.7044756312225752,-0.899459765668697,-0.7818158936313805,12
-0.0748761887855576,-0.07941621442992365,-0.5861373311505896,-0.5113127540031196,-0.7585387082012651,-0.3292784265459758,-0.4944650824921779,9
-1.6153501105932075,-1.5909055568074635,-1.5424561172317441,-1.4034616067205261,-1.3667483242115264,-1.3282361326889836,-1.3565175159097855,5
0.008392671852693824,0.021349741728578526,0.25064160667042007,-0.24621709490994734,-0.38460242576532666,-0.2699795672772127,0.08023653978622716,12
-1.9067911228270877,-1.8428204472037202,-1.1838365724513114,-1.4075400014758057,-1.402790375530653,-1.2278842170033848,-1.3565175159097855,9
0.17493039312919667,0.4244135663625895,0.4897213031907089,0.06679970255776009,-0.3012551820898466,-0.23804941228634027,0.9063701218114345,16
1.00761899951171,0.9282433471551026,2.043739330572585,1.6257660977633768,1.025542832095501,2.051798845630509,1.2296397843430373,15
-0.6161237829341915,-0.532863017143186,-0.5861373311505896,-0.7152324917670982,-0.8080965287650642,-0.5664738636210278,-0.602221636669379,10
0.71617798727783,0.8274773909965999,0.7288009997109977,0.7111860738919326,0.9286798191753484,0.5282743074945973,0.40350620231782997,15
-1.199005807401951,-1.0870757760149505,-0.9447568759310225,-1.1067583882739371,-1.0311067213021599,-1.1366552027437493,-1.069166704770583,7
0.34146811440569863,0.47479654444184083,-0.22751778637015682,0.4675019872639782,0.3587648826916591,0.7654697445696496,0.4394250537102303,10
1.2157911511073387,1.381690149868365,0.4897213031907089,1.453453919352815,1.0773532808667456,0.6924865331619411,1.840260258013843,15
0.13329596281007097,0.17249867596633262,-0.4665974828904456,-0.02394458074721061,-0.292244669260065,-0.2517337644252856,-0.3148708255301763,10
-1.9484255531462134,-1.8428204472037202,-1.5424561172317441,-1.3800108368776687,-1.299169477988164,-1.1092864984658586,-1.392436367302186,9
-0.9491992254871972,-0.7847779075394422,-0.8252170276708785,-1.0068377167695877,-0.9319910801745619,-0.9724429770764055,-0.9254912992009817,7
-0.53285492229594,-0.3313311048261805,-0.4665974828904456,-0.6877033271689611,-0.6256336439619858,-0.8447223571129159,-0.4944650824921779,7
0.29983368408657385,0.3236476102040867,0.3701814549305645,0.2890722167204968,0.3249754595799779,0.7517853924307042,0.11615539117862751,9
0.42473697504395,0.4244135663625895,-0.9447568759310225,0.20954351899254506,0.32272283137253255,0.3777464339661989,-0.0275200143909739,12
0.7994468479160814,0.9282433471551026,1.4460400892718634,0.7998911598192635,0.45562789561181194,0.7517853924307042,1.3733151899126386,12
-0.0748761887855576,-0.07941621442992365,0.011561910150131954,-0.18809996964721323,-0.2877394128451741,0.031076179779584222,-0.38670852831497704,16
0.29983368408657385,0.5251795225210922,0.9678806962312858,0.2880526180316768,-0.07824498955275064,0.14055099689114683,0.8345324190266338,12
-0.19977947974293475,-0.07941621442992365,0.25064160667042007,-0.0412777584571487,-0.3891076821802175,-0.6257727228897908,0.40350620231782997,13
-0.7410270738915685,-0.532863017143186,-0.3470576346303012,-0.8589959068907032,-0.927485823759671,-0.9724429770764055,-0.5303839338845783,9
-0.24141391006206045,-0.2809481267469291,-0.10797793811001244,-0.4062940890546706,-0.43416024632912575,-0.3475242293979029,-0.1711954199605751,12
0.5912746963204529,0.9282433471551026,0.9678806962312858,0.457306000375779,0.3655227673139954,0.10405939118729263,1.0859643787734363,13
1.9652108968516004,1.683988018343872,1.2069603927515746,2.0397231654242534,1.550405204430282,1.8739022678242199,2.3072053261150476,14
0.7578124175969557,0.9282433471551026,0.6092611514508532,0.709146876514293,0.5795224470213095,0.5784502653373967,0.762694716241833,17
0.34146811440569863,0.5251795225210922,0.25064160667042007,0.09738766322235669,-0.06247659210063299,0.1086208419002744,0.2598307967482289,10
-3.1974584627199834,-3.052011921105752,-2.4987749033128983,-1.6604004763031395,-1.5965164013709583,-1.6156075276068351,-1.6797871784413885,4
-0.6577582132533172,-0.6336289733016887,0.011561910150131954,-0.7193108865223778,-0.6932124901853483,-0.7215631878624079,-0.9362669546187018,15
0.008392671852693824,0.222881654045584,-0.3470576346303012,-0.03210137025776977,-0.12555018190910433,-0.13313604588775943,-0.4405868054035776,12
-3.0309207414434804,-2.900862986867998,-2.857394448093331,-1.6532632854814,-1.5852532603337313,-1.6064846261808716,-1.6797871784413885,4
0.9243501388734586,0.7267114348380971,2.2828190270928728,0.47973717152981693,0.24162821590449762,0.4324838425219802,0.8704512704190341,16
0.42473697504395,0.6259454786795944,0.6092611514508532,0.049466524847821776,-0.303507810297292,-0.014538327350233532,0.7986135676342334,16
-1.199005807401951,-1.389373644490458,-1.064296724191167,-1.243384612575803,-1.2428537728020286,-1.1777082591605852,-1.2128421103401843,6
-2.3231354260183443,-2.296267249916982,-1.7815358137520325,-1.5604798047987898,-1.5086639012805871,-1.5243785133471996,-1.5720306242641877,4
-0.3663172010194376,-0.1801821705884264,0.25064160667042007,-0.4103724838099502,-0.375591912935545,-0.4250688915185928,-0.38670852831497704,13
-0.5744893526150657,-0.4320970609846832,-0.10797793811001244,-0.7906827947397703,-0.9364963365894526,-0.5847196664729548,-0.6740593394541796,9
-0.5744893526150657,-0.3313311048261805,-0.3470576346303012,-0.7560164393198939,-0.7247492850895839,-0.6348956243157543,-0.8536535964161812,10
-0.5744893526150657,-0.532863017143186,-0.10797793811001244,-0.7223696825888375,-0.7788123620682739,-0.7945463992701164,-0.508832623049138,13
-1.4071779589975795,-1.389373644490458,-0.9447568759310225,-1.2495022047087223,-1.2451064010094741,-1.3099903298370565,-1.1769232589477843,10
-0.03324175846643189,-0.029033236350672283,0.011561910150131954,-0.31045181230560054,-0.32828672057919156,-0.31559407440703047,-0.2430331227453758,15
0.13329596281007097,-0.07941621442992365,0.1311017584102757,-0.1462964234055977,-0.199886912754803,0.00370747550169357,-0.1711954199605751,11
-0.03324175846643189,-0.1801821705884264,0.011561910150131954,-0.1962567591577724,-0.5310232592492786,-0.33383987725895753,0.15207424257102786,19
0.29983368408657385,0.3740305882833381,0.6092611514508532,0.40734566462360433,0.42409110070757616,0.6605563781710687,0.2598307967482289,11
-0.03324175846643189,0.021349741728578526,0.4897213031907089,-0.2380603053993882,-0.3372972334089732,-0.2517337644252856,-0.09935771717577441,10
0.7578124175969557,0.5251795225210922,1.2069603927515746,0.4838155662850965,0.3339859724097596,0.41423803967005307,0.6549381620646324,13
1.00761899951171,0.8274773909965999,1.2069603927515746,0.9742425356074651,0.538975139287292,1.604776675758295,0.762694716241833,18
0.34146811440569863,0.222881654045584,-0.10797793811001244,0.05252532091428157,-0.17285537426545802,-0.028222679489178858,0.2598307967482289,11
-1.9067911228270877,-1.7924374691244687,-1.3033764207114553,-1.435069166073943,-1.429821914019998,-1.3875349919577467,-1.406803907859146,8
-1.2406402377210768,-1.2886076883319553,-1.064296724191167,-1.2362474217540635,-1.2248327471424656,-1.2552529212812753,-1.1410044075553838,10
0.008392671852693824,-0.07941621442992365,0.011561910150131954,-0.2717070621304446,-0.5355285156641694,-0.18787345444354073,0.10178785062166737,10
-1.0741025164445739,-1.2886076883319553,-1.4229162689715997,-1.147542335826733,-1.1707696701637755,-1.0454261884841136,-1.069166704770583,12
-0.19977947974293475,-0.07941621442992365,0.6092611514508532,-0.24111910146584775,-0.40262345142489,-0.3201555251200122,-0.09935771717577441,20
-0.44958606165768905,-0.5832459952224374,-0.5861373311505896,-0.6968797153683401,-0.7382650543342564,-0.48892920150033764,-0.602221636669379,8
0.46637140536307575,0.12211569788708126,0.4897213031907089,-0.20543314735715157,-0.3913603103876629,0.08581358833536552,-0.3507896769225767,14
-0.19977947974293475,-0.2809481267469291,0.3701814549305645,-0.32880458870435864,-0.38234979755788123,-0.22436506014739493,-0.4226273797073774,12
1.6737698846177205,1.4320731279476162,1.9241994823124402,2.4893661871938266,1.8657731534726396,2.3711003955392327,2.9896635025706537,10
1.0492534298308358,1.0793922813928567,1.8046596340522958,1.3647488334254843,0.9219219345530119,1.2991594779885167,1.3373963385202383,16
1.2157911511073387,1.280924193709862,1.0874205444914302,1.566629373811823,1.2080057168985792,1.545477816489532,1.660666001051841,21
0.2165648234483224,0.3236476102040867,0.6092611514508532,0.0647605051801203,-0.21340268199947546,-0.10576734160986878,0.4394250537102303,17
-0.2830483403811862,-0.38171408290543185,-0.5861373311505896,-0.5867630569757916,-0.8486438364990816,-0.5755967650469914,-0.38670852831497704,11
-2.4064042866565956,-2.296267249916982,-1.901075662012177,-1.5716953903758084,-1.5199270423178142,-1.5152556119212361,-1.5863981648211478,6
-2.4064042866565956,-2.3466502279962334,-1.4229162689715997,-1.5584406074211499,-1.5221796705252597,-1.4878869076433454,-1.5612549688464676,5
-0.03324175846643189,0.021349741728578526,-0.5861373311505896,-0.11978685749628044,-0.43416024632912575,-0.21524215872143138,0.15207424257102786,11
-0.4079516313385633,-0.07941621442992365,-0.5861373311505896,-0.5867630569757916,-0.7810649902757193,-0.7124402864364445,-0.20711427135297547,13
0.05002710217181954,0.17249867596633262,-0.705677179410734,-0.1830019762031139,-0.5512969131162873,-0.1787505530175772,0.40350620231782997,13
-1.4488123893167053,-1.3389906664112068,-1.7815358137520325,-1.27193337586276,-1.283401080536046,-1.223322766290403,-1.2128421103401843,10
0.2581992537674481,0.12211569788708126,0.1311017584102757,0.0831132815788784,-0.2336763358664842,0.7016094345879047,0.08023653978622716,14
-0.15814504942380903,-0.1801821705884264,-0.8252170276708785,-0.35327495723603614,-0.4499286437812437,-0.005415425924269981,-0.3507896769225767,11
0.13329596281007097,0.3236476102040867,0.4897213031907089,0.5337759020372712,0.14251257477689966,0.4461681946609255,0.8345324190266338,15
0.008392671852693824,-0.07941621442992365,-0.5861373311505896,-0.4062940890546706,-0.46794966944080696,-0.33383987725895753,-0.4226273797073774,11
0.2165648234483224,0.4244135663625895,0.8483408479711414,0.5500894810583895,0.07718635676098266,0.31388612398445404,1.157802081558237,14
0.2165648234483224,0.3236476102040867,0.4897213031907089,0.33087576296211235,-0.05121345106340592,-0.11489024303583233,0.9782078245962352,20
-2.4064042866565956,-2.3466502279962334,-1.7815358137520325,-1.5645581995540694,-1.5266849269401506,-1.4650796540784368,-1.5792143945426678,6
0.008392671852693824,0.021349741728578526,0.6092611514508532,-0.05759133747826701,-0.4319076181216804,0.1633582504560557,0.08023653978622716,13
-0.4079516313385633,-0.4320970609846832,0.011561910150131954,-0.43076445758634785,-0.708980887637466,-0.3292784265459758,-0.3507896769225767,16
0.05002710217181954,-0.07941621442992365,0.6092611514508532,-0.11570846274100087,-0.3327919769940824,0.15423534903009214,-0.06343886578337406,12
0.008392671852693824,0.07173271980782989,0.25064160667042007,-0.2309231145776488,-0.5580547977386235,-0.08752153875794168,0.22391194535582856,13
0.05002710217181954,0.17249867596633262,-0.22751778637015682,-0.22786431851118924,-0.6661809516960033,-0.13313604588775943,0.11615539117862751,13
-0.4912204919768143,-0.1801821705884264,-0.705677179410734,-0.3940589047888319,-0.801338644142728,-0.21524215872143138,-0.09935771717577441,13
-1.7402534015505848,-1.7420544910452176,-1.4229162689715997,-1.3229133103037547,-1.2586221702541465,-1.2370071184293483,-1.3780688267452257,5
-0.4912204919768143,-0.532863017143186,-0.4665974828904456,-0.50621476055902,-0.4702022976482524,-0.8127922021220434,-0.3938922985934571,8
-0.3246827707003119,-0.23056514866767774,-0.8252170276708785,-0.5561750963111948,-0.2854867846377287,-0.6987559342974992,-0.7602645827959403,7
-0.2830483403811862,-0.23056514866767774,-0.4665974828904456,-0.48480318809380235,-0.3981181950099992,-0.621211272176809,-0.4405868054035776,9
-0.0748761887855576,-0.12979919250917502,0.011561910150131954,-0.29107943721802243,-0.3530656308610909,-0.502613553639283,-0.13527656856817477,12
0.2581992537674481,0.3236476102040867,0.3701814549305645,0.3818556974031071,0.604301357303209,0.04476053191852955,0.17362555340646807,10
0.71617798727783,0.9282433471551026,0.9678806962312858,1.2423969907670969,0.7169327676754794,1.7598659999996755,0.6872651283177927,9
1.29906001174559,1.4320731279476162,1.2069603927515746,1.9948608231161782,2.0865307178022903,1.686882788591967,1.9839356635834444,11
1.3823288723838405,1.4320731279476162,1.326500241011719,1.9336849017869846,1.845499499605631,1.8191648592684386,1.3769070750518788,11
1.4239633027029663,1.4320731279476162,1.565579937532007,2.7412070633323404,3.485412834625891,2.608295832614285,1.8474440282923232,10
1.6321354542985949,1.683988018343872,1.326500241011719,2.6953251223354453,3.2218553343547773,1.8374106621203656,2.4867995830770484,10
-2.1149632744227156,-2.0443523595207256,-1.5424561172317441,-1.4493435477174215,-1.3532325549668538,-1.3647277383928378,-1.496601036340147,4
-2.1149632744227156,-2.1955012937584795,-1.901075662012177,-1.4880882978925773,-1.4185587729827709,-1.4924483583563273,-1.500192921479387,5
-1.9067911228270877,-1.8932034252829715,-1.6619959654918883,-1.4116183962310853,-1.3599904395891902,-1.3784120905317832,-1.4642740700869867,6
-1.9067911228270877,-1.8932034252829715,-1.7815358137520325,-1.425892777874564,-1.3847693498710896,-1.3920964426707283,-1.4642740700869867,6
-1.7402534015505848,-1.7924374691244687,-1.6619959654918883,-1.355540468345991,-1.337464157514736,-1.2826216255591658,-1.392436367302186,6
-1.2406402377210768,-1.1878417321734531,-1.064296724191167,-1.1036995922074775,-1.0648961444138412,-1.0956021463269132,-1.1410044075553838,6
-1.199005807401951,-1.0870757760149505,-1.1838365724513114,-1.1251111646726952,-0.8734227467809811,-1.0773563434749862,-1.1266368669984237,6
-1.1573713770828253,-1.2382247102527046,-1.1838365724513114,-1.1842478886242491,-1.1978012086531207,-1.0454261884841136,-1.2128421103401843,6
-1.032468086125448,-1.1374587540942018,-1.064296724191167,-1.17609109911369,-1.1212118495999766,-1.122970850604804,-1.2415771914541047,6
-0.9075647951680714,-0.9359268417771963,-0.4665974828904456,-0.8712310911565418,-0.7224966568821385,-0.8538452585388794,-1.0188803128212227,8
-0.9075647951680714,-0.7847779075394422,-0.9447568759310225,-0.8936622623105795,-0.7517808235789288,-0.9587586249374601,-0.9793695762895822,7
-0.8659303648489457,-0.885543863697945,-0.5861373311505896,-0.8559371108242435,-0.6932124901853483,-0.7945463992701164,-0.9614101505933821,8
-0.6993926435724429,-0.7847779075394422,-0.10797793811001244,-0.8549175121354237,-0.8846858878182082,-0.7306860892883715,-0.8608373666946613,6
-0.6161237829341915,-0.5832459952224374,-0.10797793811001244,-0.6826053337248617,-0.6256336439619858,-0.7854234978441528,-0.7063863057073397,7
-0.4079516313385633,-0.5832459952224374,-0.4665974828904456,-0.6897425245466009,-0.7022230030151299,-0.461560497222447,-0.7458970422389801,7
-0.3246827707003119,-0.1801821705884264,-0.4665974828904456,-0.46848960907268405,-0.4882233233078157,-0.42050744080561103,-0.501648852770658,8
-0.24141391006206045,-0.3313311048261805,-0.5861373311505896,-0.41649007594286935,-0.3485603744462003,-0.3429627786849211,-0.602221636669379,6
0.008392671852693824,0.021349741728578526,-0.5861373311505896,-0.1106104692969015,0.25514398514917014,-0.16050475016565008,-0.4226273797073774,7
0.34146811440569863,0.47479654444184083,0.25064160667042007,0.3074249931192549,0.3812911647661133,0.22265710972481853,0.2598307967482289,8
0.46637140536307575,0.27326463212483537,0.25064160667042007,0.12797562388695352,0.016365395159956494,0.1086208419002744,0.09101219520394727,6
0.5080058356822015,0.4244135663625895,-0.3470576346303012,0.09228966977825734,-0.021929284366615544,0.2454643632897274,-0.09935771717577441,6
0.6329091266395787,0.5755625006003435,0.3701814549305645,0.8834982523024946,1.1944899476539073,0.5921346174763421,0.6549381620646324,10
0.8827157085543329,0.7267114348380971,1.0874205444914302,0.7774599886652256,0.7687432164467243,0.6833636317359776,0.5974679998367919,11
1.00761899951171,1.1801582375513595,0.7288009997109977,1.1037315690875917,1.144932127090108,0.9342434209499747,0.7267758648494331,10
1.0908878601499614,1.381690149868365,1.0874205444914302,1.8969793489894684,1.473815845377138,1.2079304637288812,2.213816312494807,11
1.1741567207882129,1.0793922813928567,0.6092611514508532,1.1353391284410081,1.1787215502017891,1.1075785480432823,0.759102831102593,8
1.2157911511073387,1.129775259472108,1.326500241011719,1.9938412244273584,1.7959416790418319,1.7598659999996755,1.9156898459378835,11
1.2157911511073387,1.0290093033136054,1.4460400892718634,1.5615313803677238,1.4017317427388847,1.8602179156852745,1.52058248062148,10
1.3406944420647158,1.0290093033136054,0.9678806962312858,1.2760437474981534,1.2260267425581426,1.1851232101639724,0.960248398900035,9
1.465597733022092,1.9359029087401287,2.1632791788327292,2.3945435091335767,2.0324676408236,2.0426759442045457,2.418553765431488,10
1.6321354542985949,1.9359029087401287,2.2828190270928728,2.8747744915677464,2.814129628807158,2.101974803473308,2.745415313102331,12
-2.8227485898478526,-2.7497140526302437,-2.25969520679261,-1.624714522194443,-1.5694848628816134,-1.5882388233289444,-1.6438683270489882,4
-2.3231354260183443,-2.3466502279962334,-2.0206155102723216,-1.5298918441341929,-1.4388324268497796,-1.483325456930364,-1.5720306242641877,5
-1.7402534015505848,-1.7924374691244687,-3.3355538411339083,-1.4167163896751849,-1.3599904395891902,-1.3875349919577467,0.8022054527734734,6
-1.3655435286784539,-1.389373644490458,-1.1838365724513114,-1.2668353824186604,-1.1775275547861117,-1.2917445269851293,-1.270312272568025,6
-1.2406402377210768,-1.2886076883319553,-1.4229162689715997,-1.2342082243764239,-1.1009381957329678,-1.2552529212812753,-1.3205986645173855,6
-0.9075647951680714,-0.9863098198564477,-1.064296724191167,-0.9966417298813887,-0.8035912723501734,-1.1275323013177856,-1.1194530967199436,6
-0.5744893526150657,-0.5832459952224374,-0.10797793811001244,-0.5959394451751707,-0.3327919769940824,-0.8675296106778246,-0.7638564679351804,7
-0.3663172010194376,-0.5832459952224374,-0.8252170276708785,-0.39507850347765167,-0.03319242540384261,-0.48892920150033764,-0.7458970422389801,6
-0.3246827707003119,-0.3313311048261805,-0.3470576346303012,-0.543939912045356,-0.49047595151526113,-0.42050744080561103,-0.6201810623655791,8
-0.11651061910468331,-0.1801821705884264,-0.3470576346303012,-0.4725680038279636,-0.2990025538824012,-0.49349065221331945,-0.5986297515301389,8
-0.03324175846643189,-0.12979919250917502,-0.3470576346303012,-0.5041755631813802,-0.46344441302591616,-0.49349065221331945,-0.4944650824921779,10
0.2581992537674481,0.222881654045584,0.011561910150131954,-0.1513944168496973,-0.0309397971963972,0.026514729066602447,-0.2681763187200559,9
0.5080058356822015,0.5755625006003435,0.25064160667042007,0.3084445918080747,0.3249754595799779,0.674240730310014,0.05868522895078695,9
0.5080058356822015,0.5251795225210922,0.25064160667042007,0.3563657301826098,0.6471012932446719,0.27283306756761805,0.09101219520394727,11
0.5080058356822015,0.47479654444184083,0.3701814549305645,0.6204417905869621,0.8656062293668768,0.38686933539216245,0.47534390510263064,12
0.71617798727783,0.8274773909965999,0.4897213031907089,0.6469513564962791,1.0705953962444092,0.5966960681893239,0.18799309396342823,8
0.71617798727783,0.6763284567588458,0.25064160667042007,0.63879456698572,1.1742162937868983,0.5145899553556519,0.044317688393826805,9
0.7578124175969557,1.2305412156306108,0.7288009997109977,0.5939322246776451,0.9827428961540383,0.2637101661416545,0.3388522698115093,9
0.7994468479160814,0.5755625006003435,0.011561910150131954,0.3716597105149079,0.538975139287292,0.5282743074945973,0.11615539117862751,8
0.8410812782352072,0.978626325234354,0.8483408479711414,0.6163633958316825,0.8250589216328593,0.4187994903830349,0.6046517701152719,8
0.8410812782352072,0.7267114348380971,0.8483408479711414,0.48177636890745645,0.5727645623989732,0.71529378672685,0.33166849953302924,10
0.9243501388734586,0.7267114348380971,0.1311017584102757,0.7183232647136719,1.3769528324569855,0.44160674394794375,-0.09935771717577441,10
0.9659845691925844,1.1801582375513595,0.8483408479711414,1.1282019376192687,1.2913529605740597,1.1942461115899359,0.9422889732038349,9
1.1325222904690873,0.978626325234354,1.2069603927515746,1.2434165894559166,1.4332685376431205,0.9524892238019018,-0.4369949202643375,11
1.1325222904690873,0.7770944129173485,0.3701814549305645,0.813145942773922,1.12916372963799,0.8521373081163033,0.4394250537102303,8
1.1325222904690873,1.0793922813928567,0.3701814549305645,1.2495341815888363,1.5594157172600638,1.5956537743323316,0.6908570134570328,10
1.29906001174559,1.4320731279476162,0.8483408479711414,1.3137688989844898,1.5932051403717447,0.9251205195240112,1.3697233047733985,11
1.3823288723838405,1.7343709964231233,1.326500241011719,1.69102041384785,1.5706788582972906,1.6503911828881128,1.671441656469561,10
1.6321354542985949,1.381690149868365,1.326500241011719,1.8735285791466112,2.082025461387399,1.8465335635463294,1.664257886191081,11
-2.07332884410359,-2.094735337599977,-1.6619959654918883,-1.4942058900254969,-1.452348196094452,-1.442272400513528,-1.500192921479387,6
-1.6153501105932075,-1.641288534886715,-1.7815358137520325,-1.3953048172099671,-1.3577378113817447,-1.3556048369668743,-1.3529256307705455,6
-1.6153501105932075,-1.490139600648961,-1.3033764207114553,-1.2892665535726981,-1.2068117214829022,-1.259814371994257,-1.3205986645173855,7
-1.323909098359328,-1.2886076883319553,-1.1838365724513114,-1.290286152261518,-1.2293380035573565,-1.31911323126302,-1.281087927985745,7
-1.323909098359328,-1.389373644490458,-1.1838365724513114,-1.250521803397542,-1.1662644137488847,-1.200515512725494,-1.2451690765933447,6
-0.8659303648489457,-0.9863098198564477,-0.9447568759310225,-1.1179739738509562,-1.1122013367701948,-1.0864792449009497,-1.051207279074383,8
-0.7410270738915685,-0.7343949294601909,-0.705677179410734,-1.0088769141472274,-1.0085804392277058,-0.940512822085533,-1.0224721979604627,7
-0.7410270738915685,-0.8351608856186936,-0.9447568759310225,-0.9436225980627543,-0.8351280672544092,-0.9861273292153507,-0.9326750694794618,7
-0.6993926435724429,-0.8351608856186936,-0.705677179410734,-0.6775073402807621,-0.4566865284035799,-0.5573509621950643,-0.943450724897182,8
-0.3246827707003119,-0.4320970609846832,-1.1838365724513114,-0.3624513454354151,-0.19312902813246674,-0.4433146943705199,-0.4226273797073774,8
-0.24141391006206045,-0.23056514866767774,-0.3470576346303012,-0.6448801822385256,-0.6842019773555665,-0.5938425678989183,-0.480097541935218,10
-0.11651061910468331,-0.029033236350672283,-0.3470576346303012,-0.27782465426336395,-0.14582383577611305,-0.2334879615733585,-0.4190354945681373,7
-0.03324175846643189,0.021349741728578526,0.011561910150131954,-0.46747001038386404,-0.5287706310418332,-0.39313873652772036,-0.40825983915041725,11
0.13329596281007097,0.12211569788708126,0.011561910150131954,-0.1809627788254741,0.0005969977078385963,-0.19699635586950429,-0.2897276295554961,8
0.13329596281007097,0.07173271980782989,0.3701814549305645,-0.25845227917578606,-0.1683501178505672,-0.12401314446179589,-0.3507896769225767,10
0.2165648234483224,0.3740305882833381,-0.3470576346303012,-0.3196282005049795,-0.32152883595685533,-0.4022616379536839,-0.20711427135297547,11
0.29983368408657385,0.3236476102040867,0.3701814549305645,-0.03617976501304911,0.041144305441856044,-0.02366122877619708,-0.0275200143909739,11
0.42473697504395,0.4244135663625895,-0.4665974828904456,0.2646018481888193,0.39480693401078576,-0.10576734160986878,0.2598307967482289,12
0.42473697504395,0.4244135663625895,0.25064160667042007,0.05966251173602072,0.4038174468405674,-0.13313604588775943,-0.1711954199605751,10
0.42473697504395,0.5251795225210922,0.6092611514508532,0.2625626508111796,0.550238280324519,0.1268666447522015,-0.02033624411249383,10
0.46637140536307575,0.5251795225210922,-0.10797793811001244,0.19832793341552635,0.19432302354814418,0.2500258140027092,0.2598307967482289,8
0.46637140536307575,0.17249867596633262,0.3701814549305645,0.09025047240061755,0.009607510537620252,0.6240647724672145,0.0012150667229463817,10
0.5496402660013272,0.4244135663625895,0.4897213031907089,0.3451501446055909,0.3857964211810041,0.3047632225584905,0.4466088239887104,9
0.6329091266395787,0.5251795225210922,0.3701814549305645,-0.33288298345963824,-0.33504460520152785,-0.2882253701291398,0.2167281750773485,11
0.7994468479160814,0.7770944129173485,0.1311017584102757,0.3553461314937896,0.47815417768626606,0.35493918040129,0.29574964814062926,11
0.8410812782352072,0.8778603690758512,0.4897213031907089,0.8264007257285805,1.235037255387924,0.10405939118729263,0.7986135676342334,13
0.8410812782352072,0.8778603690758512,0.3701814549305645,0.4002084738018649,0.4533752674043665,0.1268666447522015,0.7267758648494331,9
0.8410812782352072,0.8778603690758512,0.8483408479711414,0.947732969698148,0.9962586653987108,1.2444220694327355,0.8345324190266338,9
0.8410812782352072,0.9282433471551026,0.8483408479711414,0.46444319119751837,0.4601331520267028,0.7061708853008865,0.47534390510263064,10
0.8410812782352072,0.6259454786795944,0.1311017584102757,1.951018079496923,1.4220053966058936,0.6058189696152874,0.615427425532992,13
0.8410812782352072,0.7770944129173485,0.6092611514508532,0.8090675480186424,0.6673749471116803,1.0528411394875008,0.8704512704190341,10
0.9243501388734586,0.9282433471551026,0.9678806962312858,0.8722826667254756,0.8092905241807417,1.0163495337836466,0.7986135676342334,10
1.00761899951171,0.9282433471551026,0.25064160667042007,0.6734609224055966,0.4871646905160477,1.413195745813061,0.511262756495031,9
1.00761899951171,1.0290093033136054,0.6092611514508532,1.1710250825497046,0.9737323833242566,0.6468720260321233,1.5493175617354005,11
1.3823288723838405,1.280924193709862,1.0874205444914302,2.0336055732913345,1.9716466792225742,2.083729000621381,1.8689953391277634,11
1.4239633027029663,1.532839084106119,1.0874205444914302,1.922469316209966,2.0730149485576175,1.3721426893962252,1.4236015818619991,10
-0.0748761887855576,-0.1801821705884264,-0.4665974828904456,-0.4409604444745468,-0.2584552461483837,-0.4022616379536839,-0.6992025354288599,8
0.17493039312919667,-0.029033236350672283,-0.22751778637015682,-0.3481769637919365,-0.14582383577611305,-0.3292784265459758,-0.4657300013782578,8
0.7994468479160814,0.5755625006003435,0.1311017584102757,0.1677399727509295,0.07042847213864642,0.3093246732714723,0.28138210758366916,10
0.8827157085543329,0.8274773909965999,0.25064160667042007,0.7478916266894488,1.014279691058274,0.697047983874923,0.4394250537102303,9
0.8827157085543329,1.0793922813928567,0.4897213031907089,1.034398858247839,0.8723641139892132,1.2763522244236079,0.7986135676342334,11
0.9659845691925844,0.8274773909965999,0.9678806962312858,1.083339595311194,1.3228897554782955,1.5181091122116415,0.47534390510263064,9
-1.2822746680402024,-1.3389906664112068,-1.4229162689715997,-1.2158554479776658,-1.2000538368605658,-1.1366552027437493,-1.1984745697832244,6
-1.0741025164445739,-0.9863098198564477,-1.3033764207114553,-1.0435432695671039,-0.9297384519671165,-1.1868311605865487,-1.0440235087959029,7
-1.032468086125448,-1.0870757760149505,-0.5861373311505896,-1.041504072189464,-1.0175909520574875,-0.9861273292153507,-1.0440235087959029,6
-0.9491992254871972,-1.036692797935699,-0.9447568759310225,-1.1506011318931928,-1.16851704195633,-1.0499876391970955,-1.1050855561629835,7
-0.5744893526150657,-0.7343949294601909,-0.8252170276708785,-0.8630743016459826,-0.8306228108395184,-0.8082307514090616,-0.8644292518339013,8
-0.3663172010194376,-0.7343949294601909,-0.3470576346303012,-0.621429412395668,-0.5107496053822699,-0.6485799764546997,-0.6740593394541796,7
-0.3246827707003119,-0.3313311048261805,-0.705677179410734,-0.7437812550540551,-0.7112335158449115,-0.8264765542609888,-0.6453242583402594,8
-0.19977947974293475,-0.4824800390639346,-0.4665974828904456,-0.7947611894950498,-0.774307105653383,-0.6850715821585539,-0.7782240084921405,8
-0.0748761887855576,-0.12979919250917502,-0.3470576346303012,-0.50621476055902,-0.5535495413237327,-0.6668257793066268,-0.3507896769225767,9
-0.03324175846643189,-0.07941621442992365,0.011561910150131954,-0.4215880693869689,-0.36658140010576334,-0.3201555251200122,-0.501648852770658,8
0.17493039312919667,0.4244135663625895,0.25064160667042007,-0.09837528503106278,0.09070212600565515,-0.16506620087863186,-0.16401164968209506,8
0.17493039312919667,0.222881654045584,0.011561910150131954,-0.11570846274100087,-0.31702357954196453,0.08581358833536552,0.16284989798874797,8
0.2165648234483224,0.27326463212483537,-0.3470576346303012,-0.17892358144783432,-0.05121345106340592,-0.20155780658248607,-0.23584935246689576,9
0.2165648234483224,0.222881654045584,0.9678806962312858,-0.004572205659632507,0.3655227673139954,-0.19699635586950429,-0.09935771717577441,10
0.2165648234483224,-0.23056514866767774,-0.22751778637015682,-0.20645274604597133,-0.07373973313785981,-0.16506620087863186,-0.3507896769225767,8
0.2581992537674481,0.222881654045584,-0.3470576346303012,-0.26151107524224565,-0.08950813058997771,-0.4113845393796475,-0.2107061564922155,8
0.29983368408657385,0.4244135663625895,0.1311017584102757,0.2177003085031042,0.2956912928831876,-0.14682039802670477,0.24187137105202874,11
0.34146811440569863,0.5755625006003435,0.25064160667042007,0.7193428634024918,0.998511293606156,0.3731849832532171,0.5076708713557909,9
0.38310254472482436,0.3740305882833381,0.4897213031907089,0.3787969013366473,0.7056696266382526,-0.15138184873968655,0.4394250537102303,10
0.42473697504395,0.7267114348380971,0.7288009997109977,0.5531482771248493,0.6606170624893444,0.6195033217542327,0.511262756495031,10
0.5080058356822015,1.0290093033136054,0.4897213031907089,0.7937735676863439,1.259816165669824,0.5510815610595061,0.4394250537102303,11
0.5496402660013272,0.4244135663625895,0.3701814549305645,0.09228966977825734,0.04339693364930146,0.3002017718455087,0.008398837001426452,8
0.5912746963204529,0.6763284567588458,0.3701814549305645,0.31660138131863386,0.5727645623989732,0.031076179779584222,0.263422681887469,10
0.6329091266395787,0.6259454786795944,-0.22751778637015682,0.37064011182608814,0.2866807800534059,0.3503777296883082,0.4250575131532702,9
0.71617798727783,-0.4320970609846832,0.3701814549305645,0.5052271387503141,0.5795224470213095,0.6240647724672145,0.22391194535582856,9
0.7578124175969557,0.6763284567588458,1.565579937532007,1.0364380556254784,1.0818585372816365,0.9205590688110293,0.9422889732038349,11
0.8410812782352072,0.9282433471551026,0.9678806962312858,1.1047511677764115,1.2868477041591688,1.1167014494692458,0.9458808583430749,12
0.8410812782352072,0.8274773909965999,1.2069603927515746,1.7797254997751808,1.7441312302705876,2.0974133527603263,1.0536374125202759,11
0.8827157085543329,0.7770944129173485,0.9678806962312858,0.8457731008161586,0.7124275112605887,1.1623159565990635,0.9422889732038349,11
0.8827157085543329,1.2305412156306108,0.8483408479711414,1.1924366550149221,1.385963345286767,1.0391567873485554,0.8381243041658738,13
0.9243501388734586,0.7770944129173485,0.3701814549305645,0.4980899479285748,0.48491206230860234,0.15423534903009214,0.7986135676342334,11
0.9243501388734586,0.9282433471551026,0.8483408479711414,1.321925688495049,1.4625527043399111,1.093894195904337,1.0859643787734363,12
0.9243501388734586,0.9282433471551026,0.9678806962312858,0.9436545749428684,1.0570796269997367,0.8110842516994673,0.9422889732038349,9
1.0492534298308358,0.8778603690758512,0.4897213031907089,0.9823993251180242,0.9804902679465927,1.3767041401092068,0.8345324190266338,9
1.2157911511073387,1.1801582375513595,0.9678806962312858,1.3514940504708257,1.660783986595107,1.4816175065077877,1.0213104462671156,9
1.2574255814264643,1.129775259472108,0.8483408479711414,1.356592043914925,1.6990786661216795,1.1395087030341546,0.9422889732038349,9
1.2574255814264643,1.0290093033136054,0.25064160667042007,0.7499308240670883,0.5209541136277287,1.1258243508952093,1.057229297659516,11
1.29906001174559,1.381690149868365,1.0874205444914302,1.719569177134807,1.5684262300898455,1.6731984364530217,1.7325037038366418,11
1.465597733022092,1.381690149868365,1.8046596340522958,2.209996146457176,2.3568461026957395,2.3528545926873057,1.9192817310771237,10
1.5488665936603434,1.381690149868365,0.8483408479711414,2.198780560880157,2.3117935385468313,2.5170668183546496,1.6965848524442415,11
1.590501023979469,1.5832220621853692,0.9678806962312858,1.960194467696302,2.1833937307224427,1.5774079714804046,2.152754265127726,9
1.6321354542985949,1.8351369525816261,1.565579937532007,1.8776069739018906,1.874783666302421,2.206888169871889,1.7325037038366418,11
-0.8659303648489457,-1.036692797935699,-0.9447568759310225,-0.993582933814929,-0.8779280031958719,-0.940512822085533,-1.0979017858845035,7
-0.3663172010194376,-0.5832459952224374,-0.9447568759310225,-0.6316253992838669,-0.5535495413237327,-0.4843677507873559,-0.8105509747453008,7
-0.3663172010194376,-0.4320970609846832,-0.22751778637015682,-0.6081746294410094,-0.5355285156641694,-0.48892920150033764,-0.7171619611250599,8
-0.11651061910468331,0.021349741728578526,0.3701814549305645,0.9253017985441101,0.944448216627466,1.007226632357683,1.0105347908493956,9
-0.0748761887855576,-0.07941621442992365,0.011561910150131954,-0.228883917200009,-0.04445556644106968,-0.1924349051565225,-0.4334030351250975,8
0.29983368408657385,0.12211569788708126,0.9678806962312858,1.704275196802509,1.874783666302421,1.545477816489532,1.5349500211784404,9
0.29983368408657385,0.12211569788708126,0.011561910150131954,0.01683936680558516,0.24613347231938845,0.3047632225584905,-0.27895197413777595,8
0.38310254472482436,0.4244135663625895,0.25064160667042007,0.27683703245465807,0.773248472861615,0.07669068690940198,-0.21429804163145555,9
0.6745435569587044,0.5755625006003435,0.3701814549305645,0.5531482771248493,0.8453325754998683,0.7837155474215767,0.14129858715330776,10
0.8410812782352072,0.7267114348380971,0.4897213031907089,0.841694706060879,1.343163409345304,0.7472239417177224,0.2849739927229092,9
0.9659845691925844,0.978626325234354,0.8483408479711414,0.9987129041391425,1.1674584091645621,1.1075785480432823,0.6657138174823525,9
1.0492534298308358,1.1801582375513595,1.0874205444914302,1.0537712333354166,1.02103757568061,0.8886289138201574,1.060821182798756,9
-1.865156692507962,-1.9435864033622228,-2.1401553585324655,-1.4483239490286013,-1.402790375530653,-1.442272400513528,-1.4139876781376262,4
-1.4488123893167053,-1.4397566225697094,-1.1838365724513114,-1.2882469548838782,-1.2901589651583822,-1.3145517805500382,-1.1625557183908242,7
-0.5744893526150657,-0.5832459952224374,-0.22751778637015682,-0.7264480773441171,-0.6504125542438853,-0.9678815263634236,-0.6381404880617793,9
-0.53285492229594,-0.4320970609846832,-0.705677179410734,-0.7733496170298321,-0.828370182632073,-0.7170017371494263,-0.6381404880617793,8
-0.2830483403811862,-0.3313311048261805,-0.5861373311505896,-0.554135898933555,-0.5940968490577501,-0.4296303422315746,-0.44777057568205764,8
-0.19977947974293475,-0.23056514866767774,-0.4665974828904456,-0.6377429914167863,-0.7315071697119202,-0.4569990465094652,-0.5303839338845783,8
0.13329596281007097,0.07173271980782989,-0.10797793811001244,-0.24417789753230754,-0.17961325888779425,-0.060152834480051286,-0.38670852831497704,9
0.2165648234483224,0.12211569788708126,0.1311017584102757,-0.18402157489193366,-0.17285537426545802,-0.29278682084212154,0.0946040803431873,11
0.2165648234483224,0.3740305882833381,-0.705677179410734,-0.07186571912174552,0.08394424138331891,-0.35208568011088465,0.15207424257102786,10
0.2581992537674481,0.27326463212483537,0.1311017584102757,0.1871123478385074,0.20108090817048044,0.42792239180899844,0.11615539117862751,8
0.38310254472482436,0.17249867596633262,0.011561910150131954,-0.12896324569565962,-0.12780281011654973,-0.3703314829628115,0.008398837001426452,10
0.46637140536307575,0.4244135663625895,0.011561910150131954,-0.009670199103732091,-0.05797133568574216,-0.03734558091514241,0.17362555340646807,10
0.46637140536307575,0.17249867596633262,0.1311017584102757,0.0025649851621066394,0.08844949779820974,-0.18331200373055898,0.13411481687482768,11
0.5080058356822015,0.6259454786795944,0.7288009997109977,0.3186405786962736,0.04564956185674687,0.5373972089205608,0.5471816078874313,10
0.5080058356822015,0.4244135663625895,0.25064160667042007,0.3431109472279511,0.20783879279281667,0.9342434209499747,0.08742031006470723,11
0.5912746963204529,0.47479654444184083,0.011561910150131954,0.17385756488384888,0.13575469015456343,0.38230788467918064,0.23109571563430864,9
0.6329091266395787,0.9282433471551026,0.7288009997109977,0.6143241984540425,0.3655227673139954,0.7882769981345584,0.6908570134570328,11
0.7578124175969557,0.8778603690758512,0.3701814549305645,0.5133839282608733,0.7236906522978159,0.08581358833536552,0.5831004592798317,9
0.8827157085543329,0.978626325234354,0.3701814549305645,0.563344264013048,0.5975434726808728,0.41423803967005307,0.619019310672232,11
0.8827157085543329,0.8274773909965999,0.3701814549305645,0.8162047388403818,0.7912694985211783,0.9981037309317196,0.6908570134570328,11
0.9243501388734586,0.8778603690758512,0.8483408479711414,0.8294595217950403,0.7259432805052611,1.1668774073120451,0.7770622567987933,10
1.00761899951171,1.280924193709862,1.2069603927515746,0.8376163113055994,0.48941731872349314,0.5282743074945973,1.3302125682417583,10
1.0492534298308358,0.978626325234354,0.6092611514508532,1.0772220031782742,0.9602166140795841,0.9159976180980481,1.3733151899126386,11
1.0908878601499614,1.1801582375513595,0.9678806962312858,1.1689858851720645,1.1922373194464615,1.030033885922592,0.9063701218114345,13
1.0908878601499614,0.9282433471551026,1.9241994823124402,1.0813003979335538,1.2733319349144965,1.3219667315534256,1.1937209329506373,13
1.2157911511073387,1.280924193709862,1.2069603927515746,1.7134515850018879,1.7441312302705876,1.030033885922592,1.933649271634084,11
1.2157911511073387,1.1801582375513595,1.4460400892718634,1.8592541975031323,1.1764689219943438,1.0619640409134645,3.004031043127614,11
1.4239633027029663,1.2305412156306108,1.6851197857921514,1.3892192019571616,1.3724475760420947,2.088290451334363,1.0500455273810358,10
1.4239633027029663,1.4320731279476162,1.326500241011719,1.704275196802509,1.6562787301802162,1.6367068307491677,1.4810717440898398,11
2.048479757489852,1.9862858868193802,0.8483408479711414,2.4914053845714665,1.9874150766746919,3.151108467459116,0.8345324190266338,11
-2.0316944137844644,-1.9435864033622228,-1.6619959654918883,-1.4371083634515827,-1.3352115293072906,-1.4513953019394914,-1.500192921479387,6
-1.6153501105932075,-1.7924374691244687,-1.4229162689715997,-1.404481205409346,-1.364495696004081,-1.3145517805500382,-1.385252597023706,7
-1.4488123893167053,-1.5909055568074635,-1.5424561172317441,-1.3443248827689724,-1.2428537728020286,-1.3236746819760017,-1.4211714484161062,6
-1.2822746680402024,-1.2886076883319553,-1.1838365724513114,-1.2454238099534427,-1.1707696701637755,-1.1503395548826945,-1.273904157707265,7
-0.7826615042106942,-0.9359268417771963,-0.5861373311505896,-0.9069170452652381,-0.7698018492384922,-0.9952502306413143,-0.9254912992009817,8
-0.7410270738915685,-0.7847779075394422,-1.064296724191167,-0.88856426886648,-0.6323915285843221,-0.9633200756504419,-1.0799423601883031,6
-0.6993926435724429,-0.5832459952224374,-0.705677179410734,-0.9140542360869773,-0.9094647981001077,-0.8310380049739705,-0.8895724478085815,6
-0.4079516313385633,-0.38171408290543185,-0.705677179410734,-0.6917817219242407,-0.6346441567917674,-0.6713872300196085,-0.6668755691756996,8
-0.4079516313385633,-0.4824800390639346,0.011561910150131954,-0.6428409848608858,-0.5332758874567239,-0.6941944835845174,-0.602221636669379,8
-0.3663172010194376,-0.532863017143186,-0.705677179410734,-0.7733496170298321,-0.7134861440523569,-0.8355994556869523,-0.7099781908465798,8
0.29983368408657385,0.3236476102040867,-0.10797793811001244,-0.05351294272298743,-0.04220293823362427,-0.17418910230459542,0.14489047229254778,9
0.5080058356822015,0.6763284567588458,0.6092611514508532,0.457306000375779,0.44436475457458485,0.33213192683638115,0.4394250537102303,11
0.5080058356822015,0.47479654444184083,0.7288009997109977,0.3380129537838517,0.297943921090633,0.7517853924307042,0.3280766143937892,11
-1.1573713770828253,-1.5405225787282122,-0.9447568759310225,-1.042523670878284,-1.0018225546053696,-1.0271803856321866,-1.054799164213623,8
-1.1157369467636995,-0.9863098198564477,-1.3033764207114553,-0.9884849403708297,-0.8035912723501734,-1.0134960334932412,-1.1481881778338638,7
-1.1157369467636995,-1.1878417321734531,-0.9447568759310225,-1.109817184340397,-1.0536330033766141,-1.0682334420490227,-1.1338206372769037,7
-0.9908336558063224,-1.0870757760149505,-1.3033764207114553,-1.071072434165241,-0.9432542212117889,-1.1868311605865487,-1.0835342453275434,7
-0.4079516313385633,-0.4320970609846832,-0.5861373311505896,-0.6724093468366626,-0.5738231951907413,-0.8401609063999341,-0.5950378663908988,10
-0.19977947974293475,-0.2809481267469291,-0.3470576346303012,-0.5133519513807594,-0.40712870783978083,-0.49349065221331945,-0.6129972920870991,9
-0.0748761887855576,-0.07941621442992365,-0.3470576346303012,-0.4358624510304474,-0.32828672057919156,-0.5254208072041918,-0.44777057568205764,8
-0.03324175846643189,-0.23056514866767774,0.6092611514508532,-0.07696371256584489,0.07042847213864642,-0.005415425924269981,-0.4118517242896573,10
0.2165648234483224,0.222881654045584,-0.22751778637015682,0.021937360249684745,-0.19763428454735757,0.13598954617816505,0.011990722140666488,10
0.29983368408657385,0.222881654045584,0.3701814549305645,0.07903488682359883,0.18305988251091712,-0.07839863733197838,-0.07062263606185412,8
0.34146811440569863,0.4244135663625895,0.6092611514508532,0.11879923568757458,0.04790219006419229,0.532835758207579,0.07305276950774708,11
0.5496402660013272,0.3236476102040867,-0.10797793811001244,0.27989582852111766,0.3587648826916591,0.3093246732714723,0.1556661277102679,10
0.6329091266395787,0.6763284567588458,1.565579937532007,0.7081272778254728,0.7484695625797152,0.9752964773668107,0.49689521593807084,9
0.8410812782352072,0.7770944129173485,0.25064160667042007,0.5419326915478303,0.773248472861615,0.7335395895787771,0.41068997259631,10
1.5488665936603434,1.4824561060268677,1.326500241011719,2.283407252052208,2.640677256833861,1.7872347042775663,1.840260258013843,12
