class,handicapped_infants_?,handicapped_infants_n,handicapped_infants_y,water_project_cost_sharing_?,water_project_cost_sharing_n,water_project_cost_sharing_y,adoption_of_the_budget_resolution_?,adoption_of_the_budget_resolution_n,adoption_of_the_budget_resolution_y,physician_fee_freeze_?,physician_fee_freeze_n,physician_fee_freeze_y,el_salvador_aid_?,el_salvador_aid_n,el_salvador_aid_y,religious_groups_in_schools_?,religious_groups_in_schools_n,religious_groups_in_schools_y,anti_satellite_test_ban_?,anti_satellite_test_ban_n,anti_satellite_test_ban_y,aid_to_nicaraguan_contras_?,aid_to_nicaraguan_contras_n,aid_to_nicaraguan_contras_y,mx_missile_?,mx_missile_n,mx_missile_y,immigration_?,immigration_n,immigration_y,synfuels_corporation_cutback_?,synfuels_corporation_cutback_n,synfuels_corporation_cutback_y,education_spending_?,education_spending_n,education_spending_y,superfund_right_to_sue_?,superfund_right_to_sue_n,superfund_right_to_sue_y,crime_?,crime_n,crime_y,duty_free_exports_?,duty_free_exports_n,duty_free_exports_y,export_administration_act_south_africa_?,export_administration_act_south_africa_n,export_administration_act_south_africa_y
republican,False,True,False,False,False,True,False,True,False,False,False,True,False,False,True,False,False,True,False,True,False,False,True,False,False,True,False,False,False,True,True,False,False,False,False,True,False,False,True,False,False,True,False,True,False,False,False,True
republican,False,True,False,False,False,True,False,True,False,False,False,True,False,False,True,False,False,True,False,True,False,False,True,False,False,True,False,False,True,False,False,True,False,False,False,True,False,False,True,False,False,True,False,True,False,True,False,False
democrat,True,False,False,False,False,True,False,False,True,True,False,False,False,False,True,False,False,True,False,True,False,False,True,False,False,True,False,False,True,False,False,False,True,False,True,False,False,False,True,False,False,True,False,True,False,False,True,False
democrat,False,True,False,False,False,True,False,False,True,False,True,False,True,False,False,False,False,True,False,True,False,False,True,False,False,True,False,False,True,False,False,False,True,False,True,False,False,False,True,False,True,False,False,True,False,False,False,True
democrat,False,False,True,False,False,True,False,False,True,False,True,False,False,False,True,False,False,True,False,True,False,False,True,False,False,True,False,False,True,False,False,False,True,True,False,False,False,False,True,False,False,True,False,False,True,False,False,True
democrat,False,True,False,False,False,True,False,False,True,False,True,False,False,False,True,False,False,True,False,True,False,False,True,False,False,True,False,False,True,False,False,True,False,False,True,False,False,False,True,False,False,True,False,False,True,False,False,True
democrat,False,True,False,False,False,True,False,True,False,False,False,True,False,False,True,False,False,True,False,True,False,False,True,False,False,True,False,False,True,False,False,True,False,False,True,False,True,False,False,False,False,True,False,False,True,False,False,True
republican,False,True,False,False,False,True,False,True,False,False,False,True,False,False,True,False,False,True,False,True,False,False,True,False,False,True,False,False,True,False,False,True,False,False,True,False,False,False,True,False,False,True,True,False,False,False,False,True
republican,False,True,False,False,False,True,False,True,False,False,False,True,False,False,True,False,False,True,False,True,False,False,True,False,False,True,False,False,True,False,False,True,False,False,False,True,False,False,True,False,False,True,False,True,False,False,False,True
democrat,False,False,True,False,False,True,False,False,True,False,True,False,False,True,False,False,True,False,False,False,True,False,False,True,False,False,True,False,True,False,False,True,False,False,True,False,False,True,False,False,True,False,True,False,False,True,False,False
republican,False,True,False,False,False,True,False,True,False,False,False,True,False,False,True,False,True,False,False,True,False,False,True,False,False,True,False,False,True,False,True,False,False,True,False,False,False,False,True,False,False,True,False,True,False,False,True,False
republican,False,True,False,False,False,True,False,True,False,False,False,True,False,False,True,False,False,True,False,True,False,False,True,False,False,True,False,False,True,False,False,False,True,True,False,False,False,False,True,False,False,True,True,False,False,True,False,False
democrat,False,True,False,False,False,True,False,False,True,False,True,False,False,True,False,False,True,False,False,False,True,False,False,True,False,False,True,False,True,False,False,True,False,False,True,False,False,False,True,False,True,False,True,False,False,True,False,False
democrat,False,False,True,False,False,True,False,False,True,False,True,False,False,True,False,False,False,True,False,False,True,False,False,True,True,False,False,False,False,True,False,False,True,True,False,False,False,True,False,False,True,False,False,False,True,True,False,False
republican,False,True,False,False,False,True,False,True,False,False,False,True,False,False,True,False,False,True,False,True,False,False,True,False,False,True,False,False,True,False,False,True,False,False,False,True,True,False,False,True,False,False,False,True,False,True,False,False
republican,False,True,False,False,False,True,False,True,False,False,False,True,False,False,True,False,False,True,False,True,False,False,True,False,False,True,False,False,False,True,False,True,False,False,False,True,False,False,True,True,False,False,False,True,False,True,False,False
democrat,False,False,True,False,True,False,False,False,True,False,True,False,False,True,False,False,False,True,False,True,False,False,False,True,True,False,False,False,False,True,False,False,True,False,False,True,True,False,False,False,True,False,False,True,False,False,False,True
democrat,False,False,True,True,False,False,False,False,True,False,True,False,False,True,False,False,True,False,False,False,True,False,False,True,False,False,True,False,True,False,False,True,False,False,True,False,False,False,True,False,True,False,False,False,True,False,False,True
republican,False,True,False,False,False,True,False,True,False,False,False,True,False,False,True,False,False,True,False,True,False,False,True,False,False,True,False,False,True,False,False,True,False,True,False,False,False,False,True,False,False,True,False,True,False,False,True,False
democrat,False,False,True,False,False,True,False,False,True,False,True,False,False,True,False,False,True,False,False,False,True,False,False,True,False,False,True,False,True,False,False,False,True,False,True,False,False,True,False,False,True,False,False,False,True,False,False,True
democrat,False,False,True,False,False,True,False,False,True,False,True,False,False,True,False,True,False,False,False,False,True,False,False,True,False,True,False,False,True,False,False,False,True,False,True,False,False,True,False,False,True,False,False,False,True,False,False,True
democrat,False,False,True,False,False,True,False,False,True,False,True,False,False,True,False,False,True,False,False,False,True,False,False,True,False,False,True,False,True,False,False,True,False,False,True,False,True,False,False,True,False,False,False,False,True,False,False,True
democrat,False,False,True,True,False,False,False,False,True,False,True,False,False,True,False,False,True,False,False,False,True,False,False,True,False,False,True,False,True,False,False,True,False,True,False,False,False,True,False,False,True,False,False,False,True,False,False,True
democrat,False,False,True,False,False,True,False,False,True,False,True,False,False,True,False,False,True,False,False,False,True,False,False,True,False,False,True,False,True,False,False,True,False,False,True,False,False,True,False,False,True,False,False,False,True,False,False,True
democrat,False,False,True,False,True,False,False,False,True,False,True,False,False,True,False,False,True,False,False,False,True,False,False,True,False,False,True,False,True,False,False,True,False,False,True,False,False,True,False,False,True,False,False,False,True,True,False,False
democrat,False,False,True,False,True,False,False,False,True,False,True,False,False,True,False,False,True,False,False,False,True,False,False,True,False,False,True,False,False,True,False,True,False,False,True,False,False,True,False,False,True,False,False,False,True,False,False,True
democrat,False,False,True,False,True,False,False,False,True,False,True,False,False,True,False,False,True,False,False,False,True,False,False,True,False,False,True,False,True,False,False,False,True,False,True,False,False,True,False,False,True,False,False,False,True,False,False,True
democrat,False,False,True,False,False,True,False,False,True,False,True,False,False,True,False,False,True,False,False,False,True,False,False,True,False,False,True,False,True,False,False,False,True,False,True,False,False,True,False,False,True,False,False,False,True,False,False,True
republican,False,False,True,False,True,False,False,True,False,False,False,True,False,False,True,False,True,False,False,False,True,False,False,True,False,False,True,False,True,False,False,True,False,False,False,True,False,False,True,False,False,True,False,True,False,False,False,True
democrat,False,False,True,False,False,True,False,False,True,False,True,False,False,True,False,False,True,False,False,False,True,False,False,True,False,False,True,False,True,False,False,False,True,False,True,False,False,True,False,False,True,False,False,False,True,False,False,True
republican,False,True,False,False,False,True,False,True,False,False,False,True,False,False,True,False,False,True,False,True,False,False,True,False,False,True,False,False,True,False,False,True,False,False,False,True,False,False,True,False,False,True,False,True,False,False,True,False
democrat,False,False,True,False,False,True,False,False,True,False,True,False,False,True,False,False,True,False,False,False,True,False,False,True,False,False,True,False,True,False,False,False,True,False,True,False,False,True,False,False,True,False,False,False,True,True,False,False
democrat,False,False,True,False,False,True,False,False,True,False,True,False,False,True,False,False,True,False,False,False,True,False,False,True,False,False,True,False,False,True,False,True,False,False,True,False,False,False,True,False,True,False,False,False,True,False,False,True
republican,False,True,False,False,False,True,False,True,False,False,False,True,False,False,True,False,False,True,False,True,False,False,True,False,False,True,False,False,True,False,False,True,False,False,False,True,False,False,True,False,False,True,False,True,False,False,False,True
democrat,False,False,True,False,False,True,False,False,True,False,True,False,False,True,False,False,True,False,False,False,True,False,False,True,False,False,True,False,True,False,False,True,False,False,True,False,False,True,False,False,True,False,False,False,True,False,False,True
republican,False,True,False,False,False,True,False,True,False,False,False,True,False,False,True,False,False,True,False,True,False,False,True,False,False,True,False,False,True,False,False,True,False,False,False,True,False,False,True,False,False,True,False,True,False,False,True,False
republican,False,False,True,True,False,False,False,True,False,False,False,True,False,False,True,False,False,True,False,True,False,False,True,False,False,True,False,False,False,True,False,True,False,False,False,True,True,False,False,False,False,True,False,True,False,False,False,True
republican,False,False,True,False,False,True,False,True,False,False,False,True,False,False,True,False,False,True,False,True,False,False,True,False,False,True,False,False,True,False,False,True,False,False,True,False,False,False,True,False,False,True,False,True,False,False,False,True
republican,False,True,False,False,False,True,False,True,False,False,False,True,False,False,True,False,False,True,False,True,False,False,True,False,False,True,False,False,False,True,False,True,False,False,False,True,False,False,True,False,False,True,False,True,False,False,True,False
democrat,False,False,True,False,True,False,False,False,True,False,True,False,False,True,False,False,True,False,False,False,True,False,False,True,False,False,True,False,False,True,False,False,True,False,True,False,False,False,True,False,True,False,False,False,True,False,False,True
democrat,False,False,True,False,False,True,False,False,True,False,True,False,False,True,False,False,True,False,False,False,True,False,False,True,False,False,True,False,True,False,True,False,False,False,True,False,False,True,False,False,True,False,False,True,False,True,False,False
democrat,False,False,True,False,False,True,False,False,True,False,True,False,False,True,False,False,True,False,False,False,True,False,False,True,False,False,True,False,True,False,False,True,False,False,True,False,False,True,False,False,True,False,False,False,True,True,False,False
democrat,False,False,True,False,True,False,False,False,True,False,True,False,False,True,False,False,True,False,False,False,True,False,False,True,False,False,True,False,True,False,False,True,False,False,True,False,False,True,False,False,True,False,False,True,False,False,False,True
democrat,False,False,True,False,True,False,False,False,True,False,True,False,False,True,False,False,True,False,False,False,True,False,False,True,False,False,True,False,True,False,False,True,False,False,True,False,False,True,False,False,True,False,False,False,True,False,False,True
democrat,False,False,True,False,False,True,False,False,True,False,True,False,False,True,False,False,True,False,False,False,True,False,False,True,False,False,True,False,True,False,False,False,True,False,True,False,False,True,False,False,True,False,False,True,False,True,False,False
democrat,False,False,True,False,False,True,False,False,True,False,True,False,False,True,False,False,True,False,False,False,True,False,False,True,True,False,False,False,True,False,False,False,True,False,True,False,False,True,False,False,True,False,False,False,True,True,False,False
democrat,False,False,True,False,False,True,False,False,True,False,True,False,False,True,False,False,True,False,False,False,True,False,False,True,False,False,True,False,True,False,False,True,False,False,True,False,False,True,False,False,True,False,False,True,False,False,False,True
democrat,False,False,True,False,True,False,False,False,True,False,True,False,False,True,False,False,True,False,False,False,True,False,False,True,True,False,False,False,True,False,False,True,False,False,True,False,False,True,False,False,True,False,False,True,False,True,False,False
democrat,False,False,True,False,False,True,False,False,True,False,True,False,False,True,False,False,True,False,False,False,True,False,False,True,False,True,False,False,True,False,False,True,False,False,True,False,False,True,False,False,False,True,False,True,False,False,False,True
republican,False,True,False,True,False,False,False,True,False,False,False,True,False,False,True,False,False,True,False,True,False,False,True,False,False,True,False,False,True,False,False,True,False,False,False,True,False,False,True,False,False,True,False,True,False,False,True,False
democrat,False,False,True,False,False,True,False,False,True,False,True,False,False,True,False,False,True,False,False,False,True,False,False,True,False,False,True,False,True,False,False,False,True,False,True,False,False,True,False,False,True,False,False,False,True,False,False,True
republican,False,True,False,False,False,True,False,True,False,False,False,True,False,False,True,False,False,True,False,True,False,True,False,False,False,True,False,False,True,False,False,True,False,False,False,True,False,False,True,False,False,True,False,True,False,False,False,True
democrat,False,False,True,False,False,True,False,False,True,False,True,False,False,True,False,False,True,False,False,False,True,False,False,True,False,False,True,False,True,False,False,True,False,False,True,False,False,True,False,False,True,False,True,False,False,True,False,False
republican,False,False,True,False,False,True,False,True,False,False,False,True,False,False,True,False,False,True,False,True,False,False,True,False,False,True,False,False,False,True,False,True,False,False,False,True,False,False,True,False,False,True,False,True,False,False,True,False
democrat,False,False,True,False,False,True,False,False,True,False,True,False,False,True,False,False,False,True,True,False,False,False,False,True,False,True,False,False,True,False,False,False,True,False,False,True,False,True,False,False,False,True,False,True,False,True,False,False
republican,False,True,False,False,False,True,False,True,False,False,False,True,False,False,True,False,False,True,False,True,False,False,True,False,False,True,False,False,False,True,False,False,True,False,False,True,False,False,True,False,False,True,False,True,False,False,True,False
republican,False,True,False,False,False,True,False,True,False,False,False,True,False,False,True,False,False,True,False,True,False,False,True,False,False,True,False,False,False,True,False,False,True,False,False,True,False,False,True,False,False,True,False,True,False,False,False,True
republican,False,True,False,False,False,True,False,True,False,False,False,True,False,False,True,False,False,True,False,True,False,False,True,False,False,True,False,False,False,True,False,True,False,False,False,True,False,False,True,False,False,True,False,True,False,False,False,True
republican,False,True,False,False,False,True,False,True,False,False,False,True,False,False,True,False,False,True,False,True,False,False,True,False,False,True,False,False,False,True,False,True,False,False,False,True,False,False,True,False,False,True,False,True,False,False,False,True
republican,False,True,False,False,False,True,False,True,False,False,False,True,False,False,True,False,False,True,False,True,False,False,True,False,False,True,False,False,False,True,False,True,False,False,False,True,False,False,True,False,False,True,False,True,False,True,False,False
democrat,False,False,True,False,False,True,False,False,True,False,True,False,False,True,False,True,False,False,False,False,True,False,False,True,False,False,True,False,False,True,False,True,False,False,True,False,False,True,False,False,True,False,False,False,True,True,False,False
republican,False,True,False,False,False,True,False,True,False,False,False,True,False,False,True,False,False,True,False,True,False,False,True,False,False,True,False,False,True,False,False,True,False,False,False,True,False,False,True,False,False,True,False,True,False,False,True,False
democrat,False,False,True,False,False,True,False,False,True,False,True,False,False,True,False,False,True,False,False,False,True,False,False,True,False,False,True,False,True,False,False,True,False,False,True,False,False,True,False,False,True,False,False,True,False,True,False,False
democrat,False,False,True,False,False,True,False,False,True,False,True,False,False,True,False,False,True,False,False,False,True,False,False,True,False,False,True,False,True,False,False,False,True,False,True,False,False,True,False,False,True,False,False,True,False,False,False,True
democrat,False,False,True,False,False,True,False,False,True,False,True,False,False,True,False,False,True,False,False,False,True,False,False,True,False,False,True,False,True,False,False,False,True,True,False,False,False,True,False,False,True,False,False,True,False,False,False,True
republican,False,False,True,False,False,True,False,True,False,False,False,True,False,False,True,False,False,True,False,False,True,False,True,False,False,True,False,False,True,False,False,True,False,False,False,True,False,False,True,False,False,True,False,True,False,False,False,True
republican,False,True,False,False,False,True,False,True,False,False,False,True,False,False,True,False,False,True,False,False,True,False,True,False,False,True,False,False,True,False,False,False,True,False,False,True,False,False,True,False,False,True,False,True,False,False,False,True
republican,False,True,False,False,False,True,False,True,False,False,False,True,False,False,True,False,False,True,False,True,False,False,True,False,False,True,False,False,False,True,False,True,False,False,False,True,False,False,True,False,False,True,False,True,False,False,True,False
democrat,False,False,True,True,False,False,False,False,True,False,True,False,False,True,False,False,True,False,False,False,True,False,False,True,False,False,True,False,True,False,False,True,False,False,True,False,False,False,True,False,True,False,False,False,True,False,False,True
democrat,False,False,True,False,False,True,False,False,True,False,True,False,False,True,False,False,True,False,False,False,True,False,False,True,False,False,True,False,True,False,False,True,False,False,True,False,False,True,False,False,True,False,False,False,True,False,False,True
democrat,False,False,True,False,True,False,False,False,True,False,True,False,False,True,False,False,True,False,False,False,True,False,False,True,False,False,True,False,True,False,False,True,False,False,True,False,False,False,True,False,True,False,False,False,True,True,False,False
republican,False,False,True,False,False,True,False,False,True,False,False,True,False,True,False,False,True,False,False,False,True,False,False,True,False,False,True,False,False,True,False,False,True,False,True,False,False,True,False,False,False,True,False,True,False,False,False,True
democrat,False,False,True,False,False,True,False,False,True,False,True,False,False,True,False,False,True,False,False,False,True,False,False,True,False,False,True,False,True,False,False,False,True,False,True,False,False,True,False,False,True,False,False,False,True,True,False,False
republican,False,False,True,False,True,False,False,False,True,False,False,True,False,False,True,False,True,False,False,False,True,False,True,False,False,False,True,False,False,True,False,True,False,False,True,False,False,False,True,False,False,True,False,True,False,False,False,True
democrat,False,False,True,False,True,False,False,False,True,False,True,False,False,True,False,False,False,True,False,False,True,False,False,True,False,False,True,False,False,True,False,False,True,False,True,False,False,True,False,False,False,True,False,False,True,False,False,True
democrat,False,True,False,False,False,True,False,False,True,False,False,True,False,False,True,False,False,True,False,True,False,False,True,False,False,True,False,False,False,True,False,False,True,False,True,False,False,False,True,False,False,True,False,True,False,False,True,False
democrat,False,True,False,False,False,True,False,False,True,False,True,False,False,False,True,False,False,True,False,True,False,False,True,False,False,True,False,False,False,True,False,False,True,False,False,True,False,False,True,False,False,True,False,True,False,True,False,False
democrat,False,True,False,False,False,True,False,False,True,False,False,True,False,False,True,False,False,True,False,True,False,False,False,True,False,False,True,False,False,True,False,False,True,False,False,True,False,False,True,False,False,True,False,True,False,False,False,True
democrat,False,False,True,False,False,True,False,False,True,False,True,False,False,False,True,False,False,True,False,True,False,False,True,False,False,True,False,False,False,True,False,False,True,False,True,False,False,False,True,False,False,True,False,True,False,False,False,True
republican,False,True,False,False,True,False,False,True,False,False,False,True,False,False,True,False,True,False,False,True,False,False,True,False,False,True,False,False,False,True,False,True,False,False,False,True,False,False,True,False,False,True,False,True,False,False,True,False
democrat,False,False,True,False,True,False,False,False,True,False,True,False,False,True,False,False,False,True,False,False,True,False,False,True,False,False,True,False,False,True,False,True,False,False,False,True,False,True,False,False,False,True,False,True,False,True,False,False
democrat,False,False,True,False,True,False,False,False,True,False,True,False,False,True,False,False,True,False,False,False,True,False,False,True,True,False,False,False,False,True,False,False,True,False,False,True,False,True,False,False,False,True,False,True,False,False,False,True
republican,False,True,False,False,True,False,False,True,False,False,False,True,False,False,True,False,False,True,False,True,False,False,True,False,False,True,False,False,False,True,False,True,False,False,False,True,False,False,True,False,False,True,False,True,False,False,False,True
republican,False,True,False,False,True,False,False,True,False,False,False,True,False,False,True,False,False,True,False,True,False,False,True,False,False,True,False,False,True,False,False,True,False,False,False,True,False,False,True,False,False,True,False,True,False,False,True,False
republican,False,True,False,True,False,False,False,True,False,False,False,True,False,False,True,False,False,True,False,True,False,False,True,False,False,True,False,False,False,True,False,True,False,False,False,True,False,False,True,False,False,True,False,True,False,False,True,False
democrat,False,True,False,False,True,False,False,False,True,False,True,False,False,False,True,False,False,True,False,True,False,False,True,False,False,True,False,False,False,True,False,False,True,False,False,True,False,False,True,False,False,True,False,True,False,False,False,True
republican,False,True,False,False,True,False,False,True,False,False,False,True,False,False,True,False,False,True,False,True,False,False,True,False,False,True,False,False,False,True,False,True,False,False,False,True,False,False,True,False,False,True,False,True,False,False,True,False
republican,False,True,False,False,True,False,False,True,False,False,False,True,False,False,True,False,False,True,False,True,False,False,True,False,False,True,False,False,True,False,False,True,False,False,False,True,False,False,True,False,False,True,False,True,False,False,True,False
democrat,False,True,False,False,False,True,False,False,True,False,True,False,False,False,True,False,False,True,False,False,True,False,True,False,False,False,True,False,False,True,False,False,True,False,True,False,False,False,True,False,False,True,False,True,False,False,False,True
republican,False,True,False,False,True,False,False,True,False,False,False,True,False,False,True,False,False,True,False,True,False,False,True,False,False,True,False,False,False,True,False,True,False,True,False,False,False,False,True,False,False,True,False,True,False,True,False,False
democrat,False,False,True,False,True,False,False,False,True,False,True,False,False,True,False,False,True,False,False,False,True,False,False,True,False,False,True,False,False,True,False,True,False,False,True,False,False,True,False,False,True,False,False,False,True,False,False,True
democrat,False,False,True,False,True,False,False,False,True,False,True,False,False,True,False,False,True,False,False,False,True,False,False,True,False,False,True,False,False,True,False,False,True,False,True,False,False,True,False,False,True,False,False,False,True,False,False,True
democrat,False,False,True,False,False,True,False,False,True,False,True,False,False,True,False,False,True,False,False,False,True,False,False,True,False,True,False,False,False,True,False,False,True,False,True,False,False,True,False,True,False,False,False,False,True,False,False,True
democrat,False,False,True,False,True,False,False,False,True,False,True,False,False,True,False,False,True,False,False,False,True,False,True,False,False,False,True,False,False,True,False,False,True,False,True,False,False,True,False,False,True,False,False,False,True,False,False,True
democrat,False,False,True,False,True,False,False,False,True,False,True,False,False,False,True,False,False,True,False,True,False,False,True,False,False,True,False,False,True,False,False,True,False,False,True,False,False,True,False,False,True,False,False,True,False,False,False,True
democrat,False,False,True,False,True,False,False,False,True,False,True,False,False,False,True,False,False,True,False,True,False,True,False,False,True,False,False,False,True,False,False,False,True,True,False,False,True,False,False,True,False,False,False,False,True,False,False,True
democrat,False,True,False,False,True,False,True,False,False,False,True,False,False,False,True,False,False,True,False,True,False,False,True,False,False,True,False,False,True,False,False,False,True,False,False,True,False,False,True,False,False,True,False,True,False,False,False,True
democrat,False,False,True,False,True,False,False,True,False,False,True,False,False,False,True,False,False,True,False,False,True,False,True,False,False,True,False,False,False,True,False,False,True,False,True,False,False,True,False,False,False,True,False,True,False,False,False,True
democrat,False,False,True,False,False,True,False,False,True,False,True,False,False,True,False,False,False,True,False,False,True,False,False,True,False,False,True,False,False,True,False,True,False,False,True,False,False,True,False,False,True,False,False,True,False,False,False,True
republican,False,True,False,False,True,False,False,True,False,False,False,True,False,False,True,False,False,True,False,True,False,False,True,False,False,True,False,False,False,True,True,False,False,False,False,True,False,False,True,False,False,True,False,True,False,False,True,False
democrat,False,False,True,False,True,False,False,True,False,False,True,False,False,False,True,False,False,True,False,True,False,False,True,False,False,True,False,False,True,False,False,False,True,False,False,True,False,True,False,False,False,True,False,True,False,False,False,True
democrat,False,False,True,False,True,False,False,False,True,False,True,False,False,False,True,False,False,True,False,False,True,False,True,False,False,True,False,False,True,False,False,False,True,False,True,False,False,True,False,False,False,True,False,True,False,False,False,True
democrat,False,False,True,False,True,False,False,False,True,False,True,False,False,False,True,False,False,True,False,False,True,False,True,False,True,False,False,False,True,False,False,False,True,False,True,False,False,False,True,False,False,True,False,False,True,True,False,False
democrat,False,False,True,False,True,False,False,True,False,False,True,False,False,False,True,False,False,True,True,False,False,False,True,False,True,False,False,False,True,False,False,True,False,False,True,False,False,True,False,False,False,True,True,False,False,False,True,False
democrat,True,False,False,True,False,False,True,False,False,True,False,False,False,True,False,False,False,True,False,False,True,False,False,True,False,False,True,False,False,True,True,False,False,False,True,False,False,False,True,False,False,True,False,True,False,True,False,False
democrat,False,False,True,False,False,True,False,False,True,False,True,False,False,True,False,False,True,False,False,True,False,False,False,True,False,False,True,False,True,False,False,False,True,False,True,False,False,True,False,False,True,False,False,False,True,False,False,True
republican,False,True,False,False,False,True,False,True,False,False,False,True,False,False,True,False,False,True,False,True,False,False,True,False,False,True,False,False,True,False,False,True,False,False,False,True,False,False,True,False,False,True,False,True,False,False,False,True
republican,False,True,False,True,False,False,True,False,False,True,False,False,True,False,False,True,False,False,True,False,False,True,False,False,True,False,False,True,False,False,True,False,False,True,False,False,True,False,False,False,False,True,True,False,False,True,False,False
democrat,False,False,True,True,False,False,False,False,True,False,True,False,False,True,False,False,True,False,False,False,True,False,False,True,False,False,True,False,True,False,False,True,False,False,True,False,False,True,False,False,True,False,False,False,True,True,False,False
democrat,False,False,True,True,False,False,False,False,True,False,True,False,False,True,False,False,True,False,False,False,True,False,False,True,False,False,True,False,True,False,False,True,False,False,True,False,False,True,False,False,True,False,False,False,True,True,False,False
democrat,False,True,False,False,True,False,False,False,True,False,True,False,False,True,False,False,True,False,False,False,True,False,False,True,False,False,True,False,False,True,False,True,False,False,True,False,False,True,False,False,True,False,False,False,True,False,False,True
republican,False,True,False,True,False,False,False,True,False,False,False,True,False,False,True,False,False,True,False,True,False,False,True,False,False,True,False,False,False,True,False,True,False,False,False,True,False,False,True,False,False,True,False,True,False,False,False,True
democrat,False,True,False,True,False,False,False,False,True,False,True,False,False,True,False,False,False,True,False,False,True,False,False,True,False,True,False,False,False,True,False,True,False,False,True,False,False,True,False,False,True,False,False,False,True,True,False,False
republican,False,True,False,True,False,False,False,True,False,False,False,True,False,False,True,False,False,True,False,True,False,False,True,False,False,True,False,False,False,True,False,True,False,False,False,True,False,False,True,False,False,True,False,True,False,False,True,False
democrat,False,False,True,True,False,False,False,False,True,False,True,False,False,True,False,False,True,False,False,False,True,False,False,True,False,False,True,False,True,False,False,True,False,False,True,False,False,True,False,False,True,False,False,False,True,True,False,False
democrat,False,True,False,True,False,False,False,False,True,False,True,False,True,False,False,True,False,False,False,False,True,False,False,True,False,False,True,False,False,True,True,False,False,True,False,False,False,True,False,False,True,False,False,False,True,False,False,True
democrat,False,False,True,False,True,False,False,False,True,False,True,False,False,True,False,False,True,False,False,False,True,False,False,True,False,False,True,False,True,False,False,False,True,False,True,False,False,True,False,False,True,False,False,False,True,False,False,True
republican,False,False,True,False,False,True,False,False,True,False,False,True,False,False,True,False,True,False,False,False,True,False,True,False,False,True,False,False,True,False,False,True,False,False,False,True,False,False,True,False,False,True,False,True,False,False,False,True
democrat,False,True,False,False,False,True,False,False,True,False,True,False,False,True,False,False,True,False,False,True,False,False,False,True,False,False,True,False,False,True,False,False,True,False,True,False,False,True,False,False,True,False,False,False,True,False,False,True
republican,False,True,False,False,True,False,False,True,False,False,False,True,False,False,True,False,False,True,False,True,False,False,True,False,False,True,False,False,True,False,False,True,False,False,False,True,False,False,True,False,False,True,False,True,False,False,True,False
republican,False,True,False,True,False,False,True,False,False,False,False,True,False,False,True,False,False,True,False,True,False,False,True,False,False,True,False,False,False,True,False,True,False,False,False,True,False,False,True,False,False,True,True,False,False,False,False,True
republican,False,True,False,True,False,False,False,True,False,False,False,True,False,False,True,False,False,True,False,True,False,False,True,False,False,True,False,False,False,True,False,True,False,False,False,True,False,False,True,False,False,True,False,True,False,False,False,True
republican,False,True,False,False,True,False,False,True,False,False,False,True,False,False,True,False,False,True,False,True,False,False,True,False,False,True,False,False,False,True,False,True,False,False,False,True,False,True,False,False,False,True,False,True,False,False,False,True
republican,False,False,True,True,False,False,False,True,False,False,False,True,False,False,True,False,False,True,False,True,False,False,False,True,False,True,False,False,True,False,False,True,False,False,False,True,False,False,True,False,False,True,False,True,False,False,False,True
democrat,False,True,False,True,False,False,False,False,True,False,True,False,False,True,False,False,True,False,False,False,True,False,False,True,False,False,True,False,True,False,False,True,False,False,True,False,False,True,False,False,True,False,False,False,True,False,False,True
republican,False,True,False,True,False,False,False,True,False,False,False,True,False,False,True,False,False,True,False,True,False,False,True,False,False,True,False,False,False,True,False,True,False,False,False,True,False,False,True,False,False,True,False,True,False,False,False,True
republican,False,True,False,True,False,False,False,True,False,False,False,True,False,False,True,False,False,True,False,True,False,False,True,False,False,True,False,False,True,False,False,True,False,False,False,True,False,False,True,False,False,True,False,True,False,False,True,False
democrat,False,True,False,True,False,False,False,False,True,False,True,False,False,True,False,False,True,False,False,False,True,False,False,True,False,False,True,False,False,True,False,False,True,False,True,False,False,True,False,False,False,True,False,False,True,False,False,True
democrat,False,True,False,True,False,False,False,False,True,False,True,False,False,True,False,False,False,True,False,True,False,False,False,True,False,True,False,False,False,True,False,False,True,False,True,False,False,True,False,False,True,False,False,False,True,False,False,True
democrat,True,False,False,True,False,False,False,False,True,False,True,False,False,True,False,False,True,False,False,False,True,False,False,True,True,False,False,False,True,False,True,False,False,True,False,False,True,False,False,True,False,False,True,False,False,True,False,False
democrat,False,False,True,True,False,False,False,False,True,False,True,False,True,False,False,True,False,False,False,False,True,False,False,True,False,False,True,False,True,False,False,True,False,False,True,False,False,True,False,False,True,False,False,False,True,True,False,False
democrat,False,True,False,False,True,False,False,False,True,False,True,False,False,True,False,False,False,True,False,True,False,False,False,True,False,False,True,False,False,True,False,True,False,False,True,False,False,True,False,False,False,True,False,True,False,False,False,True
republican,False,True,False,False,True,False,False,True,False,False,False,True,False,False,True,False,False,True,False,True,False,False,True,False,False,True,False,False,False,True,False,True,False,False,False,True,False,False,True,False,False,True,False,True,False,True,False,False
republican,False,True,False,False,True,False,False,True,False,False,False,True,False,False,True,False,False,True,False,True,False,False,True,False,False,True,False,False,False,True,False,True,False,False,False,True,False,False,True,False,False,True,False,True,False,False,False,True
republican,False,True,False,False,True,False,False,True,False,False,False,True,False,False,True,False,False,True,False,True,False,False,True,False,False,True,False,False,True,False,False,True,False,False,False,True,False,False,True,False,False,True,False,True,False,True,False,False
republican,False,True,False,False,True,False,False,True,False,False,False,True,False,False,True,False,False,True,False,True,False,False,True,False,False,True,False,False,False,True,False,True,False,False,False,True,False,False,True,False,False,True,False,True,False,False,True,False
republican,False,True,False,False,False,True,False,True,False,False,False,True,False,False,True,False,False,True,False,True,False,False,True,False,False,True,False,False,False,True,False,False,True,False,False,True,False,False,True,False,True,False,False,True,False,False,False,True
democrat,False,True,False,True,False,False,False,False,True,False,True,False,False,True,False,False,False,True,False,False,True,False,False,True,False,False,True,False,False,True,False,True,False,False,True,False,False,True,False,False,False,True,False,False,True,False,False,True
democrat,False,True,False,False,True,False,False,False,True,False,True,False,False,True,False,False,False,True,False,False,True,False,False,True,False,False,True,False,False,True,False,True,False,False,True,False,False,True,False,False,False,True,False,True,False,False,False,True
democrat,False,False,True,False,True,False,False,False,True,False,True,False,False,True,False,False,False,True,False,False,True,False,False,True,False,False,True,False,True,False,False,True,False,False,True,False,False,True,False,False,True,False,False,False,True,False,False,True
republican,False,True,False,False,True,False,False,True,False,False,False,True,False,True,False,False,True,False,False,False,True,False,False,True,False,False,True,False,False,True,False,True,False,False,True,False,False,False,True,False,False,True,False,True,False,False,False,True
republican,False,True,False,False,True,False,False,True,False,False,False,True,False,False,True,False,False,True,False,False,True,False,False,True,False,False,True,False,False,True,False,True,False,False,False,True,False,False,True,False,False,True,True,False,False,False,False,True
republican,False,True,False,False,True,False,False,True,False,False,False,True,False,False,True,False,False,True,False,False,True,False,False,True,False,False,True,False,False,True,False,True,False,False,False,True,False,False,True,False,False,True,False,True,False,False,False,True
democrat,True,False,False,False,False,True,False,True,False,False,True,False,False,True,False,False,True,False,False,False,True,False,False,True,False,False,True,False,False,True,False,False,True,False,True,False,False,True,False,False,False,True,False,False,True,False,False,True
democrat,False,True,False,True,False,False,False,True,False,False,True,False,False,True,False,False,False,True,False,False,True,False,False,True,False,False,True,False,False,True,False,True,False,False,True,False,False,True,False,False,False,True,False,True,False,True,False,False
democrat,False,True,False,False,True,False,False,False,True,False,True,False,False,True,False,False,False,True,False,False,True,False,False,True,False,False,True,False,False,True,False,True,False,False,True,False,False,True,False,False,False,True,True,False,False,False,False,True
republican,False,True,False,False,False,True,False,True,False,False,False,True,False,False,True,False,False,True,False,True,False,False,True,False,False,True,False,False,True,False,False,True,False,False,False,True,False,False,True,False,False,True,False,True,False,False,False,True
democrat,False,True,False,False,True,False,False,True,False,False,True,False,False,True,False,False,True,False,False,False,True,False,False,True,False,False,True,False,False,True,False,True,False,False,False,True,False,False,True,False,False,True,False,False,True,False,False,True
republican,False,True,False,False,False,True,False,True,False,False,False,True,False,False,True,False,False,True,False,True,False,False,True,False,False,True,False,False,False,True,False,False,True,False,False,True,False,False,True,False,False,True,False,True,False,False,False,True
democrat,False,True,False,False,True,False,False,False,True,False,True,False,False,True,False,False,True,False,False,False,True,False,False,True,False,False,True,False,False,True,False,True,False,False,True,False,False,False,True,False,True,False,False,False,True,False,False,True
republican,False,False,True,False,False,True,False,True,False,False,False,True,False,False,True,False,False,True,False,True,False,False,True,False,False,True,False,False,False,True,False,True,False,False,False,True,False,False,True,False,False,True,False,True,False,False,False,True
democrat,False,False,True,False,False,True,True,False,False,False,False,True,False,False,True,False,False,True,False,True,False,False,True,False,False,False,True,False,True,False,False,False,True,True,False,False,False,False,True,False,False,True,False,True,False,False,True,False
democrat,False,True,False,False,False,True,False,False,True,False,True,False,False,True,False,False,False,True,False,True,False,False,False,True,False,False,True,False,False,True,False,False,True,False,True,False,False,False,True,False,True,False,False,False,True,False,False,True
democrat,False,True,False,False,True,False,False,False,True,False,True,False,False,True,False,False,False,True,False,False,True,False,False,True,False,False,True,False,False,True,False,False,True,False,True,False,False,False,True,False,False,True,False,True,False,False,False,True
republican,False,True,False,False,False,True,False,True,False,False,False,True,False,False,True,False,False,True,False,True,False,False,True,False,False,True,False,False,True,False,False,True,False,False,False,True,False,False,True,False,False,True,False,True,False,False,True,False
republican,False,False,True,False,False,True,False,True,False,False,False,True,False,False,True,False,False,True,False,True,False,True,False,False,False,True,False,False,True,False,False,False,True,False,False,True,False,False,True,False,False,True,False,True,False,False,True,False
republican,False,False,True,False,False,True,False,True,False,False,False,True,False,False,True,False,False,True,False,False,True,False,True,False,False,True,False,False,True,False,False,True,False,False,False,True,False,False,True,False,False,True,False,True,False,False,True,False
democrat,False,True,False,False,False,True,False,False,True,False,True,False,False,True,False,False,False,True,False,True,False,False,False,True,False,False,True,False,True,False,False,False,True,False,True,False,True,False,False,True,False,False,True,False,False,True,False,False
republican,False,True,False,False,False,True,False,True,False,False,False,True,False,False,True,False,False,True,False,True,False,False,True,False,False,True,False,False,False,True,False,True,False,False,False,True,False,False,True,False,False,True,False,True,False,False,True,False
democrat,False,True,False,False,False,True,False,False,True,False,True,False,True,False,False,False,False,True,False,False,True,False,False,True,False,False,True,False,False,True,False,False,True,False,True,False,False,True,False,True,False,False,False,True,False,True,False,False
democrat,False,True,False,False,False,True,False,True,False,False,True,False,False,False,True,False,False,True,False,True,False,False,True,False,False,True,False,False,True,False,False,True,False,False,False,True,False,False,True,False,False,True,False,False,True,False,False,True
democrat,False,True,False,False,True,False,False,True,False,False,True,False,False,False,True,False,False,True,False,False,True,False,True,False,False,True,False,False,True,False,False,True,False,False,False,True,False,False,True,False,False,True,False,True,False,False,False,True
democrat,False,True,False,False,False,True,False,False,True,False,True,False,False,False,True,False,False,True,False,False,True,False,True,False,False,True,False,False,True,False,False,False,True,False,False,True,False,False,True,False,False,True,False,True,False,False,False,True
republican,False,True,False,False,False,True,False,True,False,False,False,True,False,False,True,False,False,True,False,False,True,False,True,False,False,True,False,False,True,False,False,True,False,False,False,True,False,False,True,False,False,True,False,True,False,False,False,True
democrat,False,False,True,False,False,True,False,True,False,False,True,False,False,False,True,False,False,True,False,True,False,False,True,False,False,True,False,False,False,True,False,False,True,False,False,True,False,False,True,False,False,True,False,True,False,True,False,False
democrat,False,True,False,False,False,True,False,False,True,False,True,False,False,True,False,False,False,True,False,False,True,False,False,True,False,False,True,False,False,True,False,False,True,False,True,False,False,False,True,False,True,False,False,False,True,True,False,False
republican,False,False,True,False,True,False,False,False,True,False,False,True,False,False,True,False,False,True,False,False,True,False,False,True,False,True,False,False,False,True,False,True,False,False,False,True,False,True,False,False,False,True,False,False,True,False,False,True
republican,False,False,True,False,True,False,False,False,True,False,False,True,False,False,True,False,False,True,False,False,True,False,False,True,False,True,False,False,False,True,False,False,True,False,False,True,False,True,False,False,False,True,False,False,True,False,False,True
democrat,False,True,False,False,True,False,False,False,True,False,False,True,False,False,True,False,False,True,False,True,False,False,True,False,False,False,True,False,True,False,False,True,False,False,True,False,False,False,True,False,False,True,False,False,True,True,False,False
democrat,False,False,True,False,True,False,False,False,True,False,True,False,False,True,False,False,True,False,False,False,True,False,False,True,False,False,True,False,False,True,False,False,True,False,True,False,False,True,False,False,False,True,False,True,False,False,False,True
democrat,False,False,True,False,True,False,False,False,True,False,True,False,False,True,False,False,True,False,True,False,False,False,False,True,False,False,True,True,False,False,False,True,False,False,True,False,False,True,False,False,True,False,False,False,True,True,False,False
republican,False,True,False,True,False,False,False,True,False,False,False,True,False,False,True,False,False,True,False,True,False,False,True,False,False,True,False,False,False,True,False,True,False,False,False,True,False,False,True,False,False,True,False,True,False,False,False,True
democrat,False,True,False,False,False,True,False,False,True,False,True,False,False,True,False,False,True,False,False,False,True,False,False,True,False,False,True,False,False,True,False,True,False,False,True,False,True,False,False,False,True,False,False,False,True,False,False,True
democrat,False,True,False,False,True,False,False,True,False,False,True,False,False,False,True,False,False,True,False,True,False,False,True,False,False,True,False,False,False,True,False,False,True,False,False,True,False,False,True,False,False,True,False,True,False,False,False,True
democrat,False,False,True,True,False,False,False,False,True,False,True,False,False,True,False,False,True,False,False,False,True,False,False,True,False,False,True,False,True,False,False,True,False,False,True,False,False,True,False,False,True,False,False,False,True,True,False,False
democrat,False,True,False,False,False,True,False,False,True,False,True,False,False,True,False,False,True,False,False,False,True,False,False,True,False,False,True,False,False,True,False,True,False,False,True,False,False,True,False,False,True,False,False,False,True,False,False,True
republican,False,True,False,False,True,False,False,False,True,False,False,True,False,True,False,False,True,False,False,False,True,False,False,True,False,False,True,False,False,True,False,True,False,False,True,False,False,True,False,False,False,True,False,False,True,False,False,True
democrat,False,True,False,False,True,False,False,False,True,False,True,False,False,True,False,False,True,False,False,False,True,False,False,True,False,False,True,False,False,True,False,False,True,True,False,False,False,True,False,False,True,False,False,False,True,False,False,True
democrat,True,False,False,False,True,False,False,False,True,False,True,False,False,True,False,False,True,False,False,False,True,False,False,True,False,False,True,False,False,True,False,False,True,True,False,False,False,True,False,False,True,False,False,False,True,True,False,False
democrat,False,False,True,False,True,False,False,False,True,False,True,False,False,True,False,False,True,False,False,False,True,False,False,True,False,False,True,False,False,True,False,True,False,False,True,False,False,True,False,False,True,False,False,False,True,False,False,True
democrat,True,False,False,True,False,False,False,False,True,False,True,False,False,True,False,False,True,False,False,False,True,False,False,True,False,False,True,True,False,False,True,False,False,False,True,False,False,True,False,False,True,False,True,False,False,True,False,False
democrat,False,True,False,False,True,False,False,False,True,False,True,False,False,True,False,False,True,False,False,False,True,False,False,True,False,False,True,False,False,True,False,False,True,False,True,False,False,True,False,False,True,False,False,False,True,False,False,True
democrat,False,False,True,True,False,False,False,False,True,False,True,False,False,True,False,False,True,False,False,False,True,False,False,True,False,False,True,False,True,False,False,True,False,False,True,False,False,True,False,False,True,False,False,False,True,False,False,True
democrat,True,False,False,True,False,False,True,False,False,True,False,False,True,False,False,True,False,False,True,False,False,True,False,False,False,False,True,True,False,False,True,False,False,True,False,False,True,False,False,True,False,False,True,False,False,True,False,False
democrat,False,True,False,False,True,False,False,False,True,False,True,False,False,True,False,False,True,False,False,False,True,False,False,True,False,False,True,False,False,True,False,False,True,False,True,False,False,True,False,False,True,False,False,False,True,False,False,True
democrat,False,False,True,False,True,False,False,False,True,False,True,False,False,True,False,False,True,False,False,False,True,False,False,True,False,False,True,False,False,True,False,True,False,True,False,False,False,True,False,False,True,False,False,False,True,False,False,True
democrat,False,True,False,False,False,True,False,False,True,False,True,False,False,True,False,False,True,False,False,False,True,False,False,True,False,False,True,False,False,True,False,False,True,False,True,False,False,True,False,False,True,False,False,False,True,False,False,True
democrat,False,False,True,False,True,False,False,False,True,False,True,False,False,True,False,False,True,False,False,False,True,False,False,True,False,False,True,False,True,False,False,True,False,False,True,False,False,True,False,False,True,False,False,False,True,True,False,False
republican,False,False,True,True,False,False,False,True,False,False,False,True,False,False,True,False,False,True,False,False,True,False,False,True,False,True,False,False,True,False,False,True,False,False,False,True,True,False,False,False,False,True,True,False,False,True,False,False
democrat,False,False,True,False,True,False,False,False,True,False,True,False,False,True,False,False,True,False,False,False,True,False,False,True,False,False,True,False,True,False,False,True,False,False,True,False,False,True,False,False,True,False,False,False,True,False,False,True
republican,False,True,False,True,False,False,False,True,False,False,False,True,False,False,True,False,False,True,False,True,False,False,True,False,False,True,False,False,True,False,False,True,False,False,False,True,False,False,True,False,False,True,False,True,False,True,False,False
republican,False,True,False,False,False,True,False,True,False,False,False,True,False,False,True,False,False,True,False,True,False,True,False,False,False,True,False,False,False,True,False,True,False,False,False,True,False,False,True,False,False,True,False,True,False,True,False,False
democrat,False,True,False,False,True,False,False,True,False,False,True,False,False,True,False,False,False,True,False,False,True,False,False,True,False,False,True,False,True,False,False,False,True,False,True,False,False,True,False,False,False,True,False,False,True,False,False,True
democrat,False,True,False,False,True,False,False,False,True,False,True,False,False,True,False,False,True,False,False,False,True,False,False,True,False,False,True,False,True,False,False,True,False,False,True,False,False,True,False,False,True,False,False,False,True,False,False,True
democrat,False,True,False,False,True,False,False,False,True,False,True,False,False,True,False,False,False,True,False,False,True,True,False,False,False,False,True,False,False,True,False,False,True,False,True,False,False,True,False,False,True,False,False,False,True,False,False,True
republican,False,True,False,False,True,False,False,True,False,False,False,True,False,False,True,False,False,True,False,True,False,False,True,False,False,True,False,False,True,False,False,True,False,False,False,True,False,False,True,False,False,True,False,True,False,True,False,False
democrat,False,True,False,False,True,False,False,False,True,False,True,False,False,True,False,False,False,True,False,False,True,False,False,True,False,False,True,False,True,False,False,False,True,False,False,True,False,True,False,False,False,True,False,False,True,True,False,False
republican,False,True,False,True,False,False,False,False,True,False,False,True,False,False,True,False,False,True,False,True,False,False,True,False,False,True,False,False,False,True,False,True,False,False,True,False,False,True,False,False,False,True,False,True,False,False,False,True
democrat,False,True,False,False,True,False,False,False,True,False,True,False,False,True,False,False,True,False,False,False,True,False,False,True,False,False,True,False,False,True,False,False,True,False,True,False,True,False,False,False,True,False,False,False,True,True,False,False
democrat,False,False,True,False,False,True,False,True,False,False,True,False,False,True,False,False,True,False,False,False,True,False,False,True,True,False,False,False,True,False,False,False,True,False,True,False,False,True,False,False,True,False,False,False,True,True,False,False
democrat,False,True,False,False,True,False,False,False,True,False,True,False,False,True,False,False,True,False,False,False,True,False,False,True,False,False,True,False,True,False,False,True,False,False,True,False,False,True,False,False,False,True,False,False,True,False,False,True
democrat,False,False,True,False,False,True,False,False,True,False,True,False,False,True,False,False,True,False,False,False,True,False,False,True,False,False,True,False,True,False,False,True,False,False,True,False,False,True,False,False,True,False,False,False,True,False,False,True
democrat,False,False,True,False,True,False,False,False,True,False,True,False,False,True,False,False,False,True,False,False,True,False,False,True,False,False,True,False,False,True,False,False,True,False,True,False,False,True,False,False,True,False,False,False,True,False,False,True
democrat,False,False,True,False,True,False,False,False,True,False,True,False,False,True,False,False,True,False,False,False,True,False,False,True,False,False,True,False,False,True,False,True,False,False,True,False,False,True,False,False,True,False,False,False,True,False,False,True
republican,False,True,False,False,True,False,False,False,True,False,False,True,False,False,True,False,False,True,False,False,True,False,True,False,False,True,False,False,True,False,False,True,False,False,False,True,False,False,True,False,False,True,False,True,False,False,False,True
democrat,False,True,False,False,True,False,False,False,True,False,True,False,False,True,False,False,False,True,False,False,True,False,False,True,False,False,True,False,False,True,False,True,False,False,False,True,False,True,False,False,True,False,False,True,False,False,False,True
republican,False,True,False,False,True,False,False,True,False,False,False,True,False,False,True,False,False,True,False,True,False,False,True,False,False,True,False,False,False,True,False,True,False,False,False,True,False,True,False,False,False,True,False,True,False,False,False,True
republican,False,False,True,True,False,False,False,True,False,False,False,True,False,False,True,False,False,True,False,False,True,False,True,False,False,True,False,False,False,True,False,True,False,False,False,True,False,False,True,False,False,True,False,True,False,False,False,True
democrat,False,True,False,False,True,False,False,False,True,False,True,False,False,True,False,False,True,False,False,False,True,False,False,True,False,False,True,False,True,False,False,True,False,True,False,False,False,True,False,False,True,False,False,False,True,False,False,True
democrat,False,False,True,False,False,True,False,False,True,False,True,False,False,True,False,False,True,False,False,False,True,False,False,True,False,False,True,False,False,True,False,False,True,False,True,False,False,True,False,False,True,False,False,True,False,False,False,True
democrat,False,True,False,False,True,False,False,False,True,False,True,False,False,True,False,False,False,True,False,False,True,False,False,True,False,False,True,False,True,False,False,True,False,False,True,False,False,True,False,False,True,False,False,False,True,False,False,True
republican,False,True,False,False,False,True,False,True,False,False,False,True,False,False,True,False,False,True,False,True,False,False,True,False,False,True,False,False,False,True,False,True,False,False,False,True,False,False,True,False,False,True,False,True,False,False,False,True
democrat,False,True,False,False,True,False,False,False,True,False,True,False,False,True,False,False,True,False,False,False,True,False,False,True,False,False,True,False,True,False,False,False,True,False,True,False,False,True,False,False,True,False,False,False,True,False,False,True
democrat,False,True,False,False,False,True,False,False,True,False,True,False,False,True,False,False,False,True,False,True,False,False,False,True,False,False,True,False,True,False,False,False,True,False,True,False,False,False,True,False,True,False,False,False,True,False,False,True
republican,False,False,True,False,False,True,False,True,False,False,False,True,False,False,True,False,False,True,False,True,False,False,True,False,False,True,False,False,False,True,False,True,False,False,False,True,False,False,True,False,False,True,False,True,False,False,False,True
democrat,False,True,False,False,False,True,False,False,True,False,False,True,False,False,True,False,False,True,False,True,False,False,True,False,False,True,False,False,False,True,False,False,True,False,False,True,False,False,True,False,False,True,False,False,True,True,False,False
democrat,False,False,True,False,False,True,False,False,True,False,True,False,False,False,True,False,False,True,False,True,False,False,True,False,True,False,False,False,False,True,False,True,False,False,True,False,False,True,False,False,False,True,False,False,True,True,False,False
republican,False,True,False,False,False,True,False,True,False,False,False,True,False,False,True,False,False,True,False,True,False,False,True,False,False,True,False,False,False,True,False,True,False,False,False,True,False,False,True,False,False,True,False,True,False,False,True,False
democrat,False,False,True,True,False,False,False,False,True,False,True,False,False,True,False,False,True,False,False,False,True,False,False,True,False,False,True,False,True,False,True,False,False,False,True,False,False,True,False,False,True,False,False,False,True,True,False,False
democrat,False,True,False,False,False,True,False,False,True,False,True,False,False,True,False,False,True,False,False,True,False,False,False,True,False,False,True,False,True,False,False,False,True,False,True,False,False,True,False,False,False,True,False,False,True,False,False,True
democrat,False,True,False,False,True,False,False,False,True,False,True,False,False,True,False,False,True,False,False,False,True,False,False,True,False,False,True,False,True,False,False,True,False,False,True,False,False,True,False,False,True,False,False,False,True,True,False,False
democrat,False,True,False,False,False,True,False,False,True,False,True,False,False,False,True,False,False,True,False,True,False,False,True,False,False,True,False,False,True,False,False,False,True,False,True,False,False,True,False,False,True,False,False,False,True,True,False,False
democrat,False,False,True,False,True,False,False,False,True,False,True,False,False,True,False,False,True,False,False,False,True,False,False,True,False,False,True,False,True,False,False,False,True,False,True,False,False,True,False,False,True,False,False,False,True,True,False,False
republican,False,True,False,False,True,False,False,True,False,False,False,True,False,False,True,False,True,False,False,True,False,False,True,False,False,True,False,False,True,False,False,True,False,False,False,True,False,False,True,False,False,True,False,True,False,False,False,True
republican,False,True,False,False,False,True,False,True,False,False,False,True,False,False,True,False,False,True,False,True,False,False,True,False,False,True,False,False,False,True,False,True,False,True,False,False,False,False,True,False,False,True,False,True,False,False,True,False
republican,False,True,False,True,False,False,False,True,False,False,False,True,False,False,True,False,False,True,False,True,False,False,True,False,False,True,False,False,True,False,False,True,False,False,False,True,False,False,True,False,False,True,False,True,False,False,False,True
democrat,False,True,False,False,True,False,False,False,True,False,True,False,False,True,False,False,False,True,False,False,True,False,False,True,False,False,True,False,True,False,False,False,True,False,True,False,False,True,False,False,False,True,False,False,True,False,False,True
democrat,False,False,True,False,True,False,False,False,True,False,True,False,False,True,False,False,True,False,False,False,True,False,False,True,False,False,True,False,True,False,False,True,False,False,True,False,False,True,False,False,True,False,True,False,False,False,False,True
republican,False,True,False,False,False,True,False,True,False,False,False,True,False,False,True,False,False,True,False,True,False,False,True,False,False,True,False,False,True,False,False,True,False,False,False,True,False,False,True,True,False,False,False,True,False,False,False,True
republican,False,True,False,False,False,True,False,False,True,False,False,True,False,False,True,False,False,True,False,False,True,False,True,False,False,False,True,False,False,True,False,True,False,False,False,True,False,False,True,False,False,True,False,True,False,False,False,True
republican,False,True,False,False,False,True,False,True,False,False,False,True,False,False,True,False,False,True,False,True,False,False,True,False,False,True,False,False,True,False,False,True,False,False,False,True,False,False,True,False,False,True,False,True,False,False,False,True
republican,False,True,False,False,False,True,False,True,False,False,False,True,False,False,True,False,False,True,False,True,False,False,True,False,False,False,True,False,False,True,False,True,False,False,False,True,False,False,True,False,False,True,False,True,False,False,False,True
democrat,False,True,False,False,False,True,False,False,True,False,True,False,False,True,False,False,True,False,False,False,True,False,False,True,False,True,False,False,True,False,False,False,True,False,True,False,False,True,False,False,True,False,False,False,True,True,False,False
republican,False,True,False,False,False,True,False,True,False,False,False,True,False,False,True,False,False,True,False,True,False,False,True,False,False,True,False,False,False,True,False,True,False,False,False,True,False,False,True,False,False,True,False,True,False,False,False,True
democrat,False,True,False,False,True,False,False,False,True,False,True,False,False,True,False,False,False,True,False,False,True,False,False,True,False,False,True,False,False,True,False,True,False,False,False,True,False,True,False,False,False,True,False,False,True,True,False,False
republican,False,True,False,False,True,False,False,True,False,False,False,True,False,False,True,False,False,True,False,True,False,False,True,False,False,True,False,False,False,True,False,True,False,False,False,True,False,True,False,False,False,True,False,True,False,False,False,True
democrat,False,True,False,False,True,False,False,False,True,False,True,False,False,True,False,False,True,False,False,False,True,False,False,True,False,False,True,False,True,False,False,True,False,False,True,False,False,True,False,False,True,False,False,False,True,False,False,True
democrat,False,False,True,False,True,False,False,False,True,False,True,False,False,True,False,False,False,True,False,False,True,False,False,True,False,True,False,False,True,False,False,True,False,False,False,True,False,False,True,False,True,False,False,True,False,False,False,True
democrat,False,False,True,False,False,True,False,False,True,False,True,False,False,True,False,False,True,False,False,False,True,False,False,True,True,False,False,False,False,True,False,True,False,False,True,False,False,True,False,False,True,False,False,False,True,True,False,False
republican,False,True,False,False,True,False,False,True,False,False,False,True,False,False,True,False,False,True,False,False,True,False,True,False,False,True,False,False,False,True,False,True,False,False,True,False,False,True,False,False,False,True,False,False,True,False,False,True
republican,False,True,False,False,True,False,False,True,False,False,False,True,False,True,False,False,False,True,False,False,True,True,False,False,False,False,True,False,True,False,False,True,False,False,False,True,False,False,True,False,False,True,False,True,False,False,False,True
democrat,False,False,True,False,True,False,False,False,True,False,True,False,False,True,False,False,True,False,False,False,True,False,False,True,False,False,True,False,False,True,False,False,True,False,True,False,False,True,False,False,False,True,False,False,True,False,False,True
republican,False,True,False,False,True,False,False,True,False,False,True,False,False,False,True,False,False,True,False,False,True,False,True,False,False,True,False,False,True,False,False,True,False,True,False,False,False,True,False,False,False,True,False,False,True,False,False,True
democrat,False,True,False,False,False,True,False,False,True,False,True,False,False,True,False,False,True,False,False,False,True,False,False,True,True,False,False,False,False,True,False,True,False,False,True,False,False,False,True,False,True,False,False,False,True,False,False,True
democrat,False,False,True,False,True,False,False,False,True,False,True,False,False,True,False,False,True,False,False,True,False,False,False,True,False,False,True,False,False,True,False,True,False,False,True,False,False,True,False,False,True,False,False,False,True,False,False,True
democrat,False,False,True,False,True,False,False,False,True,False,True,False,False,True,False,False,True,False,False,False,True,False,False,True,False,False,True,False,False,True,False,False,True,False,True,False,False,True,False,False,True,False,False,False,True,False,False,True
democrat,False,True,False,False,True,False,False,False,True,False,True,False,False,False,True,False,True,False,False,False,True,False,False,True,False,False,True,False,True,False,False,True,False,False,True,False,False,True,False,False,False,True,True,False,False,False,False,True
republican,False,True,False,False,False,True,False,True,False,False,False,True,False,False,True,False,False,True,True,False,False,False,True,False,False,True,False,False,True,False,False,True,False,True,False,False,False,False,True,False,False,True,False,True,False,False,True,False
republican,True,False,False,True,False,False,True,False,False,True,False,False,True,False,False,True,False,False,True,False,False,True,False,False,True,False,False,True,False,False,True,False,False,True,False,False,True,False,False,True,False,False,True,False,False,True,False,False
democrat,False,False,True,False,True,False,False,False,True,False,True,False,False,True,False,False,True,False,False,False,True,False,False,True,True,False,False,False,True,False,False,False,True,False,True,False,False,True,False,False,True,False,False,False,True,False,False,True
republican,False,True,False,False,False,True,False,True,False,False,False,True,False,False,True,False,False,True,False,True,False,False,True,False,False,True,False,False,True,False,False,True,False,False,False,True,False,False,True,False,False,True,False,True,False,False,True,False
republican,False,True,False,False,False,True,False,True,False,False,False,True,False,False,True,False,False,True,False,True,False,False,True,False,False,True,False,False,True,False,False,True,False,False,False,True,False,False,True,False,False,True,False,True,False,False,True,False
democrat,False,False,True,False,False,True,False,False,True,False,True,False,False,True,False,False,False,True,False,False,True,False,False,True,False,False,True,False,True,False,False,True,False,False,True,False,False,True,False,False,True,False,False,False,True,False,False,True
republican,False,True,False,False,False,True,False,True,False,False,False,True,False,False,True,False,False,True,False,True,False,False,True,False,False,True,False,False,True,False,False,True,False,False,False,True,False,False,True,False,False,True,False,True,False,False,False,True
democrat,False,False,True,False,True,False,False,False,True,False,True,False,False,True,False,False,True,False,False,False,True,False,False,True,False,False,True,False,False,True,False,True,False,False,True,False,False,True,False,False,True,False,False,True,False,False,False,True
democrat,False,False,True,False,True,False,False,False,True,False,True,False,False,True,False,False,True,False,False,False,True,False,False,True,False,False,True,False,False,True,False,True,False,False,True,False,False,True,False,False,False,True,False,False,True,False,False,True
republican,False,True,False,False,True,False,False,True,False,False,False,True,False,False,True,False,True,False,False,True,False,False,True,False,False,True,False,False,True,False,False,True,False,False,False,True,False,True,False,False,False,True,False,True,False,False,True,False
republican,False,True,False,False,True,False,False,True,False,False,False,True,False,False,True,False,True,False,False,True,False,False,True,False,False,True,False,False,True,False,False,True,False,False,False,True,False,True,False,False,False,True,True,False,False,False,False,True
democrat,False,True,False,False,True,False,False,False,True,False,True,False,False,True,False,False,True,False,False,False,True,False,False,True,False,False,True,False,True,False,False,False,True,False,True,False,False,True,False,False,True,False,False,False,True,False,False,True
democrat,False,False,True,False,True,False,False,False,True,False,True,False,False,True,False,False,True,False,False,False,True,False,False,True,False,False,True,False,True,False,False,True,False,False,True,False,False,True,False,False,True,False,False,True,False,False,False,True
democrat,False,False,True,False,True,False,False,False,True,False,True,False,False,True,False,False,True,False,False,False,True,False,False,True,False,False,True,False,False,True,False,True,False,False,True,False,False,True,False,False,True,False,False,True,False,False,False,True
democrat,False,False,True,False,True,False,False,False,True,False,True,False,False,True,False,True,False,False,False,False,True,False,False,True,False,False,True,False,True,False,True,False,False,True,False,False,False,True,False,True,False,False,True,False,False,True,False,False
democrat,False,False,True,False,True,False,False,False,True,False,True,False,False,True,False,False,True,False,False,False,True,False,False,True,False,False,True,False,False,True,False,True,False,False,True,False,True,False,False,False,True,False,False,False,True,False,False,True
democrat,False,False,True,False,True,False,False,False,True,False,True,False,False,True,False,False,True,False,False,False,True,False,False,True,False,False,True,False,True,False,False,True,False,False,True,False,False,True,False,False,True,False,False,False,True,True,False,False
democrat,False,False,True,False,True,False,False,False,True,False,True,False,False,True,False,False,True,False,False,False,True,False,False,True,False,False,True,False,True,False,False,True,False,False,True,False,False,True,False,False,True,False,False,False,True,True,False,False
democrat,False,False,True,False,True,False,False,False,True,False,True,False,False,True,False,False,True,False,False,False,True,False,False,True,False,False,True,False,False,True,False,True,False,False,True,False,False,True,False,False,True,False,False,True,False,False,False,True
republican,False,True,False,False,True,False,False,True,False,False,False,True,False,False,True,False,False,True,False,True,False,False,True,False,False,True,False,False,False,True,False,True,False,False,False,True,False,True,False,False,False,True,False,True,False,False,False,True
republican,False,False,True,False,True,False,False,True,False,False,True,False,False,True,False,False,True,False,False,False,True,False,False,True,False,False,True,False,False,True,False,True,False,False,True,False,False,True,False,False,False,True,False,True,False,False,False,True
democrat,False,False,True,False,True,False,False,False,True,False,True,False,False,True,False,False,True,False,False,False,True,False,False,True,False,False,True,False,True,False,False,True,False,False,True,False,False,True,False,False,True,False,False,False,True,True,False,False
democrat,False,False,True,False,True,False,False,False,True,False,True,False,False,True,False,False,True,False,False,False,True,False,False,True,False,False,True,False,True,False,False,True,False,False,True,False,False,True,False,False,True,False,False,True,False,False,False,True
democrat,False,False,True,False,False,True,False,False,True,False,True,False,False,True,False,False,True,False,False,False,True,False,False,True,False,False,True,False,True,False,False,True,False,False,True,False,False,True,False,False,True,False,False,False,True,False,False,True
democrat,False,True,False,False,False,True,False,False,True,False,True,False,False,True,False,False,False,True,False,False,True,False,False,True,False,False,True,False,True,False,True,False,False,False,True,False,False,True,False,False,True,False,False,True,False,False,False,True
democrat,False,False,True,False,True,False,False,False,True,False,True,False,False,True,False,False,True,False,False,False,True,False,False,True,False,False,True,False,False,True,False,True,False,False,True,False,False,True,False,False,True,False,False,False,True,True,False,False
republican,False,True,False,False,True,False,False,True,False,False,False,True,False,False,True,False,True,False,False,False,True,False,False,True,False,True,False,False,False,True,False,True,False,False,False,True,False,False,True,False,False,True,True,False,False,False,False,True
republican,False,False,True,False,True,False,False,True,False,False,False,True,False,False,True,False,True,False,False,False,True,False,True,False,False,True,False,False,False,True,False,True,False,False,True,False,False,True,False,False,False,True,False,False,True,False,False,True
democrat,False,True,False,False,True,False,False,False,True,False,True,False,False,False,True,False,False,True,False,True,False,False,True,False,False,True,False,False,True,False,True,False,False,False,True,False,False,False,True,False,False,True,False,True,False,False,True,False
republican,False,True,False,False,True,False,False,True,False,False,False,True,False,False,True,False,False,True,False,True,False,False,True,False,False,True,False,False,True,False,False,True,False,False,False,True,False,False,True,False,False,True,False,False,True,False,True,False
republican,False,True,False,False,True,False,False,False,True,False,False,True,False,False,True,False,False,True,False,False,True,False,False,True,False,True,False,False,False,True,False,True,False,False,True,False,False,True,False,False,False,True,False,True,False,False,False,True
republican,False,True,False,False,True,False,False,True,False,False,False,True,False,False,True,False,False,True,False,True,False,False,True,False,False,True,False,False,True,False,False,True,False,False,False,True,False,False,True,False,False,True,False,True,False,False,False,True
republican,False,True,False,False,True,False,False,True,False,False,False,True,False,False,True,False,False,True,False,True,False,False,True,False,False,True,False,False,False,True,False,True,False,False,False,True,False,False,True,False,False,True,False,True,False,False,True,False
democrat,False,True,False,False,True,False,False,False,True,False,True,False,False,True,False,False,True,False,False,False,True,False,False,True,False,False,True,False,False,True,False,True,False,False,True,False,False,True,False,False,False,True,False,True,False,False,False,True
republican,False,False,True,False,True,False,False,False,True,False,False,True,False,False,True,False,False,True,False,False,True,False,False,True,False,True,False,False,True,False,False,True,False,False,True,False,False,True,False,False,False,True,False,True,False,True,False,False
republican,False,False,True,False,True,False,False,True,False,False,False,True,False,False,True,False,False,True,False,True,False,False,True,False,False,True,False,False,False,True,False,True,False,True,False,False,False,False,True,False,False,True,False,True,False,False,True,False
republican,False,True,False,False,True,False,False,True,False,False,False,True,False,False,True,False,False,True,False,True,False,False,True,False,False,True,False,False,True,False,False,True,False,False,False,True,False,False,True,False,False,True,False,True,False,False,False,True
democrat,False,True,False,False,True,False,False,False,True,False,True,False,False,True,False,False,False,True,False,False,True,False,False,True,False,False,True,False,False,True,False,False,True,False,True,False,False,True,False,False,True,False,True,False,False,False,False,True
democrat,False,True,False,False,True,False,False,False,True,False,True,False,False,True,False,False,False,True,False,False,True,False,False,True,False,False,True,False,False,True,False,False,True,False,True,False,False,True,False,False,True,False,False,False,True,False,False,True
democrat,False,True,False,False,True,False,False,False,True,False,True,False,False,True,False,False,False,True,True,False,False,False,False,True,True,False,False,False,False,True,False,False,True,False,False,True,False,True,False,False,False,True,False,False,True,True,False,False
democrat,False,False,True,False,False,True,False,False,True,True,False,False,False,True,False,False,False,True,False,False,True,False,False,True,False,False,True,False,True,False,False,False,True,False,True,False,False,False,True,False,True,False,True,False,False,False,False,True
democrat,False,False,True,False,False,True,False,False,True,False,True,False,False,False,True,False,False,True,False,True,False,False,False,True,False,True,False,False,False,True,False,False,True,False,True,False,False,False,True,False,False,True,False,False,True,False,False,True
democrat,False,False,True,False,False,True,False,False,True,False,True,False,False,False,True,False,False,True,False,True,False,False,False,True,False,True,False,False,False,True,False,False,True,False,True,False,False,False,True,False,False,True,False,True,False,True,False,False
democrat,False,False,True,False,True,False,False,False,True,False,True,False,True,False,False,False,False,True,True,False,False,False,False,True,False,False,True,False,False,True,False,True,False,False,True,False,False,False,True,False,False,True,False,True,False,False,False,True
democrat,False,False,True,False,True,False,False,False,True,False,True,False,False,True,False,False,False,True,False,False,True,False,False,True,False,False,True,False,False,True,False,True,False,True,False,False,False,True,False,False,False,True,False,True,False,False,False,True
democrat,False,False,True,False,True,False,False,False,True,False,True,False,False,True,False,False,False,True,False,False,True,False,False,True,False,True,False,False,False,True,False,False,True,False,True,False,False,False,True,False,False,True,False,False,True,False,False,True
democrat,False,False,True,False,False,True,False,False,True,False,True,False,False,True,False,False,False,True,False,False,True,False,False,True,False,False,True,False,False,True,False,False,True,False,True,False,False,False,True,False,False,True,False,False,True,False,False,True
democrat,False,True,False,False,False,True,False,False,True,False,True,False,False,True,False,False,False,True,False,False,True,False,False,True,False,True,False,False,False,True,False,False,True,False,True,False,False,False,True,False,False,True,False,True,False,True,False,False
republican,False,True,False,False,False,True,False,True,False,False,False,True,False,False,True,False,False,True,True,False,False,True,False,False,False,True,False,False,False,True,False,True,False,False,False,True,True,False,False,True,False,False,True,False,False,True,False,False
republican,False,True,False,False,True,False,False,False,True,False,False,True,False,False,True,False,False,True,False,True,False,False,True,False,False,True,False,False,False,True,False,True,False,False,False,True,False,False,True,False,False,True,False,False,True,False,False,True
democrat,False,False,True,False,False,True,False,False,True,False,True,False,False,True,False,False,False,True,False,False,True,False,False,True,False,False,True,False,False,True,False,True,False,False,True,False,True,False,False,False,True,False,False,False,True,True,False,False
democrat,False,True,False,False,False,True,False,True,False,False,True,False,False,True,False,False,True,False,False,False,True,False,False,True,False,False,True,False,False,True,False,False,True,False,True,False,False,True,False,False,True,False,False,False,True,False,False,True
democrat,False,True,False,False,False,True,False,False,True,False,True,False,False,True,False,False,False,True,False,False,True,False,False,True,False,False,True,False,False,True,False,True,False,False,True,False,False,False,True,False,False,True,False,False,True,False,False,True
republican,False,True,False,False,True,False,False,True,False,False,False,True,False,False,True,False,True,False,False,False,True,False,False,True,False,False,True,False,False,True,False,True,False,False,False,True,False,False,True,False,False,True,False,True,False,False,False,True
democrat,False,True,False,False,True,False,True,False,False,False,True,False,False,True,False,False,False,True,False,False,True,False,False,True,False,False,True,False,True,False,False,True,False,False,True,False,False,True,False,False,True,False,False,False,True,False,False,True
republican,False,True,False,False,True,False,False,True,False,False,False,True,False,False,True,False,False,True,False,False,True,False,True,False,False,True,False,False,False,True,False,True,False,False,False,True,False,False,True,False,False,True,False,True,False,False,False,True
republican,False,True,False,False,True,False,False,True,False,False,False,True,False,False,True,False,False,True,False,True,False,False,True,False,False,True,False,False,True,False,False,True,False,False,False,True,False,False,True,False,False,True,False,True,False,False,True,False
republican,False,True,False,False,False,True,False,True,False,False,False,True,False,False,True,False,False,True,False,True,False,False,True,False,False,True,False,False,False,True,False,True,False,False,False,True,False,False,True,False,False,True,False,True,False,True,False,False
republican,False,True,False,False,True,False,False,True,False,False,False,True,False,False,True,False,False,True,False,True,False,False,True,False,False,True,False,False,False,True,False,True,False,False,False,True,False,False,True,False,False,True,False,True,False,False,True,False
republican,False,True,False,False,True,False,False,True,False,False,False,True,False,False,True,False,False,True,False,True,False,False,True,False,False,True,False,False,True,False,False,True,False,False,False,True,False,False,True,False,False,True,False,True,False,False,True,False
democrat,False,False,True,False,True,False,False,False,True,False,True,False,False,True,False,False,False,True,False,False,True,False,False,True,False,False,True,False,True,False,False,True,False,False,True,False,False,True,False,False,False,True,False,True,False,True,False,False
republican,False,True,False,False,True,False,False,True,False,False,False,True,False,False,True,False,False,True,False,True,False,False,True,False,False,True,False,False,False,True,False,True,False,False,False,True,False,False,True,False,False,True,False,True,False,False,True,False
democrat,False,False,True,False,True,False,False,True,False,False,True,False,False,True,False,False,False,True,False,False,True,False,False,True,False,False,True,False,False,True,False,True,False,False,True,False,False,True,False,False,False,True,False,False,True,False,False,True
republican,False,True,False,False,True,False,False,True,False,False,False,True,False,False,True,False,False,True,False,True,False,False,True,False,False,True,False,False,False,True,False,True,False,False,False,True,False,False,True,False,False,True,False,False,True,False,True,False
democrat,False,True,False,False,True,False,False,False,True,False,True,False,False,True,False,False,False,True,False,False,True,False,False,True,False,False,True,False,False,True,False,True,False,False,True,False,False,False,True,False,True,False,False,True,False,False,False,True
democrat,False,False,True,False,False,True,False,False,True,False,True,False,False,True,False,False,True,False,False,False,True,False,False,True,False,False,True,False,False,True,False,True,False,False,True,False,False,True,False,False,True,False,False,False,True,False,False,True
republican,False,True,False,False,False,True,False,False,True,False,False,True,False,False,True,False,False,True,False,True,False,False,True,False,False,True,False,False,False,True,False,True,False,False,False,True,False,False,True,False,False,True,False,True,False,False,False,True
republican,False,True,False,False,False,True,False,True,False,False,False,True,False,False,True,False,False,True,False,False,True,False,False,True,False,True,False,False,True,False,False,False,True,False,False,True,False,False,True,False,False,True,False,False,True,False,False,True
republican,False,True,False,False,False,True,False,False,True,False,False,True,False,False,True,False,False,True,False,False,True,True,False,False,False,True,False,False,True,False,False,True,False,False,True,False,True,False,False,True,False,False,False,False,True,True,False,False
democrat,False,True,False,False,True,False,False,True,False,False,True,False,False,True,False,False,False,True,False,True,False,False,False,True,False,False,True,False,True,False,False,False,True,False,False,True,False,False,True,False,False,True,False,False,True,False,True,False
democrat,False,False,True,False,True,False,False,True,False,False,True,False,False,True,False,False,True,False,False,False,True,False,False,True,False,False,True,False,False,True,False,True,False,False,True,False,False,True,False,False,True,False,False,False,True,False,False,True
democrat,False,True,False,False,True,False,False,False,True,False,True,False,False,True,False,False,True,False,False,False,True,False,False,True,False,False,True,False,True,False,False,True,False,False,True,False,False,True,False,False,True,False,False,False,True,True,False,False
democrat,False,False,True,False,True,False,False,False,True,False,True,False,False,True,False,False,True,False,False,False,True,False,False,True,False,False,True,False,True,False,False,True,False,False,True,False,False,True,False,False,True,False,False,False,True,True,False,False
democrat,False,True,False,False,False,True,False,False,True,False,True,False,False,True,False,False,False,True,False,True,False,False,False,True,False,False,True,False,False,True,False,True,False,False,True,False,False,False,True,False,False,True,False,True,False,False,False,True
democrat,False,False,True,False,False,True,False,False,True,False,True,False,False,True,False,False,True,False,False,False,True,False,False,True,False,False,True,False,False,True,False,True,False,False,True,False,False,False,True,False,True,False,False,True,False,False,False,True
democrat,False,False,True,False,False,True,False,False,True,False,True,False,True,False,False,False,False,True,False,True,False,True,False,False,False,True,False,False,True,False,False,False,True,False,True,False,False,False,True,False,False,True,False,True,False,True,False,False
democrat,False,False,True,False,False,True,False,False,True,False,True,False,False,False,True,False,False,True,False,True,False,False,False,True,True,False,False,False,False,True,False,True,False,False,True,False,False,False,True,False,False,True,False,True,False,True,False,False
republican,False,True,False,False,False,True,False,True,False,False,False,True,False,False,True,False,False,True,False,True,False,False,True,False,False,True,False,False,True,False,False,False,True,False,False,True,False,False,True,False,False,True,False,True,False,False,True,False
democrat,False,True,False,False,False,True,False,True,False,False,True,False,False,False,True,False,False,True,False,True,False,False,True,False,True,False,False,False,True,False,False,True,False,False,False,True,False,False,True,False,False,True,False,True,False,False,False,True
democrat,False,False,True,False,False,True,False,True,False,False,False,True,False,True,False,False,True,False,False,False,True,False,False,True,False,False,True,False,True,False,False,False,True,False,True,False,False,True,False,False,False,True,False,True,False,False,False,True
republican,False,True,False,False,False,True,False,True,False,False,False,True,False,False,True,False,False,True,False,True,False,False,True,False,False,True,False,False,True,False,False,True,False,False,False,True,False,False,True,False,False,True,False,True,False,False,False,True
democrat,False,False,True,False,False,True,False,False,True,False,True,False,False,True,False,False,True,False,False,False,True,False,False,True,False,False,True,False,True,False,False,False,True,False,True,False,False,True,False,False,True,False,False,True,False,False,False,True
democrat,False,False,True,True,False,False,False,False,True,False,True,False,False,True,False,False,False,True,False,False,True,False,False,True,False,False,True,False,False,True,False,True,False,False,True,False,False,True,False,False,True,False,False,False,True,True,False,False
republican,False,True,False,False,False,True,False,True,False,False,False,True,False,False,True,False,False,True,False,True,False,False,True,False,False,True,False,False,False,True,False,True,False,False,False,True,False,False,True,False,False,True,False,True,False,False,True,False
democrat,False,False,True,True,False,False,False,False,True,False,True,False,False,True,False,False,True,False,False,False,True,False,False,True,False,False,True,False,True,False,False,True,False,False,True,False,False,True,False,False,True,False,False,False,True,True,False,False
democrat,False,False,True,False,True,False,False,False,True,False,True,False,False,True,False,False,True,False,False,False,True,False,False,True,False,False,True,False,True,False,False,False,True,False,True,False,False,True,False,False,True,False,False,False,True,True,False,False
democrat,False,True,False,False,True,False,False,False,True,False,True,False,False,True,False,False,True,False,False,False,True,False,False,True,False,False,True,False,True,False,False,True,False,False,True,False,False,True,False,False,True,False,False,False,True,False,False,True
democrat,False,True,False,False,False,True,False,False,True,False,True,False,False,True,False,False,False,True,False,False,True,False,False,True,True,False,False,False,True,False,False,False,True,False,False,True,False,True,False,False,True,False,False,False,True,False,False,True
republican,False,True,False,False,True,False,False,True,False,False,False,True,False,False,True,False,False,True,False,True,False,False,True,False,False,True,False,False,False,True,False,False,True,False,False,True,False,False,True,False,False,True,False,True,False,True,False,False
democrat,False,True,False,False,True,False,False,False,True,False,True,False,False,True,False,False,False,True,False,False,True,False,False,True,False,True,False,False,True,False,False,False,True,False,True,False,False,True,False,False,False,True,True,False,False,False,False,True
democrat,False,False,True,False,True,False,False,False,True,False,True,False,False,True,False,False,True,False,False,False,True,False,False,True,False,False,True,False,True,False,False,True,False,False,True,False,False,True,False,False,True,False,False,False,True,False,False,True
democrat,False,False,True,False,True,False,False,False,True,False,True,False,False,True,False,False,True,False,False,False,True,False,False,True,False,False,True,False,False,True,False,True,False,False,True,False,False,True,False,False,False,True,False,False,True,False,False,True
republican,False,False,True,False,True,False,False,True,False,False,False,True,False,False,True,False,False,True,False,True,False,False,True,False,False,True,False,False,True,False,False,False,True,False,False,True,False,False,True,False,False,True,False,True,False,False,True,False
republican,False,True,False,False,True,False,False,True,False,False,False,True,False,False,True,False,False,True,False,True,False,False,True,False,False,True,False,False,False,True,False,False,True,False,False,True,False,True,False,False,False,True,False,True,False,False,False,True
democrat,False,True,False,True,False,False,False,False,True,True,False,False,False,True,False,False,False,True,False,False,True,False,False,True,False,False,True,False,False,True,False,False,True,False,True,False,True,False,False,True,False,False,False,False,True,False,False,True
democrat,False,True,False,False,False,True,False,False,True,False,True,False,False,False,True,True,False,False,False,False,True,False,True,False,False,True,False,False,False,True,False,False,True,False,True,False,False,False,True,False,True,False,False,False,True,False,False,True
republican,False,True,False,False,True,False,False,True,False,False,False,True,False,False,True,False,True,False,False,False,True,False,True,False,False,False,True,False,False,True,False,True,False,False,True,False,False,True,False,False,False,True,False,True,False,False,False,True
democrat,False,True,False,False,True,False,False,False,True,False,True,False,False,True,False,False,True,False,False,False,True,False,False,True,False,False,True,False,False,True,False,False,True,False,True,False,False,True,False,False,True,False,False,False,True,False,False,True
republican,False,True,False,False,True,False,False,True,False,False,False,True,False,False,True,False,False,True,False,False,True,False,True,False,False,True,False,False,False,True,False,True,False,False,False,True,False,True,False,False,False,True,False,False,True,False,False,True
republican,False,True,False,False,True,False,False,True,False,False,False,True,False,False,True,False,False,True,False,True,False,False,True,False,False,True,False,False,False,True,False,True,False,False,False,True,False,False,True,False,False,True,False,True,False,False,False,True
republican,False,False,True,False,True,False,False,True,False,False,False,True,False,False,True,False,False,True,False,True,False,False,True,False,False,True,False,False,False,True,False,True,False,False,False,True,False,False,True,False,False,True,False,True,False,False,True,False
democrat,False,False,True,False,True,False,False,False,True,False,True,False,False,True,False,False,True,False,False,False,True,False,False,True,False,False,True,False,False,True,False,True,False,False,False,True,False,True,False,False,True,False,False,False,True,True,False,False
republican,False,True,False,False,False,True,False,False,True,False,False,True,False,False,True,False,False,True,False,False,True,False,False,True,False,False,True,False,True,False,False,True,False,False,False,True,False,False,True,False,False,True,False,True,False,False,False,True
democrat,False,True,False,False,False,True,False,True,False,False,True,False,False,True,False,False,False,True,False,False,True,False,True,False,False,False,True,False,True,False,False,False,True,False,True,False,False,True,False,False,True,False,False,False,True,False,False,True
republican,False,True,False,False,True,False,False,False,True,False,False,True,False,False,True,False,False,True,False,False,True,False,False,True,False,False,True,False,False,True,False,True,False,False,False,True,False,False,True,False,False,True,False,False,True,False,False,True
democrat,False,True,False,False,False,True,False,True,False,False,False,True,False,True,False,False,False,True,False,False,True,False,False,True,False,False,True,False,True,False,False,False,True,False,True,False,False,False,True,False,True,False,False,False,True,True,False,False
republican,False,True,False,False,True,False,False,False,True,False,False,True,False,False,True,False,False,True,False,False,True,False,True,False,False,True,False,False,False,True,False,False,True,False,False,True,False,False,True,False,False,True,False,True,False,False,False,True
democrat,False,True,False,False,False,True,False,False,True,False,True,False,False,True,False,False,False,True,False,False,True,False,False,True,False,False,True,False,False,True,False,True,False,True,False,False,False,True,False,False,True,False,False,False,True,False,False,True
republican,False,False,True,False,True,False,False,False,True,False,False,True,False,True,False,False,True,False,False,True,False,False,False,True,False,False,True,False,False,True,False,True,False,False,True,False,False,True,False,False,False,True,False,False,True,False,False,True
republican,False,True,False,False,True,False,False,True,False,False,False,True,False,False,True,False,False,True,False,True,False,False,True,False,False,True,False,False,True,False,False,True,False,False,False,True,False,False,True,False,False,True,False,True,False,False,True,False
republican,False,True,False,False,True,False,False,True,False,False,False,True,False,False,True,False,False,True,False,True,False,False,True,False,False,True,False,False,True,False,False,True,False,False,False,True,False,False,True,False,False,True,False,True,False,False,True,False
democrat,False,False,True,False,False,True,False,False,True,False,True,False,False,True,False,False,False,True,False,False,True,False,False,True,False,False,True,False,False,True,False,False,True,False,False,True,False,False,True,False,False,True,False,True,False,True,False,False
republican,False,True,False,False,True,False,False,True,False,False,False,True,False,False,True,False,False,True,False,True,False,False,True,False,False,True,False,False,False,True,True,False,False,False,False,True,False,False,True,False,False,True,False,True,False,False,False,True
democrat,False,False,True,False,True,False,False,False,True,False,True,False,False,True,False,False,False,True,False,False,True,False,False,True,False,False,True,False,False,True,False,True,False,False,True,False,False,False,True,False,True,False,False,True,False,False,False,True
democrat,False,False,True,False,True,False,False,False,True,False,True,False,False,False,True,False,False,True,False,False,True,False,True,False,False,False,True,False,False,True,False,True,False,False,True,False,False,False,True,False,False,True,False,True,False,True,False,False
democrat,False,False,True,False,False,True,False,False,True,False,True,False,False,True,False,False,False,True,False,False,True,False,False,True,False,False,True,False,False,True,False,False,True,False,False,True,False,False,True,False,True,False,False,True,False,False,False,True
republican,False,False,True,False,False,True,False,True,False,False,False,True,False,False,True,False,False,True,False,True,False,False,True,False,False,True,False,False,False,True,False,False,True,False,True,False,False,False,True,False,True,False,False,True,False,False,True,False
republican,False,False,True,False,False,True,False,True,False,False,False,True,False,False,True,False,False,True,False,True,False,False,True,False,False,True,False,False,True,False,False,False,True,False,True,False,False,False,True,False,False,True,False,True,False,False,False,True
democrat,False,True,False,False,False,True,False,True,False,False,True,False,False,False,True,False,False,True,False,True,False,False,True,False,False,True,False,False,False,True,False,False,True,False,True,False,False,False,True,False,False,True,False,True,False,False,True,False
democrat,False,False,True,False,True,False,False,False,True,False,True,False,False,True,False,False,True,False,False,False,True,False,False,True,False,True,False,False,False,True,False,False,True,False,True,False,False,True,False,False,True,False,False,True,False,True,False,False
democrat,False,False,True,False,False,True,False,False,True,False,True,False,False,False,True,False,False,True,False,False,True,False,False,True,False,True,False,False,False,True,False,False,True,False,True,False,False,True,False,False,True,False,False,False,True,True,False,False
democrat,False,True,False,False,False,True,False,False,True,False,True,False,False,True,False,False,False,True,False,False,True,False,False,True,False,True,False,False,False,True,False,True,False,False,True,False,False,True,False,False,True,False,False,False,True,False,False,True
republican,False,True,False,False,False,True,False,True,False,False,False,True,False,False,True,False,False,True,False,True,False,False,True,False,False,True,False,False,True,False,False,True,False,False,True,False,False,False,True,False,False,True,False,True,False,False,False,True
democrat,False,False,True,False,False,True,False,False,True,False,True,False,True,False,False,False,False,True,False,False,True,False,False,True,False,True,False,False,False,True,True,False,False,True,False,False,False,True,False,False,True,False,False,False,True,False,False,True
democrat,False,False,True,False,False,True,False,False,True,False,True,False,True,False,False,False,True,False,False,False,True,False,False,True,False,False,True,False,False,True,False,True,False,False,True,False,False,True,False,False,True,False,False,False,True,True,False,False
democrat,False,True,False,False,False,True,False,False,True,False,False,True,False,False,True,False,False,True,False,True,False,False,True,False,False,True,False,False,True,False,False,False,True,False,False,True,True,False,False,False,False,True,False,True,False,False,True,False
democrat,False,True,False,False,False,True,False,False,True,True,False,False,False,False,True,False,False,True,False,True,False,False,False,True,False,True,False,False,False,True,True,False,False,False,True,False,False,False,True,False,False,True,True,False,False,False,False,True
republican,False,True,False,False,False,True,False,True,False,False,False,True,False,False,True,False,False,True,False,True,False,False,True,False,False,True,False,False,True,False,False,True,False,False,False,True,False,False,True,False,False,True,False,True,False,False,False,True
democrat,False,True,False,False,False,True,False,True,False,False,False,True,False,False,True,False,False,True,False,True,False,False,True,False,False,True,False,False,True,False,False,False,True,False,False,True,False,True,False,False,False,True,False,True,False,False,True,False
democrat,False,False,True,True,False,False,False,False,True,False,True,False,False,True,False,False,True,False,False,False,True,False,False,True,False,False,True,False,True,False,False,False,True,False,True,False,False,True,False,False,True,False,False,False,True,False,False,True
republican,False,True,False,False,False,True,False,True,False,False,False,True,False,False,True,False,False,True,True,False,False,True,False,False,False,True,False,False,True,False,True,False,False,True,False,False,False,False,True,True,False,False,True,False,False,True,False,False
republican,False,True,False,False,True,False,False,True,False,False,False,True,False,False,True,False,False,True,False,True,False,False,True,False,False,True,False,False,True,False,False,True,False,False,False,True,False,False,True,False,False,True,False,True,False,False,False,True
republican,False,True,False,False,True,False,False,True,False,False,False,True,False,False,True,False,False,True,False,True,False,False,True,False,False,True,False,False,True,False,False,True,False,False,False,True,False,False,True,False,False,True,False,True,False,False,False,True
democrat,False,False,True,False,False,True,False,False,True,False,True,False,False,True,False,False,False,True,True,False,False,False,False,True,False,False,True,False,True,False,False,False,True,False,True,False,False,False,True,False,True,False,False,False,True,False,False,True
democrat,False,False,True,False,False,True,False,False,True,False,True,False,False,False,True,False,False,True,False,False,True,False,False,True,False,False,True,False,False,True,False,False,True,False,True,False,False,False,True,False,False,True,False,True,False,True,False,False
democrat,False,False,True,False,False,True,False,True,False,False,False,True,False,False,True,False,False,True,False,True,False,False,True,False,False,True,False,False,True,False,False,False,True,False,True,False,False,False,True,False,False,True,False,True,False,True,False,False
democrat,False,False,True,False,False,True,False,False,True,False,True,False,False,False,True,False,False,True,False,True,False,False,False,True,False,False,True,False,False,True,False,False,True,False,True,False,False,True,False,False,True,False,False,True,False,False,False,True
democrat,False,False,True,False,False,True,False,False,True,False,False,True,False,False,True,False,False,True,False,True,False,False,True,False,False,True,False,False,True,False,False,False,True,False,False,True,False,False,True,False,False,True,False,True,False,False,False,True
democrat,False,False,True,False,False,True,False,True,False,False,True,False,False,False,True,False,False,True,False,True,False,False,True,False,False,True,False,False,True,False,False,False,True,False,False,True,False,False,True,False,False,True,False,False,True,False,True,False
democrat,False,True,False,True,False,False,False,False,True,False,True,False,False,False,True,False,False,True,False,True,False,False,False,True,False,True,False,False,True,False,False,False,True,False,True,False,False,True,False,False,True,False,False,True,False,True,False,False
democrat,False,False,True,False,False,True,False,False,True,False,True,False,False,False,True,False,False,True,False,True,False,False,False,True,False,False,True,False,True,False,False,False,True,False,True,False,False,True,False,False,False,True,False,True,False,True,False,False
democrat,False,True,False,False,False,True,False,False,True,False,False,True,False,False,True,False,False,True,False,True,False,False,True,False,False,True,False,False,True,False,False,True,False,False,False,True,False,False,True,False,False,True,False,True,False,True,False,False
democrat,False,False,True,False,True,False,False,False,True,False,True,False,False,True,False,False,True,False,False,False,True,False,False,True,False,False,True,True,False,False,False,False,True,False,True,False,False,True,False,False,True,False,False,False,True,True,False,False
democrat,True,False,False,True,False,False,False,True,False,False,True,False,True,False,False,False,False,True,True,False,False,False,True,False,False,True,False,False,True,False,False,False,True,False,False,True,False,True,False,False,False,True,False,True,False,True,False,False
democrat,False,False,True,False,False,True,False,True,False,False,True,False,False,True,False,False,True,False,False,True,False,False,False,True,False,False,True,False,True,False,False,False,True,False,True,False,False,True,False,False,True,False,False,False,True,False,True,False
republican,False,False,True,False,False,True,False,True,False,False,False,True,False,False,True,False,False,True,False,True,False,False,True,False,False,True,False,False,True,False,False,False,True,False,False,True,False,False,True,False,False,True,False,True,False,False,False,True
republican,True,False,False,True,False,False,True,False,False,True,False,False,False,True,False,False,False,True,False,True,False,False,False,True,False,False,True,False,True,False,False,True,False,False,False,True,False,False,True,False,True,False,False,True,False,True,False,False
democrat,False,False,True,False,False,True,True,False,False,True,False,False,True,False,False,False,False,True,False,True,False,False,True,False,False,True,False,False,True,False,False,False,True,False,True,False,False,False,True,False,True,False,False,True,False,False,False,True
democrat,False,False,True,False,False,True,False,False,True,True,False,False,False,True,False,False,True,False,False,True,False,False,False,True,False,True,False,False,True,False,False,False,True,True,False,False,False,True,False,False,True,False,False,False,True,False,False,True
democrat,False,False,True,False,False,True,False,False,True,False,True,False,False,False,True,False,False,True,False,True,False,False,False,True,False,True,False,False,True,False,False,False,True,False,True,False,False,False,True,False,True,False,False,False,True,False,False,True
democrat,False,False,True,False,False,True,False,True,False,False,True,False,False,False,True,True,False,False,False,True,False,False,True,False,False,True,False,False,True,False,False,False,True,False,True,False,False,False,True,False,False,True,False,True,False,False,False,True
democrat,False,True,False,False,False,True,False,False,True,False,True,False,False,False,True,False,False,True,False,True,False,False,False,True,False,True,False,False,True,False,False,True,False,False,True,False,False,True,False,False,True,False,False,True,False,False,False,True
republican,False,True,False,False,False,True,False,True,False,False,False,True,True,False,False,False,False,True,False,True,False,False,True,False,False,True,False,False,False,True,False,True,False,False,False,True,False,False,True,False,False,True,False,True,False,False,True,False
republican,False,True,False,False,False,True,False,True,False,False,False,True,False,False,True,False,False,True,False,True,False,True,False,False,False,True,False,False,True,False,True,False,False,True,False,False,True,False,False,False,False,True,False,True,False,True,False,False
republican,False,True,False,False,False,True,False,True,False,False,False,True,False,False,True,False,False,True,False,True,False,False,True,False,False,True,False,False,False,True,False,False,True,False,False,True,False,False,True,False,False,True,False,True,False,False,True,False
republican,True,False,False,False,True,False,False,False,True,False,False,True,False,True,False,False,False,True,False,False,True,False,False,True,False,False,True,False,False,True,False,True,False,False,False,True,False,True,False,False,False,True,False,True,False,False,False,True
republican,False,True,False,False,False,True,False,True,False,False,False,True,False,False,True,False,False,True,False,True,False,False,True,False,False,True,False,False,False,True,False,True,False,False,False,True,True,False,False,False,False,True,False,True,False,False,True,False
republican,False,False,True,False,False,True,False,True,False,False,False,True,False,False,True,False,False,True,False,True,False,False,True,False,False,True,False,False,False,True,False,True,False,False,False,True,False,False,True,False,False,True,False,True,False,False,False,True
republican,False,True,False,False,True,False,False,True,False,False,False,True,False,False,True,False,False,True,False,True,False,False,True,False,False,True,False,False,True,False,False,True,False,False,False,True,False,False,True,False,False,True,False,True,False,False,False,True
democrat,False,False,True,False,True,False,False,False,True,False,True,False,False,False,True,False,False,True,False,True,False,False,True,False,False,False,True,False,False,True,False,True,False,False,True,False,False,False,True,False,False,True,False,True,False,False,False,True
democrat,False,True,False,False,True,False,False,True,False,False,False,True,False,False,True,False,False,True,False,True,False,False,True,False,False,True,False,False,True,False,False,False,True,False,False,True,False,False,True,False,False,True,False,True,False,False,True,False
democrat,False,False,True,False,True,False,False,False,True,False,True,False,False,True,False,False,False,True,False,False,True,False,False,True,False,False,True,False,True,False,False,True,False,False,False,True,True,False,False,False,False,True,False,False,True,False,False,True
republican,False,True,False,False,True,False,False,True,False,False,False,True,False,False,True,False,False,True,False,True,False,False,True,False,False,True,False,False,True,False,False,True,False,False,False,True,False,False,True,False,False,True,False,True,False,False,True,False
republican,False,True,False,False,True,False,False,True,False,False,False,True,False,False,True,False,False,True,False,True,False,False,True,False,False,True,False,False,True,False,False,False,True,False,False,True,False,False,True,False,False,True,False,True,False,False,False,True
democrat,False,False,True,False,True,False,False,False,True,False,True,False,False,True,False,False,False,True,False,False,True,False,False,True,False,False,True,False,False,True,False,False,True,False,True,False,False,True,False,False,True,False,False,True,False,False,False,True
republican,False,True,False,False,True,False,False,True,False,False,False,True,False,False,True,False,False,True,False,True,False,False,True,False,False,True,False,False,False,True,False,True,False,False,False,True,False,False,True,False,False,True,False,True,False,False,False,True
republican,False,False,True,False,False,True,False,False,True,False,False,True,False,False,True,False,False,True,False,False,True,False,False,True,False,True,False,False,False,True,True,False,False,True,False,False,True,False,False,False,False,True,False,True,False,False,False,True
democrat,False,False,True,False,False,True,False,False,True,False,True,False,False,True,False,False,True,False,False,False,True,False,False,True,False,False,True,False,True,False,False,True,False,False,True,False,False,True,False,False,True,False,False,True,False,False,False,True
democrat,False,True,False,False,False,True,False,False,True,False,True,False,False,True,False,False,False,True,False,False,True,False,False,True,True,False,False,False,False,True,False,True,False,False,True,False,False,True,False,False,True,False,False,True,False,False,False,True
republican,False,False,True,False,False,True,False,True,False,False,False,True,False,False,True,False,False,True,False,True,False,False,True,False,False,True,False,False,False,True,False,True,False,False,True,False,False,False,True,False,False,True,False,True,False,False,False,True
democrat,False,False,True,False,False,True,False,False,True,False,True,False,False,True,False,False,True,False,False,False,True,False,False,True,False,False,True,False,False,True,False,False,True,False,True,False,False,False,True,False,True,False,False,True,False,False,False,True
democrat,False,False,True,False,False,True,False,False,True,False,True,False,False,True,False,False,True,False,False,False,True,False,False,True,False,True,False,False,False,True,False,True,False,False,True,False,False,True,False,False,True,False,False,True,False,False,False,True
democrat,False,False,True,False,False,True,False,False,True,False,True,False,False,True,False,False,True,False,False,False,True,False,False,True,False,False,True,False,True,False,False,True,False,False,True,False,False,True,False,False,True,False,False,True,False,False,False,True
republican,False,False,True,False,False,True,False,False,True,False,False,True,False,False,True,False,False,True,False,False,True,False,False,True,False,True,False,False,False,True,False,True,False,False,True,False,False,False,True,False,False,True,False,True,False,False,False,True
democrat,False,True,False,False,False,True,False,False,True,False,True,False,False,False,True,False,False,True,False,False,True,False,False,True,False,True,False,False,True,False,False,False,True,False,True,False,False,False,True,False,True,False,False,False,True,False,False,True
democrat,False,True,False,False,True,False,False,False,True,False,True,False,False,True,False,False,False,True,False,False,True,False,False,True,False,False,True,False,True,False,False,False,True,False,True,False,False,True,False,False,True,False,False,False,True,False,False,True
democrat,False,True,False,False,False,True,False,False,True,False,True,False,False,True,False,False,False,True,False,False,True,False,False,True,False,False,True,False,True,False,False,False,True,False,True,False,False,True,False,False,False,True,False,False,True,False,False,True
democrat,False,True,False,False,False,True,False,False,True,False,True,False,False,True,False,True,False,False,False,False,True,False,False,True,False,False,True,False,False,True,False,False,True,False,True,False,True,False,False,False,False,True,False,False,True,False,False,True
democrat,False,True,False,False,True,False,False,False,True,False,True,False,False,True,False,False,True,False,False,False,True,False,False,True,False,True,False,False,False,True,False,False,True,False,True,False,False,True,False,False,True,False,False,False,True,True,False,False
democrat,False,False,True,False,True,False,False,False,True,False,True,False,False,True,False,False,True,False,False,False,True,False,False,True,False,False,True,False,False,True,False,True,False,False,True,False,False,True,False,False,True,False,False,False,True,False,False,True
republican,False,True,False,False,True,False,False,True,False,False,False,True,False,False,True,False,False,True,False,False,True,False,False,True,False,True,False,False,False,True,False,True,False,False,False,True,False,False,True,False,False,True,False,True,False,False,False,True
democrat,True,False,False,True,False,False,True,False,False,False,True,False,False,True,False,False,True,False,False,False,True,False,False,True,False,False,True,False,False,True,False,True,False,False,True,False,False,False,True,False,True,False,False,False,True,False,False,True
democrat,False,False,True,False,True,False,False,False,True,False,True,False,True,False,False,False,True,False,False,False,True,False,False,True,False,False,True,False,False,True,False,True,False,False,False,True,False,True,False,True,False,False,False,False,True,False,False,True
republican,False,True,False,False,True,False,False,False,True,False,False,True,False,False,True,False,False,True,False,True,False,False,True,False,False,False,True,False,False,True,False,True,False,False,False,True,False,False,True,False,False,True,False,True,False,False,False,True
democrat,False,True,False,False,True,False,False,False,True,False,True,False,False,True,False,False,True,False,False,False,True,False,False,True,False,False,True,False,False,True,False,True,False,False,True,False,False,True,False,False,True,False,False,True,False,False,False,True
republican,False,True,False,True,False,False,False,True,False,False,False,True,False,False,True,False,False,True,False,True,False,False,True,False,False,True,False,False,True,False,False,False,True,False,False,True,False,False,True,False,False,True,False,True,False,False,False,True
republican,False,True,False,False,True,False,False,True,False,False,False,True,False,False,True,False,False,True,True,False,False,True,False,False,True,False,False,True,False,False,False,True,False,False,False,True,False,False,True,False,False,True,False,True,False,False,False,True
republican,False,True,False,False,False,True,False,True,False,False,False,True,False,False,True,False,False,True,False,True,False,False,True,False,False,True,False,False,False,True,False,True,False,False,False,True,False,False,True,False,False,True,True,False,False,False,True,False
